panel_gene,hgnc_symbol,symbol_status,hgnc_id,panel_item_count,genie_source_rows,fulgent_symbol,fulgent_source_rows,jeen_symbol,jeen_source_rows,fulgent_mapping_status,hgnc_source_url,applicability_boundary
AAAS,AAAS,現行符號,HGNC:13666,1,2,AAAS,2,AAAS,2,名稱找到,https://www.genenames.org/data/gene-symbol-report/#!/hgnc_id/HGNC:13666,僅基因身分對接；疾病及頻率另審
ABCA12,ABCA12,現行符號,HGNC:14637,1,3,ABCA12,3,ABCA12,3,名稱找到,https://www.genenames.org/data/gene-symbol-report/#!/hgnc_id/HGNC:14637,僅基因身分對接；疾病及頻率另審
ABCA3,ABCA3,現行符號,HGNC:33,1,4,ABCA3,4,ABCA3,4,名稱找到,https://www.genenames.org/data/gene-symbol-report/#!/hgnc_id/HGNC:33,僅基因身分對接；疾病及頻率另審
ABCA4,ABCA4,現行符號,HGNC:34,2,5,ABCA4,5,ABCA4,5; 6; 7; 8; 9; 10; 11; 12; 13,名稱找到,https://www.genenames.org/data/gene-symbol-report/#!/hgnc_id/HGNC:34,僅基因身分對接；疾病及頻率另審
ABCB11,ABCB11,現行符號,HGNC:42,1,6,ABCB11,6,ABCB11,14,名稱找到,https://www.genenames.org/data/gene-symbol-report/#!/hgnc_id/HGNC:42,僅基因身分對接；疾病及頻率另審
ABCB4,ABCB4,現行符號,HGNC:45,1,7,ABCB4,7,ABCB4,15,名稱找到,https://www.genenames.org/data/gene-symbol-report/#!/hgnc_id/HGNC:45,僅基因身分對接；疾病及頻率另審
ABCC2,ABCC2,現行符號,HGNC:53,1,8,ABCC2,8,ABCC2,16,名稱找到,https://www.genenames.org/data/gene-symbol-report/#!/hgnc_id/HGNC:53,僅基因身分對接；疾病及頻率另審
ABCC6,ABCC6,現行符號,HGNC:57,1,9,,,ABCC6,17,未找到,https://www.genenames.org/data/gene-symbol-report/#!/hgnc_id/HGNC:57,僅基因身分對接；疾病及頻率另審
ABCC8,ABCC8,現行符號,HGNC:59,1,10,ABCC8,9; 10; 11; 12,ABCC8,18,名稱找到,https://www.genenames.org/data/gene-symbol-report/#!/hgnc_id/HGNC:59,僅基因身分對接；疾病及頻率另審
ABCD1,ABCD1,現行符號,HGNC:61,1,11,ABCD1,13,ABCD1,19,名稱找到,https://www.genenames.org/data/gene-symbol-report/#!/hgnc_id/HGNC:61,僅基因身分對接；疾病及頻率另審
ABCD4,ABCD4,現行符號,HGNC:68,1,12,ABCD4,14,ABCD4,20,名稱找到,https://www.genenames.org/data/gene-symbol-report/#!/hgnc_id/HGNC:68,僅基因身分對接；疾病及頻率另審
ABCG5,ABCG5,現行符號,HGNC:13886,1,13,,,ABCG5,21,未找到,https://www.genenames.org/data/gene-symbol-report/#!/hgnc_id/HGNC:13886,僅基因身分對接；疾病及頻率另審
ABCG8,ABCG8,現行符號,HGNC:13887,1,14,,,,,未找到,https://www.genenames.org/data/gene-symbol-report/#!/hgnc_id/HGNC:13887,僅基因身分對接；疾病及頻率另審
ABHD12,ABHD12,現行符號,HGNC:15868,1,15,,,,,未找到,https://www.genenames.org/data/gene-symbol-report/#!/hgnc_id/HGNC:15868,僅基因身分對接；疾病及頻率另審
ACAD9,ACAD9,現行符號,HGNC:21497,1,16,ACAD9,15,ACAD9,22,名稱找到,https://www.genenames.org/data/gene-symbol-report/#!/hgnc_id/HGNC:21497,僅基因身分對接；疾病及頻率另審
ACADM,ACADM,現行符號,HGNC:89,1,17,ACADM,16; 17; 18; 19,ACADM,23,名稱找到,https://www.genenames.org/data/gene-symbol-report/#!/hgnc_id/HGNC:89,僅基因身分對接；疾病及頻率另審
ACADS,ACADS,現行符號,HGNC:90,1,18,ACADS,20; 21; 22; 23; 24,ACADS,24,名稱找到,https://www.genenames.org/data/gene-symbol-report/#!/hgnc_id/HGNC:90,僅基因身分對接；疾病及頻率另審
ACADSB,ACADSB,現行符號,HGNC:91,1,19,ACADSB,25; 26,ACADSB,25,名稱找到,https://www.genenames.org/data/gene-symbol-report/#!/hgnc_id/HGNC:91,僅基因身分對接；疾病及頻率另審
ACADVL,ACADVL,現行符號,HGNC:92,1,20,ACADVL,27; 28; 29; 30,ACADVL,26; 27; 28; 29; 30; 31; 32,名稱找到,https://www.genenames.org/data/gene-symbol-report/#!/hgnc_id/HGNC:92,僅基因身分對接；疾病及頻率另審
ACAT1,ACAT1,現行符號,HGNC:93,1,21,ACAT1,31,ACAT1,33,名稱找到,https://www.genenames.org/data/gene-symbol-report/#!/hgnc_id/HGNC:93,僅基因身分對接；疾病及頻率另審
ACOX1,ACOX1,現行符號,HGNC:119,1,22,ACOX1,32,ACOX1,34,名稱找到,https://www.genenames.org/data/gene-symbol-report/#!/hgnc_id/HGNC:119,僅基因身分對接；疾病及頻率另審
ACSF3,ACSF3,現行符號,HGNC:27288,1,23,ACSF3,33,ACSF3,35,名稱找到,https://www.genenames.org/data/gene-symbol-report/#!/hgnc_id/HGNC:27288,僅基因身分對接；疾病及頻率另審
ADA,ADA,現行符號,HGNC:186,1,24,ADA,34,ADA,36; 37; 38; 39; 40; 41; 42; 43,名稱找到,https://www.genenames.org/data/gene-symbol-report/#!/hgnc_id/HGNC:186,僅基因身分對接；疾病及頻率另審
ADAM9,ADAM9,現行符號,HGNC:216,1,25,,,,,未找到,https://www.genenames.org/data/gene-symbol-report/#!/hgnc_id/HGNC:216,僅基因身分對接；疾病及頻率另審
ADAMTS13,ADAMTS13,現行符號,HGNC:1366,1,26,,,ADAMTS13,44,未找到,https://www.genenames.org/data/gene-symbol-report/#!/hgnc_id/HGNC:1366,僅基因身分對接；疾病及頻率另審
ADAMTS2,ADAMTS2,現行符號,HGNC:218,1,27,ADAMTS2,35; 36,ADAMTS2,45,名稱找到,https://www.genenames.org/data/gene-symbol-report/#!/hgnc_id/HGNC:218,僅基因身分對接；疾病及頻率另審
ADAMTSL4,ADAMTSL4,現行符號,HGNC:19706,1,28,ADAMTSL4,37,ADAMTSL4,46,名稱找到,https://www.genenames.org/data/gene-symbol-report/#!/hgnc_id/HGNC:19706,僅基因身分對接；疾病及頻率另審
ADGRG1,ADGRG1,現行符號,HGNC:4512,1,29,ADGRG1,38,ADGRG1,47,名稱找到,https://www.genenames.org/data/gene-symbol-report/#!/hgnc_id/HGNC:4512,僅基因身分對接；疾病及頻率另審
ADGRV1,ADGRV1,現行符號,HGNC:17416,1,30,ADGRV1,39,ADGRV1,48,名稱找到,https://www.genenames.org/data/gene-symbol-report/#!/hgnc_id/HGNC:17416,僅基因身分對接；疾病及頻率另審
ADK,ADK,現行符號,HGNC:257,1,31,ADK,40,ADK,49,名稱找到,https://www.genenames.org/data/gene-symbol-report/#!/hgnc_id/HGNC:257,僅基因身分對接；疾病及頻率另審
AFF2,AFF2,現行符號,HGNC:3776,1,32,AFF2,41,AFF2,50,名稱找到,https://www.genenames.org/data/gene-symbol-report/#!/hgnc_id/HGNC:3776,僅基因身分對接；疾病及頻率另審
AGA,AGA,現行符號,HGNC:318,1,33,AGA,42; 43,AGA,51,名稱找到,https://www.genenames.org/data/gene-symbol-report/#!/hgnc_id/HGNC:318,僅基因身分對接；疾病及頻率另審
AGL,AGL,現行符號,HGNC:321,1,34,AGL,44; 45; 46; 47,AGL,52,名稱找到,https://www.genenames.org/data/gene-symbol-report/#!/hgnc_id/HGNC:321,僅基因身分對接；疾病及頻率另審
AGPS,AGPS,現行符號,HGNC:327,1,35,AGPS,49,AGPS,53,名稱找到,https://www.genenames.org/data/gene-symbol-report/#!/hgnc_id/HGNC:327,僅基因身分對接；疾病及頻率另審
AGXT,AGXT,現行符號,HGNC:341,1,36,AGXT,50; 51,AGXT,54,名稱找到,https://www.genenames.org/data/gene-symbol-report/#!/hgnc_id/HGNC:341,僅基因身分對接；疾病及頻率另審
AHCY,AHCY,現行符號,HGNC:343,1,37,AHCY,52,AHCY,55,名稱找到,https://www.genenames.org/data/gene-symbol-report/#!/hgnc_id/HGNC:343,僅基因身分對接；疾病及頻率另審
AHI1,AHI1,現行符號,HGNC:21575,1,38,AHI1,53,AHI1,56,名稱找到,https://www.genenames.org/data/gene-symbol-report/#!/hgnc_id/HGNC:21575,僅基因身分對接；疾病及頻率另審
AIMP1,AIMP1,現行符號,HGNC:10648,1,39,AIMP1,55,AIMP1,57,名稱找到,https://www.genenames.org/data/gene-symbol-report/#!/hgnc_id/HGNC:10648,僅基因身分對接；疾病及頻率另審
AIPL1,AIPL1,現行符號,HGNC:359,1,40,AIPL1,56,AIPL1,58; 59; 60; 61; 62; 63,名稱找到,https://www.genenames.org/data/gene-symbol-report/#!/hgnc_id/HGNC:359,僅基因身分對接；疾病及頻率另審
AIRE,AIRE,現行符號,HGNC:360,1,41,AIRE,57; 58,AIRE,64,名稱找到,https://www.genenames.org/data/gene-symbol-report/#!/hgnc_id/HGNC:360,僅基因身分對接；疾病及頻率另審
ALDH3A2,ALDH3A2,現行符號,HGNC:403,1,42,ALDH3A2,61,ALDH3A2,65,名稱找到,https://www.genenames.org/data/gene-symbol-report/#!/hgnc_id/HGNC:403,僅基因身分對接；疾病及頻率另審
ALDH4A1,ALDH4A1,現行符號,HGNC:406,1,43,ALDH4A1,62,ALDH4A1,66,名稱找到,https://www.genenames.org/data/gene-symbol-report/#!/hgnc_id/HGNC:406,僅基因身分對接；疾病及頻率另審
ALDH7A1,ALDH7A1,現行符號,HGNC:877,1,44,ALDH7A1,63,ALDH7A1,67,名稱找到,https://www.genenames.org/data/gene-symbol-report/#!/hgnc_id/HGNC:877,僅基因身分對接；疾病及頻率另審
ALDOB,ALDOB,現行符號,HGNC:417,1,45,ALDOB,64; 65; 66; 67,ALDOB,68,名稱找到,https://www.genenames.org/data/gene-symbol-report/#!/hgnc_id/HGNC:417,僅基因身分對接；疾病及頻率另審
ALG1,ALG1,現行符號,HGNC:18294,1,46,ALG1,68,ALG1,69,名稱找到,https://www.genenames.org/data/gene-symbol-report/#!/hgnc_id/HGNC:18294,僅基因身分對接；疾病及頻率另審
ALG13,ALG13,現行符號,HGNC:30881,1,47,ALG13,72,ALG13,70,名稱找到,https://www.genenames.org/data/gene-symbol-report/#!/hgnc_id/HGNC:30881,僅基因身分對接；疾病及頻率另審
ALG6,ALG6,現行符號,HGNC:23157,1,48,ALG6,70,ALG6,71,名稱找到,https://www.genenames.org/data/gene-symbol-report/#!/hgnc_id/HGNC:23157,僅基因身分對接；疾病及頻率另審
ALMS1,ALMS1,現行符號,HGNC:428,1,49,ALMS1,73,ALMS1,72,名稱找到,https://www.genenames.org/data/gene-symbol-report/#!/hgnc_id/HGNC:428,僅基因身分對接；疾病及頻率另審
ALPL,ALPL,現行符號,HGNC:438,1,50,ALPL,76; 77; 78,ALPL,73,名稱找到,https://www.genenames.org/data/gene-symbol-report/#!/hgnc_id/HGNC:438,僅基因身分對接；疾病及頻率另審
AMN,AMN,現行符號,HGNC:14604,1,51,AMN,81,AMN,74,名稱找到,https://www.genenames.org/data/gene-symbol-report/#!/hgnc_id/HGNC:14604,僅基因身分對接；疾病及頻率另審
AMT,AMT,現行符號,HGNC:473,1,52,AMT,83; 84,AMT,75,名稱找到,https://www.genenames.org/data/gene-symbol-report/#!/hgnc_id/HGNC:473,僅基因身分對接；疾病及頻率另審
ANO10,ANO10,現行符號,HGNC:25519,1,53,ANO10,85,ANO10,76,名稱找到,https://www.genenames.org/data/gene-symbol-report/#!/hgnc_id/HGNC:25519,僅基因身分對接；疾病及頻率另審
AP1S1,AP1S1,現行符號,HGNC:559,1,54,AP1S1,88,AP1S1,77,名稱找到,https://www.genenames.org/data/gene-symbol-report/#!/hgnc_id/HGNC:559,僅基因身分對接；疾病及頻率另審
AP1S2,AP1S2,現行符號,HGNC:560,1,55,AP1S2,89,AP1S2,78,名稱找到,https://www.genenames.org/data/gene-symbol-report/#!/hgnc_id/HGNC:560,僅基因身分對接；疾病及頻率另審
AQP2,AQP2,現行符號,HGNC:634,1,56,AQP2,93; 94,AQP2,79,名稱找到,https://www.genenames.org/data/gene-symbol-report/#!/hgnc_id/HGNC:634,僅基因身分對接；疾病及頻率另審
AR,AR,現行符號,HGNC:644,1,57,AR,95,AR,80,名稱找到,https://www.genenames.org/data/gene-symbol-report/#!/hgnc_id/HGNC:644,僅基因身分對接；疾病及頻率另審
ARG1,ARG1,現行符號,HGNC:663,1,58,ARG1,96,ARG1,81,名稱找到,https://www.genenames.org/data/gene-symbol-report/#!/hgnc_id/HGNC:663,僅基因身分對接；疾病及頻率另審
ARL13B,ARL13B,現行符號,HGNC:25419,1,59,ARL13B,97,ARL13B,82,名稱找到,https://www.genenames.org/data/gene-symbol-report/#!/hgnc_id/HGNC:25419,僅基因身分對接；疾病及頻率另審
ARL6,ARL6,現行符號,HGNC:13210,1,60,ARL6,98,ARL6,83,名稱找到,https://www.genenames.org/data/gene-symbol-report/#!/hgnc_id/HGNC:13210,僅基因身分對接；疾病及頻率另審
ARSA,ARSA,現行符號,HGNC:713,1,61,ARSA,99; 100; 101,ARSA,84,名稱找到,https://www.genenames.org/data/gene-symbol-report/#!/hgnc_id/HGNC:713,僅基因身分對接；疾病及頻率另審
ARSB,ARSB,現行符號,HGNC:714,1,62,ARSB,102; 103,ARSB,85,名稱找到,https://www.genenames.org/data/gene-symbol-report/#!/hgnc_id/HGNC:714,僅基因身分對接；疾病及頻率另審
ARSL,ARSL,現行符號,HGNC:719,1,63,ARSE,104,,,舊名稱補回,https://www.genenames.org/data/gene-symbol-report/#!/hgnc_id/HGNC:719,僅基因身分對接；疾病及頻率另審
ARX,ARX,現行符號,HGNC:18060,1,64,ARX,105,ARX,86,名稱找到,https://www.genenames.org/data/gene-symbol-report/#!/hgnc_id/HGNC:18060,僅基因身分對接；疾病及頻率另審
ASL,ASL,現行符號,HGNC:746,1,65,ASL,106,ASL,87,名稱找到,https://www.genenames.org/data/gene-symbol-report/#!/hgnc_id/HGNC:746,僅基因身分對接；疾病及頻率另審
ASNS,ASNS,現行符號,HGNC:753,1,66,ASNS,107; 108,ASNS,88,名稱找到,https://www.genenames.org/data/gene-symbol-report/#!/hgnc_id/HGNC:753,僅基因身分對接；疾病及頻率另審
ASPA,ASPA,現行符號,HGNC:756,1,67,ASPA,109; 110,ASPA,89,名稱找到,https://www.genenames.org/data/gene-symbol-report/#!/hgnc_id/HGNC:756,僅基因身分對接；疾病及頻率另審
ASS1,ASS1,現行符號,HGNC:758,1,68,ASS1,111; 112,ASS1,90,名稱找到,https://www.genenames.org/data/gene-symbol-report/#!/hgnc_id/HGNC:758,僅基因身分對接；疾病及頻率另審
ATM,ATM,現行符號,HGNC:795,1,69,ATM,113,ATM,91; 92; 93; 94; 95; 96; 97,名稱找到,https://www.genenames.org/data/gene-symbol-report/#!/hgnc_id/HGNC:795,僅基因身分對接；疾病及頻率另審
ATP6V1B1,ATP6V1B1,現行符號,HGNC:853,1,70,ATP6V1B1,117,ATP6V1B1,98,名稱找到,https://www.genenames.org/data/gene-symbol-report/#!/hgnc_id/HGNC:853,僅基因身分對接；疾病及頻率另審
ATP7A,ATP7A,現行符號,HGNC:869,2,71,ATP7A,119,ATP7A,99,名稱找到,https://www.genenames.org/data/gene-symbol-report/#!/hgnc_id/HGNC:869,僅基因身分對接；疾病及頻率另審
ATP7B,ATP7B,現行符號,HGNC:870,1,72,ATP7B,120; 121; 122,ATP7B,100,名稱找到,https://www.genenames.org/data/gene-symbol-report/#!/hgnc_id/HGNC:870,僅基因身分對接；疾病及頻率另審
ATP8B1,ATP8B1,現行符號,HGNC:3706,1,73,ATP8B1,123,ATP8B1,101,名稱找到,https://www.genenames.org/data/gene-symbol-report/#!/hgnc_id/HGNC:3706,僅基因身分對接；疾病及頻率另審
ATRX,ATRX,現行符號,HGNC:886,1,74,ATRX,124,ATRX,102,名稱找到,https://www.genenames.org/data/gene-symbol-report/#!/hgnc_id/HGNC:886,僅基因身分對接；疾病及頻率另審
AVPR2,AVPR2,現行符號,HGNC:897,1,75,AVPR2,125,AVPR2,103,名稱找到,https://www.genenames.org/data/gene-symbol-report/#!/hgnc_id/HGNC:897,僅基因身分對接；疾病及頻率另審
BBS1,BBS1,現行符號,HGNC:966,1,76,BBS1,128,BBS1,104,名稱找到,https://www.genenames.org/data/gene-symbol-report/#!/hgnc_id/HGNC:966,僅基因身分對接；疾病及頻率另審
BBS10,BBS10,現行符號,HGNC:26291,1,77,BBS10,129,BBS10,105,名稱找到,https://www.genenames.org/data/gene-symbol-report/#!/hgnc_id/HGNC:26291,僅基因身分對接；疾病及頻率另審
BBS12,BBS12,現行符號,HGNC:26648,1,78,BBS12,130,BBS12,106,名稱找到,https://www.genenames.org/data/gene-symbol-report/#!/hgnc_id/HGNC:26648,僅基因身分對接；疾病及頻率另審
BBS2,BBS2,現行符號,HGNC:967,1,79,BBS2,131; 132,BBS2,107,名稱找到,https://www.genenames.org/data/gene-symbol-report/#!/hgnc_id/HGNC:967,僅基因身分對接；疾病及頻率另審
BBS4,BBS4,現行符號,HGNC:969,1,80,BBS4,133,BBS4,108,名稱找到,https://www.genenames.org/data/gene-symbol-report/#!/hgnc_id/HGNC:969,僅基因身分對接；疾病及頻率另審
BBS5,BBS5,現行符號,HGNC:970,1,81,BBS5,134,BBS5,109,名稱找到,https://www.genenames.org/data/gene-symbol-report/#!/hgnc_id/HGNC:970,僅基因身分對接；疾病及頻率另審
BBS7,BBS7,現行符號,HGNC:18758,1,82,BBS7,135,BBS7,110,名稱找到,https://www.genenames.org/data/gene-symbol-report/#!/hgnc_id/HGNC:18758,僅基因身分對接；疾病及頻率另審
BBS9,BBS9,現行符號,HGNC:30000,1,83,BBS9,136,BBS9,111,名稱找到,https://www.genenames.org/data/gene-symbol-report/#!/hgnc_id/HGNC:30000,僅基因身分對接；疾病及頻率另審
BCHE,BCHE,現行符號,HGNC:983,1,84,BCHE,137,BCHE,112,名稱找到,https://www.genenames.org/data/gene-symbol-report/#!/hgnc_id/HGNC:983,僅基因身分對接；疾病及頻率另審
BCKDHA,BCKDHA,現行符號,HGNC:986,1,85,BCKDHA,138; 139,BCKDHA,113,名稱找到,https://www.genenames.org/data/gene-symbol-report/#!/hgnc_id/HGNC:986,僅基因身分對接；疾病及頻率另審
BCKDHB,BCKDHB,現行符號,HGNC:987,1,86,BCKDHB,140; 141,BCKDHB,114,名稱找到,https://www.genenames.org/data/gene-symbol-report/#!/hgnc_id/HGNC:987,僅基因身分對接；疾病及頻率另審
BCS1L,BCS1L,現行符號,HGNC:1020,1,87,BCS1L,142,BCS1L,115,名稱找到,https://www.genenames.org/data/gene-symbol-report/#!/hgnc_id/HGNC:1020,僅基因身分對接；疾病及頻率另審
BLM,BLM,現行符號,HGNC:1058,1,88,BLM,143; 144,BLM,116,名稱找到,https://www.genenames.org/data/gene-symbol-report/#!/hgnc_id/HGNC:1058,僅基因身分對接；疾病及頻率另審
BLOC1S3,BLOC1S3,現行符號,HGNC:20914,1,89,BLOC1S3,145,BLOC1S3,117,名稱找到,https://www.genenames.org/data/gene-symbol-report/#!/hgnc_id/HGNC:20914,僅基因身分對接；疾病及頻率另審
BLOC1S6,BLOC1S6,現行符號,HGNC:8549,1,90,BLOC1S6,146,BLOC1S6,118,名稱找到,https://www.genenames.org/data/gene-symbol-report/#!/hgnc_id/HGNC:8549,僅基因身分對接；疾病及頻率另審
BMP1,BMP1,現行符號,HGNC:1067,1,91,BMP1,147,BMP1,119,名稱找到,https://www.genenames.org/data/gene-symbol-report/#!/hgnc_id/HGNC:1067,僅基因身分對接；疾病及頻率另審
BRIP1,BRIP1,現行符號,HGNC:20473,1,92,BRIP1,149,BRIP1,120,名稱找到,https://www.genenames.org/data/gene-symbol-report/#!/hgnc_id/HGNC:20473,僅基因身分對接；疾病及頻率另審
BRWD3,BRWD3,現行符號,HGNC:17342,1,93,BRWD3,150,BRWD3,121,名稱找到,https://www.genenames.org/data/gene-symbol-report/#!/hgnc_id/HGNC:17342,僅基因身分對接；疾病及頻率另審
BSND,BSND,現行符號,HGNC:16512,1,94,BSND,151,BSND,122,名稱找到,https://www.genenames.org/data/gene-symbol-report/#!/hgnc_id/HGNC:16512,僅基因身分對接；疾病及頻率另審
BTD,BTD,現行符號,HGNC:1122,1,95,BTD,152; 153; 154; 155,BTD,123,名稱找到,https://www.genenames.org/data/gene-symbol-report/#!/hgnc_id/HGNC:1122,僅基因身分對接；疾病及頻率另審
BTK,BTK,現行符號,HGNC:1133,1,96,BTK,156,BTK,124,名稱找到,https://www.genenames.org/data/gene-symbol-report/#!/hgnc_id/HGNC:1133,僅基因身分對接；疾病及頻率另審
CAD,CAD,現行符號,HGNC:1424,1,97,CAD,159,CAD,125,名稱找到,https://www.genenames.org/data/gene-symbol-report/#!/hgnc_id/HGNC:1424,僅基因身分對接；疾病及頻率另審
CANT1,CANT1,現行符號,HGNC:19721,1,98,CANT1,160,CANT1,126,名稱找到,https://www.genenames.org/data/gene-symbol-report/#!/hgnc_id/HGNC:19721,僅基因身分對接；疾病及頻率另審
CAPN3,CAPN3,現行符號,HGNC:1480,1,99,CAPN3,161; 162,CAPN3,127; 128; 129; 130; 131; 132; 133; 134,名稱找到,https://www.genenames.org/data/gene-symbol-report/#!/hgnc_id/HGNC:1480,僅基因身分對接；疾病及頻率另審
CASQ2,CASQ2,現行符號,HGNC:1513,1,100,CASQ2,164,CASQ2,135,名稱找到,https://www.genenames.org/data/gene-symbol-report/#!/hgnc_id/HGNC:1513,僅基因身分對接；疾病及頻率另審
CBS,CBS,現行符號,HGNC:1550,1,101,CBS,167; 168; 169,CBS,136,名稱找到,https://www.genenames.org/data/gene-symbol-report/#!/hgnc_id/HGNC:1550,僅基因身分對接；疾病及頻率另審
CC2D1A,CC2D1A,現行符號,HGNC:30237,1,102,CC2D1A,170,CC2D1A,137,名稱找到,https://www.genenames.org/data/gene-symbol-report/#!/hgnc_id/HGNC:30237,僅基因身分對接；疾病及頻率另審
CC2D2A,CC2D2A,現行符號,HGNC:29253,1,103,CC2D2A,171,CC2D2A,138,名稱找到,https://www.genenames.org/data/gene-symbol-report/#!/hgnc_id/HGNC:29253,僅基因身分對接；疾病及頻率另審
CCDC39,CCDC39,現行符號,HGNC:25244,1,104,CCDC39,174,CCDC39,139,名稱找到,https://www.genenames.org/data/gene-symbol-report/#!/hgnc_id/HGNC:25244,僅基因身分對接；疾病及頻率另審
CCDC88C,CCDC88C,現行符號,HGNC:19967,1,105,CCDC88C,176,CCDC88C,140,名稱找到,https://www.genenames.org/data/gene-symbol-report/#!/hgnc_id/HGNC:19967,僅基因身分對接；疾病及頻率另審
CCN6,CCN6,現行符號,HGNC:12771,1,106,WISP3,1083,,,舊名稱補回,https://www.genenames.org/data/gene-symbol-report/#!/hgnc_id/HGNC:12771,僅基因身分對接；疾病及頻率另審
CD3D,CD3D,現行符號,HGNC:1673,1,107,CD3D,178,CD3D,141,名稱找到,https://www.genenames.org/data/gene-symbol-report/#!/hgnc_id/HGNC:1673,僅基因身分對接；疾病及頻率另審
CD3E,CD3E,現行符號,HGNC:1674,1,108,CD3E,179,CD3E,142,名稱找到,https://www.genenames.org/data/gene-symbol-report/#!/hgnc_id/HGNC:1674,僅基因身分對接；疾病及頻率另審
CD40,CD40,現行符號,HGNC:11919,1,109,CD40,181,CD40,143,名稱找到,https://www.genenames.org/data/gene-symbol-report/#!/hgnc_id/HGNC:11919,僅基因身分對接；疾病及頻率另審
CD40LG,CD40LG,現行符號,HGNC:11935,1,110,CD40LG,182,CD40LG,144,名稱找到,https://www.genenames.org/data/gene-symbol-report/#!/hgnc_id/HGNC:11935,僅基因身分對接；疾病及頻率另審
CD59,CD59,現行符號,HGNC:1689,1,111,CD59,183,CD59,145,名稱找到,https://www.genenames.org/data/gene-symbol-report/#!/hgnc_id/HGNC:1689,僅基因身分對接；疾病及頻率另審
CDH23,CDH23,現行符號,HGNC:13733,1,112,CDH23,187,CDH23,146; 147; 148; 149; 150,名稱找到,https://www.genenames.org/data/gene-symbol-report/#!/hgnc_id/HGNC:13733,僅基因身分對接；疾病及頻率另審
CEP152,CEP152,現行符號,HGNC:29298,1,113,CEP152,189,CEP152,151,名稱找到,https://www.genenames.org/data/gene-symbol-report/#!/hgnc_id/HGNC:29298,僅基因身分對接；疾病及頻率另審
CEP250,CEP250,現行符號,HGNC:1859,1,114,,,,,未找到,https://www.genenames.org/data/gene-symbol-report/#!/hgnc_id/HGNC:1859,僅基因身分對接；疾病及頻率另審
CEP290,CEP290,現行符號,HGNC:29021,1,115,CEP290,190,CEP290,152,名稱找到,https://www.genenames.org/data/gene-symbol-report/#!/hgnc_id/HGNC:29021,僅基因身分對接；疾病及頻率另審
CEP78,CEP78,現行符號,HGNC:25740,1,116,,,,,未找到,https://www.genenames.org/data/gene-symbol-report/#!/hgnc_id/HGNC:25740,僅基因身分對接；疾病及頻率另審
CERKL,CERKL,現行符號,HGNC:21699,1,117,CERKL,191,CERKL,153,名稱找到,https://www.genenames.org/data/gene-symbol-report/#!/hgnc_id/HGNC:21699,僅基因身分對接；疾病及頻率另審
CFAP418,CFAP418,現行符號,HGNC:27232,1,118,C8orf37,158,,,舊名稱補回,https://www.genenames.org/data/gene-symbol-report/#!/hgnc_id/HGNC:27232,僅基因身分對接；疾病及頻率另審
CFTR,CFTR,現行符號,HGNC:1884,1,119,CFTR,193; 194; 195; 196; 197; 198,CFTR,154; 155; 156; 157,名稱找到,https://www.genenames.org/data/gene-symbol-report/#!/hgnc_id/HGNC:1884,僅基因身分對接；疾病及頻率另審
CHAT,CHAT,現行符號,HGNC:1912,1,120,CHAT,199,CHAT,158,名稱找到,https://www.genenames.org/data/gene-symbol-report/#!/hgnc_id/HGNC:1912,僅基因身分對接；疾病及頻率另審
CHM,CHM,現行符號,HGNC:1940,1,121,CHM,200,CHM,159,名稱找到,https://www.genenames.org/data/gene-symbol-report/#!/hgnc_id/HGNC:1940,僅基因身分對接；疾病及頻率另審
CHRNE,CHRNE,現行符號,HGNC:1966,1,122,CHRNE,202,CHRNE,160,名稱找到,https://www.genenames.org/data/gene-symbol-report/#!/hgnc_id/HGNC:1966,僅基因身分對接；疾病及頻率另審
CHRNG,CHRNG,現行符號,HGNC:1967,1,123,CHRNG,203,CHRNG,161,名稱找到,https://www.genenames.org/data/gene-symbol-report/#!/hgnc_id/HGNC:1967,僅基因身分對接；疾病及頻率另審
CHST6,CHST6,現行符號,HGNC:6938,1,124,CHST6,204,CHST6,162,名稱找到,https://www.genenames.org/data/gene-symbol-report/#!/hgnc_id/HGNC:6938,僅基因身分對接；疾病及頻率另審
CIITA,CIITA,現行符號,HGNC:7067,1,125,CIITA,206,CIITA,163,名稱找到,https://www.genenames.org/data/gene-symbol-report/#!/hgnc_id/HGNC:7067,僅基因身分對接；疾病及頻率另審
CLCN1,CLCN1,現行符號,HGNC:2019,1,126,CLCN1,208,CLCN1,164,名稱找到,https://www.genenames.org/data/gene-symbol-report/#!/hgnc_id/HGNC:2019,僅基因身分對接；疾病及頻率另審
CLCNKB,CLCNKB,現行符號,HGNC:2027,1,127,CLCNKB,210,CLCNKB,165,名稱找到,https://www.genenames.org/data/gene-symbol-report/#!/hgnc_id/HGNC:2027,僅基因身分對接；疾病及頻率另審
CLN3,CLN3,現行符號,HGNC:2074,1,128,CLN3,211; 212,CLN3,166,名稱找到,https://www.genenames.org/data/gene-symbol-report/#!/hgnc_id/HGNC:2074,僅基因身分對接；疾病及頻率另審
CLN5,CLN5,現行符號,HGNC:2076,1,129,CLN5,213; 214,CLN5,167,名稱找到,https://www.genenames.org/data/gene-symbol-report/#!/hgnc_id/HGNC:2076,僅基因身分對接；疾病及頻率另審
CLN6,CLN6,現行符號,HGNC:2077,1,130,CLN6,215,CLN6,168,名稱找到,https://www.genenames.org/data/gene-symbol-report/#!/hgnc_id/HGNC:2077,僅基因身分對接；疾病及頻率另審
CLN8,CLN8,現行符號,HGNC:2079,1,131,CLN8,216; 217,CLN8,169,名稱找到,https://www.genenames.org/data/gene-symbol-report/#!/hgnc_id/HGNC:2079,僅基因身分對接；疾病及頻率另審
CLRN1,CLRN1,現行符號,HGNC:12605,1,132,CLRN1,219; 220; 221,CLRN1,170,名稱找到,https://www.genenames.org/data/gene-symbol-report/#!/hgnc_id/HGNC:12605,僅基因身分對接；疾病及頻率另審
CNGA1,CNGA1,現行符號,HGNC:2148,1,133,,,CNGA1,171,未找到,https://www.genenames.org/data/gene-symbol-report/#!/hgnc_id/HGNC:2148,僅基因身分對接；疾病及頻率另審
CNGA3,CNGA3,現行符號,HGNC:2150,1,134,CNGA3,222,CNGA3,172,名稱找到,https://www.genenames.org/data/gene-symbol-report/#!/hgnc_id/HGNC:2150,僅基因身分對接；疾病及頻率另審
CNGB1,CNGB1,現行符號,HGNC:2151,1,135,CNGB1,223,CNGB1,173,名稱找到,https://www.genenames.org/data/gene-symbol-report/#!/hgnc_id/HGNC:2151,僅基因身分對接；疾病及頻率另審
CNGB3,CNGB3,現行符號,HGNC:2153,1,136,CNGB3,224; 225,CNGB3,174,名稱找到,https://www.genenames.org/data/gene-symbol-report/#!/hgnc_id/HGNC:2153,僅基因身分對接；疾病及頻率另審
COL11A2,COL11A2,現行符號,HGNC:2187,1,137,COL11A2,228,COL11A2,175,名稱找到,https://www.genenames.org/data/gene-symbol-report/#!/hgnc_id/HGNC:2187,僅基因身分對接；疾病及頻率另審
COL17A1,COL17A1,現行符號,HGNC:2194,1,138,COL17A1,229,COL17A1,176,名稱找到,https://www.genenames.org/data/gene-symbol-report/#!/hgnc_id/HGNC:2194,僅基因身分對接；疾病及頻率另審
COL1A2,COL1A2,現行符號,HGNC:2198,1,139,,,COL1A2,177,未找到,https://www.genenames.org/data/gene-symbol-report/#!/hgnc_id/HGNC:2198,僅基因身分對接；疾病及頻率另審
COL27A1,COL27A1,現行符號,HGNC:22986,1,140,COL27A1,230,COL27A1,178,名稱找到,https://www.genenames.org/data/gene-symbol-report/#!/hgnc_id/HGNC:22986,僅基因身分對接；疾病及頻率另審
COL4A3,COL4A3,現行符號,HGNC:2204,1,141,COL4A3,231; 232,COL4A3,179,名稱找到,https://www.genenames.org/data/gene-symbol-report/#!/hgnc_id/HGNC:2204,僅基因身分對接；疾病及頻率另審
COL4A4,COL4A4,現行符號,HGNC:2206,1,142,COL4A4,233,COL4A4,180,名稱找到,https://www.genenames.org/data/gene-symbol-report/#!/hgnc_id/HGNC:2206,僅基因身分對接；疾病及頻率另審
COL4A5,COL4A5,現行符號,HGNC:2207,1,143,COL4A5,234,COL4A5,181,名稱找到,https://www.genenames.org/data/gene-symbol-report/#!/hgnc_id/HGNC:2207,僅基因身分對接；疾病及頻率另審
COL7A1,COL7A1,現行符號,HGNC:2214,1,144,COL7A1,238,COL7A1,182,名稱找到,https://www.genenames.org/data/gene-symbol-report/#!/hgnc_id/HGNC:2214,僅基因身分對接；疾病及頻率另審
COX15,COX15,現行符號,HGNC:2263,1,145,COX15,243,COX15,183,名稱找到,https://www.genenames.org/data/gene-symbol-report/#!/hgnc_id/HGNC:2263,僅基因身分對接；疾病及頻率另審
CPS1,CPS1,現行符號,HGNC:2323,1,146,CPS1,248,CPS1,184,名稱找到,https://www.genenames.org/data/gene-symbol-report/#!/hgnc_id/HGNC:2323,僅基因身分對接；疾病及頻率另審
CPT1A,CPT1A,現行符號,HGNC:2328,1,147,CPT1A,249; 250,CPT1A,185,名稱找到,https://www.genenames.org/data/gene-symbol-report/#!/hgnc_id/HGNC:2328,僅基因身分對接；疾病及頻率另審
CPT2,CPT2,現行符號,HGNC:2330,1,148,CPT2,251; 252,CPT2,186,名稱找到,https://www.genenames.org/data/gene-symbol-report/#!/hgnc_id/HGNC:2330,僅基因身分對接；疾病及頻率另審
CRB1,CRB1,現行符號,HGNC:2343,2,149,CRB1,255,CRB1,187,名稱找到,https://www.genenames.org/data/gene-symbol-report/#!/hgnc_id/HGNC:2343,僅基因身分對接；疾病及頻率另審
CRTAP,CRTAP,現行符號,HGNC:2379,1,150,CRTAP,257,CRTAP,188,名稱找到,https://www.genenames.org/data/gene-symbol-report/#!/hgnc_id/HGNC:2379,僅基因身分對接；疾病及頻率另審
CTNS,CTNS,現行符號,HGNC:2518,1,151,CTNS,259; 260; 261,CTNS,189,名稱找到,https://www.genenames.org/data/gene-symbol-report/#!/hgnc_id/HGNC:2518,僅基因身分對接；疾病及頻率另審
CTSA,CTSA,現行符號,HGNC:9251,1,152,CTSA,262,CTSA,190,名稱找到,https://www.genenames.org/data/gene-symbol-report/#!/hgnc_id/HGNC:9251,僅基因身分對接；疾病及頻率另審
CTSC,CTSC,現行符號,HGNC:2528,1,153,CTSC,263,CTSC,191,名稱找到,https://www.genenames.org/data/gene-symbol-report/#!/hgnc_id/HGNC:2528,僅基因身分對接；疾病及頻率另審
CTSD,CTSD,現行符號,HGNC:2529,1,154,CTSD,264,CTSD,192,名稱找到,https://www.genenames.org/data/gene-symbol-report/#!/hgnc_id/HGNC:2529,僅基因身分對接；疾病及頻率另審
CTSK,CTSK,現行符號,HGNC:2536,1,155,CTSK,266,CTSK,193,名稱找到,https://www.genenames.org/data/gene-symbol-report/#!/hgnc_id/HGNC:2536,僅基因身分對接；疾病及頻率另審
CUL4B,CUL4B,現行符號,HGNC:2555,1,156,CUL4B,267,CUL4B,194,名稱找到,https://www.genenames.org/data/gene-symbol-report/#!/hgnc_id/HGNC:2555,僅基因身分對接；疾病及頻率另審
CYBA,CYBA,現行符號,HGNC:2577,1,157,CYBA,270,CYBA,195,名稱找到,https://www.genenames.org/data/gene-symbol-report/#!/hgnc_id/HGNC:2577,僅基因身分對接；疾病及頻率另審
CYBB,CYBB,現行符號,HGNC:2578,1,158,CYBB,271,CYBB,196,名稱找到,https://www.genenames.org/data/gene-symbol-report/#!/hgnc_id/HGNC:2578,僅基因身分對接；疾病及頻率另審
CYP11A1,CYP11A1,現行符號,HGNC:2590,1,159,CYP11A1,272,CYP11A1,197,名稱找到,https://www.genenames.org/data/gene-symbol-report/#!/hgnc_id/HGNC:2590,僅基因身分對接；疾病及頻率另審
CYP11B1,CYP11B1,現行符號,HGNC:2591,1,160,CYP11B1,273; 274,CYP11B1,198,名稱找到,https://www.genenames.org/data/gene-symbol-report/#!/hgnc_id/HGNC:2591,僅基因身分對接；疾病及頻率另審
CYP11B2,CYP11B2,現行符號,HGNC:2592,1,161,CYP11B2,275,CYP11B2,199,名稱找到,https://www.genenames.org/data/gene-symbol-report/#!/hgnc_id/HGNC:2592,僅基因身分對接；疾病及頻率另審
CYP17A1,CYP17A1,現行符號,HGNC:2593,1,162,CYP17A1,276,CYP17A1,200,名稱找到,https://www.genenames.org/data/gene-symbol-report/#!/hgnc_id/HGNC:2593,僅基因身分對接；疾病及頻率另審
CYP19A1,CYP19A1,現行符號,HGNC:2594,1,163,CYP19A1,277,CYP19A1,201,名稱找到,https://www.genenames.org/data/gene-symbol-report/#!/hgnc_id/HGNC:2594,僅基因身分對接；疾病及頻率另審
CYP1B1,CYP1B1,現行符號,HGNC:2597,1,164,CYP1B1,278,CYP1B1,202; 203; 204; 205; 206; 207; 208; 209; 210,名稱找到,https://www.genenames.org/data/gene-symbol-report/#!/hgnc_id/HGNC:2597,僅基因身分對接；疾病及頻率另審
CYP21A2,CYP21A2,現行符號,HGNC:2600,1,165,CYP21A2,279; 280; 281,CYP21A2,211; 212,名稱找到,https://www.genenames.org/data/gene-symbol-report/#!/hgnc_id/HGNC:2600,僅基因身分對接；疾病及頻率另審
CYP27A1,CYP27A1,現行符號,HGNC:2605,1,166,CYP27A1,282; 283,CYP27A1,213,名稱找到,https://www.genenames.org/data/gene-symbol-report/#!/hgnc_id/HGNC:2605,僅基因身分對接；疾病及頻率另審
CYP27B1,CYP27B1,現行符號,HGNC:2606,1,167,CYP27B1,284,CYP27B1,214,名稱找到,https://www.genenames.org/data/gene-symbol-report/#!/hgnc_id/HGNC:2606,僅基因身分對接；疾病及頻率另審
CYP2R1,CYP2R1,現行符號,HGNC:20580,1,168,,,,,未找到,https://www.genenames.org/data/gene-symbol-report/#!/hgnc_id/HGNC:20580,僅基因身分對接；疾病及頻率另審
CYP7B1,CYP7B1,現行符號,HGNC:2652,1,169,CYP7B1,286,CYP7B1,215,名稱找到,https://www.genenames.org/data/gene-symbol-report/#!/hgnc_id/HGNC:2652,僅基因身分對接；疾病及頻率另審
DBT,DBT,現行符號,HGNC:2698,1,170,DBT,287,DBT,216,名稱找到,https://www.genenames.org/data/gene-symbol-report/#!/hgnc_id/HGNC:2698,僅基因身分對接；疾病及頻率另審
DCAF17,DCAF17,現行符號,HGNC:25784,1,171,DCAF17,288,DCAF17,217,名稱找到,https://www.genenames.org/data/gene-symbol-report/#!/hgnc_id/HGNC:25784,僅基因身分對接；疾病及頻率另審
DCLRE1C,DCLRE1C,現行符號,HGNC:17642,1,172,DCLRE1C,289,DCLRE1C,218; 219; 220; 221; 222; 223; 224,名稱找到,https://www.genenames.org/data/gene-symbol-report/#!/hgnc_id/HGNC:17642,僅基因身分對接；疾病及頻率另審
DCX,DCX,現行符號,HGNC:2714,1,173,DCX,290,DCX,225,名稱找到,https://www.genenames.org/data/gene-symbol-report/#!/hgnc_id/HGNC:2714,僅基因身分對接；疾病及頻率另審
DDX11,DDX11,現行符號,HGNC:2736,1,174,DDX11,294; 295,DDX11,226,名稱找到,https://www.genenames.org/data/gene-symbol-report/#!/hgnc_id/HGNC:2736,僅基因身分對接；疾病及頻率另審
DGAT1,DGAT1,現行符號,HGNC:2843,1,175,DGAT1,297,DGAT1,227,名稱找到,https://www.genenames.org/data/gene-symbol-report/#!/hgnc_id/HGNC:2843,僅基因身分對接；疾病及頻率另審
DGUOK,DGUOK,現行符號,HGNC:2858,1,176,DGUOK,296,DGUOK,228,名稱找到,https://www.genenames.org/data/gene-symbol-report/#!/hgnc_id/HGNC:2858,僅基因身分對接；疾病及頻率另審
DHCR7,DHCR7,現行符號,HGNC:2860,1,177,DHCR7,299; 300; 301,DHCR7,229,名稱找到,https://www.genenames.org/data/gene-symbol-report/#!/hgnc_id/HGNC:2860,僅基因身分對接；疾病及頻率另審
DHDDS,DHDDS,現行符號,HGNC:20603,1,178,DHDDS,302; 303,DHDDS,230,名稱找到,https://www.genenames.org/data/gene-symbol-report/#!/hgnc_id/HGNC:20603,僅基因身分對接；疾病及頻率另審
DKC1,DKC1,現行符號,HGNC:2890,1,179,DKC1,304,DKC1,231,名稱找到,https://www.genenames.org/data/gene-symbol-report/#!/hgnc_id/HGNC:2890,僅基因身分對接；疾病及頻率另審
DLD,DLD,現行符號,HGNC:2898,1,180,DLD,306; 307,DLD,232,名稱找到,https://www.genenames.org/data/gene-symbol-report/#!/hgnc_id/HGNC:2898,僅基因身分對接；疾病及頻率另審
DLG3,DLG3,現行符號,HGNC:2902,1,181,DLG3,308,DLG3,233,名稱找到,https://www.genenames.org/data/gene-symbol-report/#!/hgnc_id/HGNC:2902,僅基因身分對接；疾病及頻率另審
DLL3,DLL3,現行符號,HGNC:2909,1,182,DLL3,309,DLL3,234,名稱找到,https://www.genenames.org/data/gene-symbol-report/#!/hgnc_id/HGNC:2909,僅基因身分對接；疾病及頻率另審
DMD,DMD,現行符號,HGNC:2928,2,183,DMD,310,DMD,235,名稱找到,https://www.genenames.org/data/gene-symbol-report/#!/hgnc_id/HGNC:2928,僅基因身分對接；疾病及頻率另審
DNAAF19,DNAAF19,現行符號,HGNC:32700,1,184,CCDC103,172,,,舊名稱補回,https://www.genenames.org/data/gene-symbol-report/#!/hgnc_id/HGNC:32700,僅基因身分對接；疾病及頻率另審
DNAH11,DNAH11,現行符號,HGNC:2942,1,185,DNAH11,313,DNAH11,236,名稱找到,https://www.genenames.org/data/gene-symbol-report/#!/hgnc_id/HGNC:2942,僅基因身分對接；疾病及頻率另審
DNAH5,DNAH5,現行符號,HGNC:2950,1,186,DNAH5,311; 312,DNAH5,237,名稱找到,https://www.genenames.org/data/gene-symbol-report/#!/hgnc_id/HGNC:2950,僅基因身分對接；疾病及頻率另審
DNAI1,DNAI1,現行符號,HGNC:2954,1,187,DNAI1,314,DNAI1,238,名稱找到,https://www.genenames.org/data/gene-symbol-report/#!/hgnc_id/HGNC:2954,僅基因身分對接；疾病及頻率另審
DNAI2,DNAI2,現行符號,HGNC:18744,1,188,DNAI2,315,DNAI2,239,名稱找到,https://www.genenames.org/data/gene-symbol-report/#!/hgnc_id/HGNC:18744,僅基因身分對接；疾病及頻率另審
DNAL1,DNAL1,現行符號,HGNC:23247,1,189,DNAL1,316,DNAL1,240,名稱找到,https://www.genenames.org/data/gene-symbol-report/#!/hgnc_id/HGNC:23247,僅基因身分對接；疾病及頻率另審
DNMT3B,DNMT3B,現行符號,HGNC:2979,1,190,DNMT3B,317,DNMT3B,241,名稱找到,https://www.genenames.org/data/gene-symbol-report/#!/hgnc_id/HGNC:2979,僅基因身分對接；疾病及頻率另審
DOK7,DOK7,現行符號,HGNC:26594,1,191,DOK7,319,DOK7,242,名稱找到,https://www.genenames.org/data/gene-symbol-report/#!/hgnc_id/HGNC:26594,僅基因身分對接；疾病及頻率另審
DPYD,DPYD,現行符號,HGNC:3012,1,192,DPYD,321,DPYD,243,名稱找到,https://www.genenames.org/data/gene-symbol-report/#!/hgnc_id/HGNC:3012,僅基因身分對接；疾病及頻率另審
DUOX2,DUOX2,現行符號,HGNC:13273,1,193,DUOX2,323,DUOX2,244,名稱找到,https://www.genenames.org/data/gene-symbol-report/#!/hgnc_id/HGNC:13273,僅基因身分對接；疾病及頻率另審
DUOXA2,DUOXA2,現行符號,HGNC:32698,1,194,DUOXA2,324,DUOXA2,245,名稱找到,https://www.genenames.org/data/gene-symbol-report/#!/hgnc_id/HGNC:32698,僅基因身分對接；疾病及頻率另審
DYNC2H1,DYNC2H1,現行符號,HGNC:2962,1,195,DYNC2H1,325,DYNC2H1,246,名稱找到,https://www.genenames.org/data/gene-symbol-report/#!/hgnc_id/HGNC:2962,僅基因身分對接；疾病及頻率另審
DYSF,DYSF,現行符號,HGNC:3097,1,196,DYSF,326; 327; 328,DYSF,247; 248; 249; 250; 251; 252; 253,名稱找到,https://www.genenames.org/data/gene-symbol-report/#!/hgnc_id/HGNC:3097,僅基因身分對接；疾病及頻率另審
EDA,EDA,現行符號,HGNC:3157,1,197,EDA,329,EDA,254,名稱找到,https://www.genenames.org/data/gene-symbol-report/#!/hgnc_id/HGNC:3157,僅基因身分對接；疾病及頻率另審
EDAR,EDAR,現行符號,HGNC:2895,1,198,,,,,未找到,https://www.genenames.org/data/gene-symbol-report/#!/hgnc_id/HGNC:2895,僅基因身分對接；疾病及頻率另審
EIF2AK3,EIF2AK3,現行符號,HGNC:3255,1,199,EIF2AK3,331,EIF2AK3,255,名稱找到,https://www.genenames.org/data/gene-symbol-report/#!/hgnc_id/HGNC:3255,僅基因身分對接；疾病及頻率另審
EIF2B1,EIF2B1,現行符號,HGNC:3257,1,200,EIF2B1,332,EIF2B1,256,名稱找到,https://www.genenames.org/data/gene-symbol-report/#!/hgnc_id/HGNC:3257,僅基因身分對接；疾病及頻率另審
EIF2B2,EIF2B2,現行符號,HGNC:3258,1,201,EIF2B2,333,EIF2B2,257,名稱找到,https://www.genenames.org/data/gene-symbol-report/#!/hgnc_id/HGNC:3258,僅基因身分對接；疾病及頻率另審
EIF2B3,EIF2B3,現行符號,HGNC:3259,1,202,EIF2B3,334,EIF2B3,258,名稱找到,https://www.genenames.org/data/gene-symbol-report/#!/hgnc_id/HGNC:3259,僅基因身分對接；疾病及頻率另審
EIF2B4,EIF2B4,現行符號,HGNC:3260,1,203,EIF2B4,335,EIF2B4,259,名稱找到,https://www.genenames.org/data/gene-symbol-report/#!/hgnc_id/HGNC:3260,僅基因身分對接；疾病及頻率另審
EIF2B5,EIF2B5,現行符號,HGNC:3261,1,204,EIF2B5,336,EIF2B5,260,名稱找到,https://www.genenames.org/data/gene-symbol-report/#!/hgnc_id/HGNC:3261,僅基因身分對接；疾病及頻率另審
ELP1,ELP1,現行符號,HGNC:5959,1,205,ELP1,337; 338,ELP1,261,名稱找到,https://www.genenames.org/data/gene-symbol-report/#!/hgnc_id/HGNC:5959,僅基因身分對接；疾病及頻率另審
EMD,EMD,現行符號,HGNC:3331,1,206,EMD,339,EMD,262,名稱找到,https://www.genenames.org/data/gene-symbol-report/#!/hgnc_id/HGNC:3331,僅基因身分對接；疾病及頻率另審
EPG5,EPG5,現行符號,HGNC:29331,1,207,EPG5,341,EPG5,263,名稱找到,https://www.genenames.org/data/gene-symbol-report/#!/hgnc_id/HGNC:29331,僅基因身分對接；疾病及頻率另審
EPM2A,EPM2A,現行符號,HGNC:3413,1,208,,,,,未找到,https://www.genenames.org/data/gene-symbol-report/#!/hgnc_id/HGNC:3413,僅基因身分對接；疾病及頻率另審
ERBB3,ERBB3,現行符號,HGNC:3431,1,209,ERBB3,342,ERBB3,264,名稱找到,https://www.genenames.org/data/gene-symbol-report/#!/hgnc_id/HGNC:3431,僅基因身分對接；疾病及頻率另審
ERCC2,ERCC2,現行符號,HGNC:3434,1,210,ERCC2,343,ERCC2,265,名稱找到,https://www.genenames.org/data/gene-symbol-report/#!/hgnc_id/HGNC:3434,僅基因身分對接；疾病及頻率另審
ERCC6,ERCC6,現行符號,HGNC:3438,1,211,ERCC6,347; 348,ERCC6,266,名稱找到,https://www.genenames.org/data/gene-symbol-report/#!/hgnc_id/HGNC:3438,僅基因身分對接；疾病及頻率另審
ERCC8,ERCC8,現行符號,HGNC:3439,1,212,ERCC8,349,ERCC8,267,名稱找到,https://www.genenames.org/data/gene-symbol-report/#!/hgnc_id/HGNC:3439,僅基因身分對接；疾病及頻率另審
ESCO2,ESCO2,現行符號,HGNC:27230,1,213,ESCO2,350,ESCO2,268,名稱找到,https://www.genenames.org/data/gene-symbol-report/#!/hgnc_id/HGNC:27230,僅基因身分對接；疾病及頻率另審
ETFA,ETFA,現行符號,HGNC:3481,1,214,ETFA,351,ETFA,269,名稱找到,https://www.genenames.org/data/gene-symbol-report/#!/hgnc_id/HGNC:3481,僅基因身分對接；疾病及頻率另審
ETFB,ETFB,現行符號,HGNC:3482,1,215,ETFB,352,ETFB,270,名稱找到,https://www.genenames.org/data/gene-symbol-report/#!/hgnc_id/HGNC:3482,僅基因身分對接；疾病及頻率另審
ETFDH,ETFDH,現行符號,HGNC:3483,1,216,ETFDH,353; 354,ETFDH,271,名稱找到,https://www.genenames.org/data/gene-symbol-report/#!/hgnc_id/HGNC:3483,僅基因身分對接；疾病及頻率另審
ETHE1,ETHE1,現行符號,HGNC:23287,1,217,ETHE1,355,ETHE1,272; 273; 274; 275; 276,名稱找到,https://www.genenames.org/data/gene-symbol-report/#!/hgnc_id/HGNC:23287,僅基因身分對接；疾病及頻率另審
EVC,EVC,現行符號,HGNC:3497,1,218,EVC,356; 357,EVC,277,名稱找到,https://www.genenames.org/data/gene-symbol-report/#!/hgnc_id/HGNC:3497,僅基因身分對接；疾病及頻率另審
EVC2,EVC2,現行符號,HGNC:19747,1,219,EVC2,358; 359,EVC2,278,名稱找到,https://www.genenames.org/data/gene-symbol-report/#!/hgnc_id/HGNC:19747,僅基因身分對接；疾病及頻率另審
EXOSC3,EXOSC3,現行符號,HGNC:17944,1,220,EXOSC3,360,EXOSC3,279,名稱找到,https://www.genenames.org/data/gene-symbol-report/#!/hgnc_id/HGNC:17944,僅基因身分對接；疾病及頻率另審
EYS,EYS,現行符號,HGNC:21555,1,221,EYS,361,EYS,280,名稱找到,https://www.genenames.org/data/gene-symbol-report/#!/hgnc_id/HGNC:21555,僅基因身分對接；疾病及頻率另審
F11,F11,現行符號,HGNC:3529,1,222,F11,362; 363,F11,281,名稱找到,https://www.genenames.org/data/gene-symbol-report/#!/hgnc_id/HGNC:3529,僅基因身分對接；疾病及頻率另審
F2,F2,現行符號,HGNC:3535,1,223,F2,364; 365,F2,282,名稱找到,https://www.genenames.org/data/gene-symbol-report/#!/hgnc_id/HGNC:3535,僅基因身分對接；疾病及頻率另審
F5,F5,現行符號,HGNC:3542,1,224,,,F5,283,未找到,https://www.genenames.org/data/gene-symbol-report/#!/hgnc_id/HGNC:3542,僅基因身分對接；疾病及頻率另審
F8,F8,現行符號,HGNC:3546,1,225,F8,367,F8,284; 285; 286; 287; 288,名稱找到,https://www.genenames.org/data/gene-symbol-report/#!/hgnc_id/HGNC:3546,僅基因身分對接；疾病及頻率另審
F9,F9,現行符號,HGNC:3551,1,226,F9,368,F9,289; 290,名稱找到,https://www.genenames.org/data/gene-symbol-report/#!/hgnc_id/HGNC:3551,僅基因身分對接；疾病及頻率另審
FAH,FAH,現行符號,HGNC:3579,1,227,FAH,370; 371; 372; 373; 374,FAH,291,名稱找到,https://www.genenames.org/data/gene-symbol-report/#!/hgnc_id/HGNC:3579,僅基因身分對接；疾病及頻率另審
FAM161A,FAM161A,現行符號,HGNC:25808,1,228,FAM161A,376,FAM161A,292,名稱找到,https://www.genenames.org/data/gene-symbol-report/#!/hgnc_id/HGNC:25808,僅基因身分對接；疾病及頻率另審
FANCA,FANCA,現行符號,HGNC:3582,1,229,FANCA,377; 378; 379,FANCA,293,名稱找到,https://www.genenames.org/data/gene-symbol-report/#!/hgnc_id/HGNC:3582,僅基因身分對接；疾病及頻率另審
FANCB,FANCB,現行符號,HGNC:3583,1,230,FANCB,380,FANCB,294,名稱找到,https://www.genenames.org/data/gene-symbol-report/#!/hgnc_id/HGNC:3583,僅基因身分對接；疾病及頻率另審
FANCC,FANCC,現行符號,HGNC:3584,1,231,FANCC,381; 382,FANCC,295,名稱找到,https://www.genenames.org/data/gene-symbol-report/#!/hgnc_id/HGNC:3584,僅基因身分對接；疾病及頻率另審
FANCD2,FANCD2,現行符號,HGNC:3585,1,232,FANCD2,383,FANCD2,296,名稱找到,https://www.genenames.org/data/gene-symbol-report/#!/hgnc_id/HGNC:3585,僅基因身分對接；疾病及頻率另審
FANCE,FANCE,現行符號,HGNC:3586,1,233,FANCE,384,FANCE,297,名稱找到,https://www.genenames.org/data/gene-symbol-report/#!/hgnc_id/HGNC:3586,僅基因身分對接；疾病及頻率另審
FANCG,FANCG,現行符號,HGNC:3588,1,234,FANCG,386,FANCG,298,名稱找到,https://www.genenames.org/data/gene-symbol-report/#!/hgnc_id/HGNC:3588,僅基因身分對接；疾病及頻率另審
FANCI,FANCI,現行符號,HGNC:25568,1,235,FANCI,387,FANCI,299,名稱找到,https://www.genenames.org/data/gene-symbol-report/#!/hgnc_id/HGNC:25568,僅基因身分對接；疾病及頻率另審
FANCL,FANCL,現行符號,HGNC:20748,1,236,FANCL,388,FANCL,300,名稱找到,https://www.genenames.org/data/gene-symbol-report/#!/hgnc_id/HGNC:20748,僅基因身分對接；疾病及頻率另審
FBP1,FBP1,現行符號,HGNC:3606,1,237,FBP1,389,FBP1,301,名稱找到,https://www.genenames.org/data/gene-symbol-report/#!/hgnc_id/HGNC:3606,僅基因身分對接；疾病及頻率另審
FBXO7,FBXO7,現行符號,HGNC:13586,1,238,FBXO7,391,FBXO7,302,名稱找到,https://www.genenames.org/data/gene-symbol-report/#!/hgnc_id/HGNC:13586,僅基因身分對接；疾病及頻率另審
FGD1,FGD1,現行符號,HGNC:3663,1,239,FGD1,392,FGD1,303,名稱找到,https://www.genenames.org/data/gene-symbol-report/#!/hgnc_id/HGNC:3663,僅基因身分對接；疾病及頻率另審
FH,FH,現行符號,HGNC:3700,1,240,FH,393; 394,FH,304,名稱找到,https://www.genenames.org/data/gene-symbol-report/#!/hgnc_id/HGNC:3700,僅基因身分對接；疾病及頻率另審
FHL1,FHL1,現行符號,HGNC:3702,1,241,FHL1,395,FHL1,305,名稱找到,https://www.genenames.org/data/gene-symbol-report/#!/hgnc_id/HGNC:3702,僅基因身分對接；疾病及頻率另審
FKBP10,FKBP10,現行符號,HGNC:18169,1,242,FKBP10,396,FKBP10,306,名稱找到,https://www.genenames.org/data/gene-symbol-report/#!/hgnc_id/HGNC:18169,僅基因身分對接；疾病及頻率另審
FKRP,FKRP,現行符號,HGNC:17997,1,243,FKRP,397,FKRP,307,名稱找到,https://www.genenames.org/data/gene-symbol-report/#!/hgnc_id/HGNC:17997,僅基因身分對接；疾病及頻率另審
FKTN,FKTN,現行符號,HGNC:3622,1,244,FKTN,398; 399; 400,FKTN,308,名稱找到,https://www.genenames.org/data/gene-symbol-report/#!/hgnc_id/HGNC:3622,僅基因身分對接；疾病及頻率另審
FMO3,FMO3,現行符號,HGNC:3771,1,245,FMO3,401,FMO3,309,名稱找到,https://www.genenames.org/data/gene-symbol-report/#!/hgnc_id/HGNC:3771,僅基因身分對接；疾病及頻率另審
FMR1,FMR1,現行符號,HGNC:3775,1,246,FMR1,402; 403; 404; 405; 406,FMR1,310; 311; 312,名稱找到,https://www.genenames.org/data/gene-symbol-report/#!/hgnc_id/HGNC:3775,僅基因身分對接；疾病及頻率另審
FOXN1,FOXN1,現行符號,HGNC:12765,1,247,FOXN1,408,FOXN1,313; 314,名稱找到,https://www.genenames.org/data/gene-symbol-report/#!/hgnc_id/HGNC:12765,僅基因身分對接；疾病及頻率另審
FOXRED1,FOXRED1,現行符號,HGNC:26927,1,248,FOXRED1,410,FOXRED1,315,名稱找到,https://www.genenames.org/data/gene-symbol-report/#!/hgnc_id/HGNC:26927,僅基因身分對接；疾病及頻率另審
FRAS1,FRAS1,現行符號,HGNC:19185,1,249,FRAS1,411,FRAS1,316,名稱找到,https://www.genenames.org/data/gene-symbol-report/#!/hgnc_id/HGNC:19185,僅基因身分對接；疾病及頻率另審
FREM2,FREM2,現行符號,HGNC:25396,1,250,FREM2,412,FREM2,317,名稱找到,https://www.genenames.org/data/gene-symbol-report/#!/hgnc_id/HGNC:25396,僅基因身分對接；疾病及頻率另審
FTCD,FTCD,現行符號,HGNC:3974,1,251,FTCD,413,FTCD,318,名稱找到,https://www.genenames.org/data/gene-symbol-report/#!/hgnc_id/HGNC:3974,僅基因身分對接；疾病及頻率另審
FTSJ1,FTSJ1,現行符號,HGNC:13254,1,252,FTSJ1,414,FTSJ1,319,名稱找到,https://www.genenames.org/data/gene-symbol-report/#!/hgnc_id/HGNC:13254,僅基因身分對接；疾病及頻率另審
FUCA1,FUCA1,現行符號,HGNC:4006,1,253,FUCA1,415,FUCA1,320,名稱找到,https://www.genenames.org/data/gene-symbol-report/#!/hgnc_id/HGNC:4006,僅基因身分對接；疾病及頻率另審
FXN,FXN,現行符號,HGNC:3951,1,254,FXN,416; 417,FXN,321,名稱找到,https://www.genenames.org/data/gene-symbol-report/#!/hgnc_id/HGNC:3951,僅基因身分對接；疾病及頻率另審
G6PC1,G6PC1,現行符號,HGNC:4056,1,255,G6PC,418; 419,,,舊名稱補回,https://www.genenames.org/data/gene-symbol-report/#!/hgnc_id/HGNC:4056,僅基因身分對接；疾病及頻率另審
G6PC3,G6PC3,現行符號,HGNC:24861,1,256,G6PC3,420,G6PC3,322,名稱找到,https://www.genenames.org/data/gene-symbol-report/#!/hgnc_id/HGNC:24861,僅基因身分對接；疾病及頻率另審
G6PD,G6PD,現行符號,HGNC:4057,1,257,G6PD,421,G6PD,323,名稱找到,https://www.genenames.org/data/gene-symbol-report/#!/hgnc_id/HGNC:4057,僅基因身分對接；疾病及頻率另審
GAA,GAA,現行符號,HGNC:4065,1,258,GAA,422; 423; 424; 425,GAA,324; 325; 326; 327; 328; 329; 330; 331; 332,名稱找到,https://www.genenames.org/data/gene-symbol-report/#!/hgnc_id/HGNC:4065,僅基因身分對接；疾病及頻率另審
GALC,GALC,現行符號,HGNC:4115,1,259,GALC,426; 427,GALC,333,名稱找到,https://www.genenames.org/data/gene-symbol-report/#!/hgnc_id/HGNC:4115,僅基因身分對接；疾病及頻率另審
GALE,GALE,現行符號,HGNC:4116,1,260,GALE,428,GALE,334,名稱找到,https://www.genenames.org/data/gene-symbol-report/#!/hgnc_id/HGNC:4116,僅基因身分對接；疾病及頻率另審
GALK1,GALK1,現行符號,HGNC:4118,1,261,GALK1,429; 430,GALK1,335,名稱找到,https://www.genenames.org/data/gene-symbol-report/#!/hgnc_id/HGNC:4118,僅基因身分對接；疾病及頻率另審
GALNS,GALNS,現行符號,HGNC:4122,1,262,GALNS,431,GALNS,336,名稱找到,https://www.genenames.org/data/gene-symbol-report/#!/hgnc_id/HGNC:4122,僅基因身分對接；疾病及頻率另審
GALNT3,GALNT3,現行符號,HGNC:4125,1,263,GALNT3,432,GALNT3,337,名稱找到,https://www.genenames.org/data/gene-symbol-report/#!/hgnc_id/HGNC:4125,僅基因身分對接；疾病及頻率另審
GALT,GALT,現行符號,HGNC:4135,1,264,GALT,433; 434; 435,GALT,338,名稱找到,https://www.genenames.org/data/gene-symbol-report/#!/hgnc_id/HGNC:4135,僅基因身分對接；疾病及頻率另審
GAMT,GAMT,現行符號,HGNC:4136,1,265,GAMT,436,GAMT,339; 340; 341; 342; 343; 344; 345,名稱找到,https://www.genenames.org/data/gene-symbol-report/#!/hgnc_id/HGNC:4136,僅基因身分對接；疾病及頻率另審
GATM,GATM,現行符號,HGNC:4175,1,266,GATM,437,GATM,346; 347,名稱找到,https://www.genenames.org/data/gene-symbol-report/#!/hgnc_id/HGNC:4175,僅基因身分對接；疾病及頻率另審
GBA1,GBA1,現行符號,HGNC:4177,1,267,GBA,438; 439; 440,,,舊名稱補回,https://www.genenames.org/data/gene-symbol-report/#!/hgnc_id/HGNC:4177,僅基因身分對接；疾病及頻率另審
GBE1,GBE1,現行符號,HGNC:4180,1,268,GBE1,441,GBE1,348,名稱找到,https://www.genenames.org/data/gene-symbol-report/#!/hgnc_id/HGNC:4180,僅基因身分對接；疾病及頻率另審
GCDH,GCDH,現行符號,HGNC:4189,1,269,GCDH,442; 443,GCDH,349,名稱找到,https://www.genenames.org/data/gene-symbol-report/#!/hgnc_id/HGNC:4189,僅基因身分對接；疾病及頻率另審
GCH1,GCH1,現行符號,HGNC:4193,1,270,GCH1,444,GCH1,350,名稱找到,https://www.genenames.org/data/gene-symbol-report/#!/hgnc_id/HGNC:4193,僅基因身分對接；疾病及頻率另審
GDAP1,GDAP1,現行符號,HGNC:15968,1,271,GDAP1,445,GDAP1,351,名稱找到,https://www.genenames.org/data/gene-symbol-report/#!/hgnc_id/HGNC:15968,僅基因身分對接；疾病及頻率另審
GDF5,GDF5,現行符號,HGNC:4220,1,272,GDF5,446,GDF5,352,名稱找到,https://www.genenames.org/data/gene-symbol-report/#!/hgnc_id/HGNC:4220,僅基因身分對接；疾病及頻率另審
GFM1,GFM1,現行符號,HGNC:13780,1,273,GFM1,447,GFM1,353,名稱找到,https://www.genenames.org/data/gene-symbol-report/#!/hgnc_id/HGNC:13780,僅基因身分對接；疾病及頻率另審
GH1,GH1,現行符號,HGNC:4261,1,274,,,GH1,354,未找到,https://www.genenames.org/data/gene-symbol-report/#!/hgnc_id/HGNC:4261,僅基因身分對接；疾病及頻率另審
GHR,GHR,現行符號,HGNC:4263,1,275,GHR,449,GHR,355,名稱找到,https://www.genenames.org/data/gene-symbol-report/#!/hgnc_id/HGNC:4263,僅基因身分對接；疾病及頻率另審
GJA1,GJA1,現行符號,HGNC:4274,1,276,,,,,未找到,https://www.genenames.org/data/gene-symbol-report/#!/hgnc_id/HGNC:4274,僅基因身分對接；疾病及頻率另審
GJB1,GJB1,現行符號,HGNC:4283,1,277,GJB1,451,GJB1,356,名稱找到,https://www.genenames.org/data/gene-symbol-report/#!/hgnc_id/HGNC:4283,僅基因身分對接；疾病及頻率另審
GJB2,GJB2,現行符號,HGNC:4284,1,278,GJB2,452; 453; 454; 455; 456; 457; 458,GJB2,357; 358; 359,名稱找到,https://www.genenames.org/data/gene-symbol-report/#!/hgnc_id/HGNC:4284,僅基因身分對接；疾病及頻率另審
GJB6,GJB6,現行符號,HGNC:4288,1,279,GJB6,459,GJB6,360,名稱找到,https://www.genenames.org/data/gene-symbol-report/#!/hgnc_id/HGNC:4288,僅基因身分對接；疾病及頻率另審
GLA,GLA,現行符號,HGNC:4296,1,280,GLA,460,GLA,361,名稱找到,https://www.genenames.org/data/gene-symbol-report/#!/hgnc_id/HGNC:4296,僅基因身分對接；疾病及頻率另審
GLB1,GLB1,現行符號,HGNC:4298,1,281,GLB1,461; 462; 463,GLB1,362,名稱找到,https://www.genenames.org/data/gene-symbol-report/#!/hgnc_id/HGNC:4298,僅基因身分對接；疾病及頻率另審
GLDC,GLDC,現行符號,HGNC:4313,1,282,GLDC,464; 465; 466,GLDC,363,名稱找到,https://www.genenames.org/data/gene-symbol-report/#!/hgnc_id/HGNC:4313,僅基因身分對接；疾病及頻率另審
GLE1,GLE1,現行符號,HGNC:4315,1,283,GLE1,467; 468,GLE1,364,名稱找到,https://www.genenames.org/data/gene-symbol-report/#!/hgnc_id/HGNC:4315,僅基因身分對接；疾病及頻率另審
GLIS2,GLIS2,現行符號,HGNC:29450,1,284,,,,,未找到,https://www.genenames.org/data/gene-symbol-report/#!/hgnc_id/HGNC:29450,僅基因身分對接；疾病及頻率另審
GNE,GNE,現行符號,HGNC:23657,1,285,GNE,469; 470,GNE,365,名稱找到,https://www.genenames.org/data/gene-symbol-report/#!/hgnc_id/HGNC:23657,僅基因身分對接；疾病及頻率另審
GNPAT,GNPAT,現行符號,HGNC:4416,1,286,GNPAT,471,GNPAT,366,名稱找到,https://www.genenames.org/data/gene-symbol-report/#!/hgnc_id/HGNC:4416,僅基因身分對接；疾病及頻率另審
GNPTAB,GNPTAB,現行符號,HGNC:29670,2,287,GNPTAB,472,GNPTAB,367,名稱找到,https://www.genenames.org/data/gene-symbol-report/#!/hgnc_id/HGNC:29670,僅基因身分對接；疾病及頻率另審
GNPTG,GNPTG,現行符號,HGNC:23026,1,288,GNPTG,473,GNPTG,368,名稱找到,https://www.genenames.org/data/gene-symbol-report/#!/hgnc_id/HGNC:23026,僅基因身分對接；疾病及頻率另審
GNRHR,GNRHR,現行符號,HGNC:4421,1,289,GNRHR,474,GNRHR,369,名稱找到,https://www.genenames.org/data/gene-symbol-report/#!/hgnc_id/HGNC:4421,僅基因身分對接；疾病及頻率另審
GNS,GNS,現行符號,HGNC:4422,1,290,GNS,475,GNS,370,名稱找到,https://www.genenames.org/data/gene-symbol-report/#!/hgnc_id/HGNC:4422,僅基因身分對接；疾病及頻率另審
GORAB,GORAB,現行符號,HGNC:25676,1,291,GORAB,476,GORAB,371,名稱找到,https://www.genenames.org/data/gene-symbol-report/#!/hgnc_id/HGNC:25676,僅基因身分對接；疾病及頻率另審
GP1BA,GP1BA,現行符號,HGNC:4439,1,292,GP1BA,477,GP1BA,372; 373; 374; 375; 376; 377,名稱找到,https://www.genenames.org/data/gene-symbol-report/#!/hgnc_id/HGNC:4439,僅基因身分對接；疾病及頻率另審
GP9,GP9,現行符號,HGNC:4444,1,293,GP9,478,GP9,378; 379; 380; 381; 382; 383; 384,名稱找到,https://www.genenames.org/data/gene-symbol-report/#!/hgnc_id/HGNC:4444,僅基因身分對接；疾病及頻率另審
GPR143,GPR143,現行符號,HGNC:20145,1,294,GPR143,480,GPR143,385,名稱找到,https://www.genenames.org/data/gene-symbol-report/#!/hgnc_id/HGNC:20145,僅基因身分對接；疾病及頻率另審
GRHPR,GRHPR,現行符號,HGNC:4570,1,295,GRHPR,481,GRHPR,386,名稱找到,https://www.genenames.org/data/gene-symbol-report/#!/hgnc_id/HGNC:4570,僅基因身分對接；疾病及頻率另審
GRIP1,GRIP1,現行符號,HGNC:18708,1,296,GRIP1,482,GRIP1,387,名稱找到,https://www.genenames.org/data/gene-symbol-report/#!/hgnc_id/HGNC:18708,僅基因身分對接；疾病及頻率另審
GRM6,GRM6,現行符號,HGNC:4598,1,297,,,,,未找到,https://www.genenames.org/data/gene-symbol-report/#!/hgnc_id/HGNC:4598,僅基因身分對接；疾病及頻率另審
GSS,GSS,現行符號,HGNC:4624,1,298,GSS,483,GSS,388,名稱找到,https://www.genenames.org/data/gene-symbol-report/#!/hgnc_id/HGNC:4624,僅基因身分對接；疾病及頻率另審
GUCY2D,GUCY2D,現行符號,HGNC:4689,1,299,GUCY2D,484,GUCY2D,389; 390; 391; 392; 393; 394; 395,名稱找到,https://www.genenames.org/data/gene-symbol-report/#!/hgnc_id/HGNC:4689,僅基因身分對接；疾病及頻率另審
GUSB,GUSB,現行符號,HGNC:4696,1,300,GUSB,485,GUSB,396,名稱找到,https://www.genenames.org/data/gene-symbol-report/#!/hgnc_id/HGNC:4696,僅基因身分對接；疾病及頻率另審
HADH,HADH,現行符號,HGNC:4799,1,301,HADH,487,HADH,397,名稱找到,https://www.genenames.org/data/gene-symbol-report/#!/hgnc_id/HGNC:4799,僅基因身分對接；疾病及頻率另審
HADHA,HADHA,現行符號,HGNC:4801,1,302,HADHA,488; 489,HADHA,398,名稱找到,https://www.genenames.org/data/gene-symbol-report/#!/hgnc_id/HGNC:4801,僅基因身分對接；疾病及頻率另審
HADHB,HADHB,現行符號,HGNC:4803,1,303,HADHB,490; 491,HADHB,399,名稱找到,https://www.genenames.org/data/gene-symbol-report/#!/hgnc_id/HGNC:4803,僅基因身分對接；疾病及頻率另審
HAMP,HAMP,現行符號,HGNC:15598,1,304,HAMP,492,HAMP,400,名稱找到,https://www.genenames.org/data/gene-symbol-report/#!/hgnc_id/HGNC:15598,僅基因身分對接；疾病及頻率另審
HAX1,HAX1,現行符號,HGNC:16915,1,305,HAX1,493,HAX1,401,名稱找到,https://www.genenames.org/data/gene-symbol-report/#!/hgnc_id/HGNC:16915,僅基因身分對接；疾病及頻率另審
HBA1,HBA1,現行符號,HGNC:4823,1,306,HBA1,494; 495; 496; 497; 498; 499; 500,HBA1,402; 403; 404; 405; 406; 407,名稱找到,https://www.genenames.org/data/gene-symbol-report/#!/hgnc_id/HGNC:4823,僅基因身分對接；疾病及頻率另審
HBA1/HBA2,HBA1/HBA2,組合基因,,1,306; 307,HBA1,494; 495; 496; 497; 498; 499; 500,HBA1; HBA2,402; 403; 404; 405; 406; 407; 408; 409; 410; 411; 412; 413,名稱找到,,僅基因身分對接；疾病及頻率另審
HBB,HBB,現行符號,HGNC:4827,2,308,HBB,501; 502; 503; 504; 505; 506; 507; 508; 509; 510; 511; 512; 513; 514; 515; 516; 517; 518,HBB,414; 415; 416; 417,名稱找到,https://www.genenames.org/data/gene-symbol-report/#!/hgnc_id/HGNC:4827,僅基因身分對接；疾病及頻率另審
HCFC1,HCFC1,現行符號,HGNC:4839,1,309,HCFC1,519,HCFC1,418,名稱找到,https://www.genenames.org/data/gene-symbol-report/#!/hgnc_id/HGNC:4839,僅基因身分對接；疾病及頻率另審
HESX1,HESX1,現行符號,HGNC:4877,1,310,,,,,未找到,https://www.genenames.org/data/gene-symbol-report/#!/hgnc_id/HGNC:4877,僅基因身分對接；疾病及頻率另審
HEXA,HEXA,現行符號,HGNC:4878,1,311,HEXA,521; 522; 523,HEXA,419,名稱找到,https://www.genenames.org/data/gene-symbol-report/#!/hgnc_id/HGNC:4878,僅基因身分對接；疾病及頻率另審
HEXB,HEXB,現行符號,HGNC:4879,1,312,HEXB,524,HEXB,420,名稱找到,https://www.genenames.org/data/gene-symbol-report/#!/hgnc_id/HGNC:4879,僅基因身分對接；疾病及頻率另審
HFE,HFE,現行符號,HGNC:4886,1,313,HFE,525; 526; 527; 528; 529,HFE,421,名稱找到,https://www.genenames.org/data/gene-symbol-report/#!/hgnc_id/HGNC:4886,僅基因身分對接；疾病及頻率另審
HGD,HGD,現行符號,HGNC:4892,1,314,HGD,530,HGD,422,名稱找到,https://www.genenames.org/data/gene-symbol-report/#!/hgnc_id/HGNC:4892,僅基因身分對接；疾病及頻率另審
HGSNAT,HGSNAT,現行符號,HGNC:26527,1,315,HGSNAT,531; 532,HGSNAT,423,名稱找到,https://www.genenames.org/data/gene-symbol-report/#!/hgnc_id/HGNC:26527,僅基因身分對接；疾病及頻率另審
HJV,HJV,現行符號,HGNC:4887,1,316,HJV,534,HJV,424,名稱找到,https://www.genenames.org/data/gene-symbol-report/#!/hgnc_id/HGNC:4887,僅基因身分對接；疾病及頻率另審
HLCS,HLCS,現行符號,HGNC:4976,1,317,HLCS,535,HLCS,425,名稱找到,https://www.genenames.org/data/gene-symbol-report/#!/hgnc_id/HGNC:4976,僅基因身分對接；疾病及頻率另審
HMGCL,HMGCL,現行符號,HGNC:5005,1,318,HMGCL,536,HMGCL,426,名稱找到,https://www.genenames.org/data/gene-symbol-report/#!/hgnc_id/HGNC:5005,僅基因身分對接；疾病及頻率另審
HMOX1,HMOX1,現行符號,HGNC:5013,1,319,HMOX1,538,HMOX1,427,名稱找到,https://www.genenames.org/data/gene-symbol-report/#!/hgnc_id/HGNC:5013,僅基因身分對接；疾病及頻率另審
HOGA1,HOGA1,現行符號,HGNC:25155,1,320,HOGA1,539,HOGA1,428,名稱找到,https://www.genenames.org/data/gene-symbol-report/#!/hgnc_id/HGNC:25155,僅基因身分對接；疾病及頻率另審
HPD,HPD,現行符號,HGNC:5147,1,321,HPD,540,HPD,429,名稱找到,https://www.genenames.org/data/gene-symbol-report/#!/hgnc_id/HGNC:5147,僅基因身分對接；疾病及頻率另審
HPRT1,HPRT1,現行符號,HGNC:5157,1,322,HPRT1,541,HPRT1,430,名稱找到,https://www.genenames.org/data/gene-symbol-report/#!/hgnc_id/HGNC:5157,僅基因身分對接；疾病及頻率另審
HPS1,HPS1,現行符號,HGNC:5163,1,323,HPS1,542; 543,HPS1,431,名稱找到,https://www.genenames.org/data/gene-symbol-report/#!/hgnc_id/HGNC:5163,僅基因身分對接；疾病及頻率另審
HPS3,HPS3,現行符號,HGNC:15597,1,324,HPS3,544,HPS3,432,名稱找到,https://www.genenames.org/data/gene-symbol-report/#!/hgnc_id/HGNC:15597,僅基因身分對接；疾病及頻率另審
HPS4,HPS4,現行符號,HGNC:15844,1,325,HPS4,545,HPS4,433,名稱找到,https://www.genenames.org/data/gene-symbol-report/#!/hgnc_id/HGNC:15844,僅基因身分對接；疾病及頻率另審
HPS5,HPS5,現行符號,HGNC:17022,1,326,HPS5,546,HPS5,434,名稱找到,https://www.genenames.org/data/gene-symbol-report/#!/hgnc_id/HGNC:17022,僅基因身分對接；疾病及頻率另審
HPS6,HPS6,現行符號,HGNC:18817,1,327,HPS6,547,HPS6,435,名稱找到,https://www.genenames.org/data/gene-symbol-report/#!/hgnc_id/HGNC:18817,僅基因身分對接；疾病及頻率另審
HSD17B10,HSD17B10,現行符號,HGNC:4800,1,328,HSD17B10,548,HSD17B10,436,名稱找到,https://www.genenames.org/data/gene-symbol-report/#!/hgnc_id/HGNC:4800,僅基因身分對接；疾病及頻率另審
HSD17B3,HSD17B3,現行符號,HGNC:5212,1,329,HSD17B3,549; 550,HSD17B3,437,名稱找到,https://www.genenames.org/data/gene-symbol-report/#!/hgnc_id/HGNC:5212,僅基因身分對接；疾病及頻率另審
HSD17B4,HSD17B4,現行符號,HGNC:5213,1,330,HSD17B4,551,HSD17B4,438,名稱找到,https://www.genenames.org/data/gene-symbol-report/#!/hgnc_id/HGNC:5213,僅基因身分對接；疾病及頻率另審
HSD3B2,HSD3B2,現行符號,HGNC:5218,1,331,HSD3B2,552,HSD3B2,439,名稱找到,https://www.genenames.org/data/gene-symbol-report/#!/hgnc_id/HGNC:5218,僅基因身分對接；疾病及頻率另審
HSPD1,HSPD1,現行符號,HGNC:5261,1,332,,,HSPD1,440,未找到,https://www.genenames.org/data/gene-symbol-report/#!/hgnc_id/HGNC:5261,僅基因身分對接；疾病及頻率另審
HYAL1,HYAL1,現行符號,HGNC:5320,1,333,HYAL1,554,HYAL1,441,名稱找到,https://www.genenames.org/data/gene-symbol-report/#!/hgnc_id/HGNC:5320,僅基因身分對接；疾病及頻率另審
HYLS1,HYLS1,現行符號,HGNC:26558,1,334,HYLS1,555; 556,HYLS1,442,名稱找到,https://www.genenames.org/data/gene-symbol-report/#!/hgnc_id/HGNC:26558,僅基因身分對接；疾病及頻率另審
IDH3B,IDH3B,現行符號,HGNC:5385,1,335,IDH3B,557,IDH3B,443,名稱找到,https://www.genenames.org/data/gene-symbol-report/#!/hgnc_id/HGNC:5385,僅基因身分對接；疾病及頻率另審
IDS,IDS,現行符號,HGNC:5389,1,336,IDS,558,IDS,444,名稱找到,https://www.genenames.org/data/gene-symbol-report/#!/hgnc_id/HGNC:5389,僅基因身分對接；疾病及頻率另審
IDUA,IDUA,現行符號,HGNC:5391,1,337,IDUA,559; 560,IDUA,445; 446; 447; 448; 449; 450; 451,名稱找到,https://www.genenames.org/data/gene-symbol-report/#!/hgnc_id/HGNC:5391,僅基因身分對接；疾病及頻率另審
IGF1,IGF1,現行符號,HGNC:5464,1,338,,,,,未找到,https://www.genenames.org/data/gene-symbol-report/#!/hgnc_id/HGNC:5464,僅基因身分對接；疾病及頻率另審
IGHMBP2,IGHMBP2,現行符號,HGNC:5542,1,339,IGHMBP2,562,IGHMBP2,452,名稱找到,https://www.genenames.org/data/gene-symbol-report/#!/hgnc_id/HGNC:5542,僅基因身分對接；疾病及頻率另審
IKBKB,IKBKB,現行符號,HGNC:5960,1,340,IKBKB,564,IKBKB,453,名稱找到,https://www.genenames.org/data/gene-symbol-report/#!/hgnc_id/HGNC:5960,僅基因身分對接；疾病及頻率另審
IL1RAPL1,IL1RAPL1,現行符號,HGNC:5996,1,341,IL1RAPL1,565,IL1RAPL1,454,名稱找到,https://www.genenames.org/data/gene-symbol-report/#!/hgnc_id/HGNC:5996,僅基因身分對接；疾病及頻率另審
IL2RG,IL2RG,現行符號,HGNC:6010,1,342,IL2RG,567,IL2RG,455,名稱找到,https://www.genenames.org/data/gene-symbol-report/#!/hgnc_id/HGNC:6010,僅基因身分對接；疾病及頻率另審
IL7R,IL7R,現行符號,HGNC:6024,1,343,IL7R,568,IL7R,456; 457; 458; 459; 460,名稱找到,https://www.genenames.org/data/gene-symbol-report/#!/hgnc_id/HGNC:6024,僅基因身分對接；疾病及頻率另審
INPP5E,INPP5E,現行符號,HGNC:21474,2,344,INPP5E,569,INPP5E,461,名稱找到,https://www.genenames.org/data/gene-symbol-report/#!/hgnc_id/HGNC:21474,僅基因身分對接；疾病及頻率另審
INVS,INVS,現行符號,HGNC:17870,1,345,INVS,570,INVS,462,名稱找到,https://www.genenames.org/data/gene-symbol-report/#!/hgnc_id/HGNC:17870,僅基因身分對接；疾病及頻率另審
ITGA6,ITGA6,現行符號,HGNC:6142,1,346,ITGA6,571,ITGA6,463,名稱找到,https://www.genenames.org/data/gene-symbol-report/#!/hgnc_id/HGNC:6142,僅基因身分對接；疾病及頻率另審
ITGB3,ITGB3,現行符號,HGNC:6156,1,347,ITGB3,572,ITGB3,464; 465; 466; 467; 468; 469,名稱找到,https://www.genenames.org/data/gene-symbol-report/#!/hgnc_id/HGNC:6156,僅基因身分對接；疾病及頻率另審
ITGB4,ITGB4,現行符號,HGNC:6158,1,348,ITGB4,573,ITGB4,470,名稱找到,https://www.genenames.org/data/gene-symbol-report/#!/hgnc_id/HGNC:6158,僅基因身分對接；疾病及頻率另審
IVD,IVD,現行符號,HGNC:6186,1,349,IVD,575; 576; 577; 578,IVD,471,名稱找到,https://www.genenames.org/data/gene-symbol-report/#!/hgnc_id/HGNC:6186,僅基因身分對接；疾病及頻率另審
IYD,IYD,現行符號,HGNC:21071,1,350,IYD,579,IYD,472,名稱找到,https://www.genenames.org/data/gene-symbol-report/#!/hgnc_id/HGNC:21071,僅基因身分對接；疾病及頻率另審
JAK3,JAK3,現行符號,HGNC:6193,1,351,JAK3,580,JAK3,473; 474; 475; 476,名稱找到,https://www.genenames.org/data/gene-symbol-report/#!/hgnc_id/HGNC:6193,僅基因身分對接；疾病及頻率另審
KCNJ1,KCNJ1,現行符號,HGNC:6255,1,352,KCNJ1,581,KCNJ1,477,名稱找到,https://www.genenames.org/data/gene-symbol-report/#!/hgnc_id/HGNC:6255,僅基因身分對接；疾病及頻率另審
KCNJ11,KCNJ11,現行符號,HGNC:6257,1,353,KCNJ11,582; 583,KCNJ11,478,名稱找到,https://www.genenames.org/data/gene-symbol-report/#!/hgnc_id/HGNC:6257,僅基因身分對接；疾病及頻率另審
KDM5C,KDM5C,現行符號,HGNC:11114,1,354,KDM5C,585,KDM5C,479,名稱找到,https://www.genenames.org/data/gene-symbol-report/#!/hgnc_id/HGNC:11114,僅基因身分對接；疾病及頻率另審
L1CAM,L1CAM,現行符號,HGNC:6470,3,355,L1CAM,587,L1CAM,480,名稱找到,https://www.genenames.org/data/gene-symbol-report/#!/hgnc_id/HGNC:6470,僅基因身分對接；疾病及頻率另審
LAMA2,LAMA2,現行符號,HGNC:6482,1,356,LAMA2,588; 589,LAMA2,481,名稱找到,https://www.genenames.org/data/gene-symbol-report/#!/hgnc_id/HGNC:6482,僅基因身分對接；疾病及頻率另審
LAMA3,LAMA3,現行符號,HGNC:6483,1,357,LAMA3,590,LAMA3,482,名稱找到,https://www.genenames.org/data/gene-symbol-report/#!/hgnc_id/HGNC:6483,僅基因身分對接；疾病及頻率另審
LAMB3,LAMB3,現行符號,HGNC:6490,1,358,LAMB3,591,LAMB3,483,名稱找到,https://www.genenames.org/data/gene-symbol-report/#!/hgnc_id/HGNC:6490,僅基因身分對接；疾病及頻率另審
LAMC2,LAMC2,現行符號,HGNC:6493,1,359,LAMC2,592,LAMC2,484,名稱找到,https://www.genenames.org/data/gene-symbol-report/#!/hgnc_id/HGNC:6493,僅基因身分對接；疾病及頻率另審
LAMTOR2,LAMTOR2,現行符號,HGNC:29796,1,360,,,,,未找到,https://www.genenames.org/data/gene-symbol-report/#!/hgnc_id/HGNC:29796,僅基因身分對接；疾病及頻率另審
LARGE1,LARGE1,現行符號,HGNC:6511,1,361,LARGE1,594,LARGE1,485,名稱找到,https://www.genenames.org/data/gene-symbol-report/#!/hgnc_id/HGNC:6511,僅基因身分對接；疾病及頻率另審
LCA5,LCA5,現行符號,HGNC:31923,1,362,LCA5,596,LCA5,486,名稱找到,https://www.genenames.org/data/gene-symbol-report/#!/hgnc_id/HGNC:31923,僅基因身分對接；疾病及頻率另審
LCAT,LCAT,現行符號,HGNC:6522,1,363,,,,,未找到,https://www.genenames.org/data/gene-symbol-report/#!/hgnc_id/HGNC:6522,僅基因身分對接；疾病及頻率另審
LDLR,LDLR,現行符號,HGNC:6547,1,364,LDLR,598; 599; 600; 601,LDLR,487; 488; 489; 490; 491; 492; 493; 494,名稱找到,https://www.genenames.org/data/gene-symbol-report/#!/hgnc_id/HGNC:6547,僅基因身分對接；疾病及頻率另審
LDLRAP1,LDLRAP1,現行符號,HGNC:18640,1,365,LDLRAP1,602; 603; 604; 605,LDLRAP1,495,名稱找到,https://www.genenames.org/data/gene-symbol-report/#!/hgnc_id/HGNC:18640,僅基因身分對接；疾病及頻率另審
LHX3,LHX3,現行符號,HGNC:6595,1,366,LHX3,606,LHX3,496,名稱找到,https://www.genenames.org/data/gene-symbol-report/#!/hgnc_id/HGNC:6595,僅基因身分對接；疾病及頻率另審
LIFR,LIFR,現行符號,HGNC:6597,1,367,LIFR,607,LIFR,497,名稱找到,https://www.genenames.org/data/gene-symbol-report/#!/hgnc_id/HGNC:6597,僅基因身分對接；疾病及頻率另審
LIG4,LIG4,現行符號,HGNC:6601,1,368,LIG4,608,LIG4,498,名稱找到,https://www.genenames.org/data/gene-symbol-report/#!/hgnc_id/HGNC:6601,僅基因身分對接；疾病及頻率另審
LIPA,LIPA,現行符號,HGNC:6617,1,369,LIPA,609; 610; 611,LIPA,499,名稱找到,https://www.genenames.org/data/gene-symbol-report/#!/hgnc_id/HGNC:6617,僅基因身分對接；疾病及頻率另審
LIPH,LIPH,現行符號,HGNC:18483,1,370,,,LIPH,500,未找到,https://www.genenames.org/data/gene-symbol-report/#!/hgnc_id/HGNC:18483,僅基因身分對接；疾病及頻率另審
LMBRD1,LMBRD1,現行符號,HGNC:23038,1,371,LMBRD1,614,LMBRD1,501,名稱找到,https://www.genenames.org/data/gene-symbol-report/#!/hgnc_id/HGNC:23038,僅基因身分對接；疾病及頻率另審
LOXHD1,LOXHD1,現行符號,HGNC:26521,1,372,LOXHD1,615; 616,LOXHD1,502,名稱找到,https://www.genenames.org/data/gene-symbol-report/#!/hgnc_id/HGNC:26521,僅基因身分對接；疾病及頻率另審
LPL,LPL,現行符號,HGNC:6677,1,373,LPL,618; 619,LPL,503,名稱找到,https://www.genenames.org/data/gene-symbol-report/#!/hgnc_id/HGNC:6677,僅基因身分對接；疾病及頻率另審
LRAT,LRAT,現行符號,HGNC:6685,1,374,LRAT,620,LRAT,504,名稱找到,https://www.genenames.org/data/gene-symbol-report/#!/hgnc_id/HGNC:6685,僅基因身分對接；疾病及頻率另審
LRP2,LRP2,現行符號,HGNC:6694,1,375,LRP2,621,LRP2,505,名稱找到,https://www.genenames.org/data/gene-symbol-report/#!/hgnc_id/HGNC:6694,僅基因身分對接；疾病及頻率另審
LRPPRC,LRPPRC,現行符號,HGNC:15714,1,376,LRPPRC,622; 623; 624,LRPPRC,506,名稱找到,https://www.genenames.org/data/gene-symbol-report/#!/hgnc_id/HGNC:15714,僅基因身分對接；疾病及頻率另審
LYST,LYST,現行符號,HGNC:1968,1,377,LYST,626,LYST,507,名稱找到,https://www.genenames.org/data/gene-symbol-report/#!/hgnc_id/HGNC:1968,僅基因身分對接；疾病及頻率另審
MAK,MAK,現行符號,HGNC:6816,1,378,MAK,627,MAK,508,名稱找到,https://www.genenames.org/data/gene-symbol-report/#!/hgnc_id/HGNC:6816,僅基因身分對接；疾病及頻率另審
MAN2B1,MAN2B1,現行符號,HGNC:6826,1,379,MAN2B1,629; 630,MAN2B1,509,名稱找到,https://www.genenames.org/data/gene-symbol-report/#!/hgnc_id/HGNC:6826,僅基因身分對接；疾病及頻率另審
MANBA,MANBA,現行符號,HGNC:6831,1,380,MANBA,631,MANBA,510,名稱找到,https://www.genenames.org/data/gene-symbol-report/#!/hgnc_id/HGNC:6831,僅基因身分對接；疾病及頻率另審
MCCC1,MCCC1,現行符號,HGNC:6936,1,381,MCCC1,633,MCCC1,511,名稱找到,https://www.genenames.org/data/gene-symbol-report/#!/hgnc_id/HGNC:6936,僅基因身分對接；疾病及頻率另審
MCCC2,MCCC2,現行符號,HGNC:6937,1,382,MCCC2,634,MCCC2,512,名稱找到,https://www.genenames.org/data/gene-symbol-report/#!/hgnc_id/HGNC:6937,僅基因身分對接；疾病及頻率另審
MCEE,MCEE,現行符號,HGNC:16732,1,383,MCEE,635,MCEE,513,名稱找到,https://www.genenames.org/data/gene-symbol-report/#!/hgnc_id/HGNC:16732,僅基因身分對接；疾病及頻率另審
MCOLN1,MCOLN1,現行符號,HGNC:13356,1,384,MCOLN1,636; 637,MCOLN1,514,名稱找到,https://www.genenames.org/data/gene-symbol-report/#!/hgnc_id/HGNC:13356,僅基因身分對接；疾病及頻率另審
MCPH1,MCPH1,現行符號,HGNC:6954,1,385,MCPH1,638,MCPH1,515,名稱找到,https://www.genenames.org/data/gene-symbol-report/#!/hgnc_id/HGNC:6954,僅基因身分對接；疾病及頻率另審
MECP2,MECP2,現行符號,HGNC:6990,1,386,MECP2,639,MECP2,516; 517,名稱找到,https://www.genenames.org/data/gene-symbol-report/#!/hgnc_id/HGNC:6990,僅基因身分對接；疾病及頻率另審
MECR,MECR,現行符號,HGNC:19691,1,387,MECR,640,MECR,518,名稱找到,https://www.genenames.org/data/gene-symbol-report/#!/hgnc_id/HGNC:19691,僅基因身分對接；疾病及頻率另審
MED17,MED17,現行符號,HGNC:2375,1,388,MED17,641; 642,MED17,519,名稱找到,https://www.genenames.org/data/gene-symbol-report/#!/hgnc_id/HGNC:2375,僅基因身分對接；疾病及頻率另審
MEFV,MEFV,現行符號,HGNC:6998,1,389,MEFV,643; 644,MEFV,520,名稱找到,https://www.genenames.org/data/gene-symbol-report/#!/hgnc_id/HGNC:6998,僅基因身分對接；疾病及頻率另審
MESP2,MESP2,現行符號,HGNC:29659,1,390,MESP2,646,MESP2,521,名稱找到,https://www.genenames.org/data/gene-symbol-report/#!/hgnc_id/HGNC:29659,僅基因身分對接；疾病及頻率另審
MFSD8,MFSD8,現行符號,HGNC:28486,1,391,MFSD8,647,MFSD8,522,名稱找到,https://www.genenames.org/data/gene-symbol-report/#!/hgnc_id/HGNC:28486,僅基因身分對接；疾病及頻率另審
MID1,MID1,現行符號,HGNC:7095,1,392,MID1,648,MID1,523,名稱找到,https://www.genenames.org/data/gene-symbol-report/#!/hgnc_id/HGNC:7095,僅基因身分對接；疾病及頻率另審
MKKS,MKKS,現行符號,HGNC:7108,1,393,MKKS,649,MKKS,524,名稱找到,https://www.genenames.org/data/gene-symbol-report/#!/hgnc_id/HGNC:7108,僅基因身分對接；疾病及頻率另審
MKS1,MKS1,現行符號,HGNC:7121,1,394,MKS1,650; 651,MKS1,525,名稱找到,https://www.genenames.org/data/gene-symbol-report/#!/hgnc_id/HGNC:7121,僅基因身分對接；疾病及頻率另審
MLC1,MLC1,現行符號,HGNC:17082,1,395,MLC1,652; 653,MLC1,526,名稱找到,https://www.genenames.org/data/gene-symbol-report/#!/hgnc_id/HGNC:17082,僅基因身分對接；疾病及頻率另審
MLYCD,MLYCD,現行符號,HGNC:7150,1,396,MLYCD,654,MLYCD,527,名稱找到,https://www.genenames.org/data/gene-symbol-report/#!/hgnc_id/HGNC:7150,僅基因身分對接；疾病及頻率另審
MMAA,MMAA,現行符號,HGNC:18871,1,397,MMAA,655,MMAA,528,名稱找到,https://www.genenames.org/data/gene-symbol-report/#!/hgnc_id/HGNC:18871,僅基因身分對接；疾病及頻率另審
MMAB,MMAB,現行符號,HGNC:19331,1,398,MMAB,656,MMAB,529,名稱找到,https://www.genenames.org/data/gene-symbol-report/#!/hgnc_id/HGNC:19331,僅基因身分對接；疾病及頻率另審
MMACHC,MMACHC,現行符號,HGNC:24525,1,399,MMACHC,657,MMACHC,530,名稱找到,https://www.genenames.org/data/gene-symbol-report/#!/hgnc_id/HGNC:24525,僅基因身分對接；疾病及頻率另審
MMADHC,MMADHC,現行符號,HGNC:25221,1,400,MMADHC,658,MMADHC,531,名稱找到,https://www.genenames.org/data/gene-symbol-report/#!/hgnc_id/HGNC:25221,僅基因身分對接；疾病及頻率另審
MMUT,MMUT,現行符號,HGNC:7526,1,401,MUT,676,,,舊名稱補回,https://www.genenames.org/data/gene-symbol-report/#!/hgnc_id/HGNC:7526,僅基因身分對接；疾病及頻率另審
MOCS1,MOCS1,現行符號,HGNC:7190,1,402,MOCS1,659,MOCS1,532,名稱找到,https://www.genenames.org/data/gene-symbol-report/#!/hgnc_id/HGNC:7190,僅基因身分對接；疾病及頻率另審
MOCS2,MOCS2,現行符號,HGNC:7193,1,403,MOCS2,660,MOCS2,533,名稱找到,https://www.genenames.org/data/gene-symbol-report/#!/hgnc_id/HGNC:7193,僅基因身分對接；疾病及頻率另審
MPI,MPI,現行符號,HGNC:7216,1,404,MPI,661,MPI,534,名稱找到,https://www.genenames.org/data/gene-symbol-report/#!/hgnc_id/HGNC:7216,僅基因身分對接；疾病及頻率另審
MPL,MPL,現行符號,HGNC:7217,1,405,MPL,662; 663,MPL,535,名稱找到,https://www.genenames.org/data/gene-symbol-report/#!/hgnc_id/HGNC:7217,僅基因身分對接；疾病及頻率另審
MPV17,MPV17,現行符號,HGNC:7224,1,406,MPV17,664; 665,MPV17,536,名稱找到,https://www.genenames.org/data/gene-symbol-report/#!/hgnc_id/HGNC:7224,僅基因身分對接；疾病及頻率另審
MRE11,MRE11,現行符號,HGNC:7230,1,407,MRE11,666,MRE11,537,名稱找到,https://www.genenames.org/data/gene-symbol-report/#!/hgnc_id/HGNC:7230,僅基因身分對接；疾病及頻率另審
MT-RNR1,MT-RNR1,現行符號,HGNC:7470,1,412,,,,,未找到,https://www.genenames.org/data/gene-symbol-report/#!/hgnc_id/HGNC:7470,僅基因身分對接；疾病及頻率另審
MTHFR,MTHFR,現行符號,HGNC:7436,1,408,MTHFR,668,MTHFR,538,名稱找到,https://www.genenames.org/data/gene-symbol-report/#!/hgnc_id/HGNC:7436,僅基因身分對接；疾病及頻率另審
MTM1,MTM1,現行符號,HGNC:7448,1,409,MTM1,669,MTM1,539,名稱找到,https://www.genenames.org/data/gene-symbol-report/#!/hgnc_id/HGNC:7448,僅基因身分對接；疾病及頻率另審
MTMR2,MTMR2,現行符號,HGNC:7450,1,410,MTMR2,670,MTMR2,540,名稱找到,https://www.genenames.org/data/gene-symbol-report/#!/hgnc_id/HGNC:7450,僅基因身分對接；疾病及頻率另審
MTR,MTR,現行符號,HGNC:7468,1,411,MTR,671,MTR,541,名稱找到,https://www.genenames.org/data/gene-symbol-report/#!/hgnc_id/HGNC:7468,僅基因身分對接；疾病及頻率另審
MTRR,MTRR,現行符號,HGNC:7473,1,413,MTRR,672,MTRR,542,名稱找到,https://www.genenames.org/data/gene-symbol-report/#!/hgnc_id/HGNC:7473,僅基因身分對接；疾病及頻率另審
MTTP,MTTP,現行符號,HGNC:7467,1,414,MTTP,673; 674,MTTP,543,名稱找到,https://www.genenames.org/data/gene-symbol-report/#!/hgnc_id/HGNC:7467,僅基因身分對接；疾病及頻率另審
MUSK,MUSK,現行符號,HGNC:7525,1,415,MUSK,675,MUSK,544,名稱找到,https://www.genenames.org/data/gene-symbol-report/#!/hgnc_id/HGNC:7525,僅基因身分對接；疾病及頻率另審
MVK,MVK,現行符號,HGNC:7530,2,416,MVK,677,MVK,545,名稱找到,https://www.genenames.org/data/gene-symbol-report/#!/hgnc_id/HGNC:7530,僅基因身分對接；疾病及頻率另審
MYO15A,MYO15A,現行符號,HGNC:7594,1,417,MYO15A,678; 679; 680,MYO15A,546; 547; 548; 549,名稱找到,https://www.genenames.org/data/gene-symbol-report/#!/hgnc_id/HGNC:7594,僅基因身分對接；疾病及頻率另審
MYO7A,MYO7A,現行符號,HGNC:7606,1,418,MYO7A,681; 682,MYO7A,550; 551; 552; 553; 554; 555,名稱找到,https://www.genenames.org/data/gene-symbol-report/#!/hgnc_id/HGNC:7606,僅基因身分對接；疾病及頻率另審
NAGA,NAGA,現行符號,HGNC:7631,1,419,NAGA,683,NAGA,556,名稱找到,https://www.genenames.org/data/gene-symbol-report/#!/hgnc_id/HGNC:7631,僅基因身分對接；疾病及頻率另審
NAGLU,NAGLU,現行符號,HGNC:7632,1,420,NAGLU,684; 685; 686,NAGLU,557,名稱找到,https://www.genenames.org/data/gene-symbol-report/#!/hgnc_id/HGNC:7632,僅基因身分對接；疾病及頻率另審
NAGS,NAGS,現行符號,HGNC:17996,1,421,NAGS,687,NAGS,558,名稱找到,https://www.genenames.org/data/gene-symbol-report/#!/hgnc_id/HGNC:17996,僅基因身分對接；疾病及頻率另審
NBN,NBN,現行符號,HGNC:7652,1,422,NBN,690,NBN,559,名稱找到,https://www.genenames.org/data/gene-symbol-report/#!/hgnc_id/HGNC:7652,僅基因身分對接；疾病及頻率另審
NCF2,NCF2,現行符號,HGNC:7661,1,423,NCF2,691,NCF2,560,名稱找到,https://www.genenames.org/data/gene-symbol-report/#!/hgnc_id/HGNC:7661,僅基因身分對接；疾病及頻率另審
NDP,NDP,現行符號,HGNC:7678,1,424,NDP,693,NDP,561,名稱找到,https://www.genenames.org/data/gene-symbol-report/#!/hgnc_id/HGNC:7678,僅基因身分對接；疾病及頻率另審
NDRG1,NDRG1,現行符號,HGNC:7679,1,425,NDRG1,694,NDRG1,562,名稱找到,https://www.genenames.org/data/gene-symbol-report/#!/hgnc_id/HGNC:7679,僅基因身分對接；疾病及頻率另審
NDUFAF2,NDUFAF2,現行符號,HGNC:28086,1,426,NDUFAF2,696,NDUFAF2,563,名稱找到,https://www.genenames.org/data/gene-symbol-report/#!/hgnc_id/HGNC:28086,僅基因身分對接；疾病及頻率另審
NDUFAF5,NDUFAF5,現行符號,HGNC:15899,1,427,NDUFAF5,697; 698,NDUFAF5,564,名稱找到,https://www.genenames.org/data/gene-symbol-report/#!/hgnc_id/HGNC:15899,僅基因身分對接；疾病及頻率另審
NDUFS4,NDUFS4,現行符號,HGNC:7711,1,428,NDUFS4,699; 700,NDUFS4,565,名稱找到,https://www.genenames.org/data/gene-symbol-report/#!/hgnc_id/HGNC:7711,僅基因身分對接；疾病及頻率另審
NDUFS6,NDUFS6,現行符號,HGNC:7713,1,429,NDUFS6,701; 702,NDUFS6,566,名稱找到,https://www.genenames.org/data/gene-symbol-report/#!/hgnc_id/HGNC:7713,僅基因身分對接；疾病及頻率另審
NDUFS7,NDUFS7,現行符號,HGNC:7714,1,430,NDUFS7,703,NDUFS7,567,名稱找到,https://www.genenames.org/data/gene-symbol-report/#!/hgnc_id/HGNC:7714,僅基因身分對接；疾病及頻率另審
NDUFV1,NDUFV1,現行符號,HGNC:7716,1,431,NDUFV1,704,NDUFV1,568,名稱找到,https://www.genenames.org/data/gene-symbol-report/#!/hgnc_id/HGNC:7716,僅基因身分對接；疾病及頻率另審
NEB,NEB,現行符號,HGNC:7720,1,432,NEB,705; 706; 707; 708,NEB,569; 570; 571; 572; 573,名稱找到,https://www.genenames.org/data/gene-symbol-report/#!/hgnc_id/HGNC:7720,僅基因身分對接；疾病及頻率另審
NEU1,NEU1,現行符號,HGNC:7758,1,433,NEU1,709,NEU1,574,名稱找到,https://www.genenames.org/data/gene-symbol-report/#!/hgnc_id/HGNC:7758,僅基因身分對接；疾病及頻率另審
NGLY1,NGLY1,現行符號,HGNC:17646,1,434,NGLY1,710,NGLY1,575,名稱找到,https://www.genenames.org/data/gene-symbol-report/#!/hgnc_id/HGNC:17646,僅基因身分對接；疾病及頻率另審
NHLRC1,NHLRC1,現行符號,HGNC:21576,1,435,,,,,未找到,https://www.genenames.org/data/gene-symbol-report/#!/hgnc_id/HGNC:21576,僅基因身分對接；疾病及頻率另審
NMNAT1,NMNAT1,現行符號,HGNC:17877,1,436,,,,,未找到,https://www.genenames.org/data/gene-symbol-report/#!/hgnc_id/HGNC:17877,僅基因身分對接；疾病及頻率另審
NPC1,NPC1,現行符號,HGNC:7897,1,437,NPC1,714,NPC1,576,名稱找到,https://www.genenames.org/data/gene-symbol-report/#!/hgnc_id/HGNC:7897,僅基因身分對接；疾病及頻率另審
NPC2,NPC2,現行符號,HGNC:14537,1,438,NPC2,715,NPC2,577,名稱找到,https://www.genenames.org/data/gene-symbol-report/#!/hgnc_id/HGNC:14537,僅基因身分對接；疾病及頻率另審
NPHP1,NPHP1,現行符號,HGNC:7905,2,439,NPHP1,716; 717,NPHP1,578,名稱找到,https://www.genenames.org/data/gene-symbol-report/#!/hgnc_id/HGNC:7905,僅基因身分對接；疾病及頻率另審
NPHP3,NPHP3,現行符號,HGNC:7907,2,440,NPHP3,718,NPHP3,579,名稱找到,https://www.genenames.org/data/gene-symbol-report/#!/hgnc_id/HGNC:7907,僅基因身分對接；疾病及頻率另審
NPHP4,NPHP4,現行符號,HGNC:19104,2,441,,,NPHP4,580,未找到,https://www.genenames.org/data/gene-symbol-report/#!/hgnc_id/HGNC:19104,僅基因身分對接；疾病及頻率另審
NPHS1,NPHS1,現行符號,HGNC:7908,1,442,NPHS1,719; 720,NPHS1,581,名稱找到,https://www.genenames.org/data/gene-symbol-report/#!/hgnc_id/HGNC:7908,僅基因身分對接；疾病及頻率另審
NPHS2,NPHS2,現行符號,HGNC:13394,1,443,NPHS2,721; 722,NPHS2,582,名稱找到,https://www.genenames.org/data/gene-symbol-report/#!/hgnc_id/HGNC:13394,僅基因身分對接；疾病及頻率另審
NR0B1,NR0B1,現行符號,HGNC:7960,1,444,NR0B1,723,NR0B1,583,名稱找到,https://www.genenames.org/data/gene-symbol-report/#!/hgnc_id/HGNC:7960,僅基因身分對接；疾病及頻率另審
NR1H4,NR1H4,現行符號,HGNC:7967,1,445,,,,,未找到,https://www.genenames.org/data/gene-symbol-report/#!/hgnc_id/HGNC:7967,僅基因身分對接；疾病及頻率另審
NR2E3,NR2E3,現行符號,HGNC:7974,1,446,NR2E3,724,NR2E3,584,名稱找到,https://www.genenames.org/data/gene-symbol-report/#!/hgnc_id/HGNC:7974,僅基因身分對接；疾病及頻率另審
NSMCE3,NSMCE3,現行符號,HGNC:7677,1,447,NSMCE3,725,NSMCE3,585,名稱找到,https://www.genenames.org/data/gene-symbol-report/#!/hgnc_id/HGNC:7677,僅基因身分對接；疾病及頻率另審
NTRK1,NTRK1,現行符號,HGNC:8031,1,448,NTRK1,726,NTRK1,586,名稱找到,https://www.genenames.org/data/gene-symbol-report/#!/hgnc_id/HGNC:8031,僅基因身分對接；疾病及頻率另審
OAT,OAT,現行符號,HGNC:8091,1,449,OAT,727,OAT,587,名稱找到,https://www.genenames.org/data/gene-symbol-report/#!/hgnc_id/HGNC:8091,僅基因身分對接；疾病及頻率另審
OCA2,OCA2,現行符號,HGNC:8101,1,450,OCA2,729,OCA2,588,名稱找到,https://www.genenames.org/data/gene-symbol-report/#!/hgnc_id/HGNC:8101,僅基因身分對接；疾病及頻率另審
OCRL,OCRL,現行符號,HGNC:8108,2,451,OCRL,730,OCRL,589,名稱找到,https://www.genenames.org/data/gene-symbol-report/#!/hgnc_id/HGNC:8108,僅基因身分對接；疾病及頻率另審
ODAD3,ODAD3,現行符號,HGNC:28303,1,452,CCDC151,173,,,舊名稱補回,https://www.genenames.org/data/gene-symbol-report/#!/hgnc_id/HGNC:28303,僅基因身分對接；疾病及頻率另審
OPA3,OPA3,現行符號,HGNC:8142,1,453,OPA3,731; 732,OPA3,590,名稱找到,https://www.genenames.org/data/gene-symbol-report/#!/hgnc_id/HGNC:8142,僅基因身分對接；疾病及頻率另審
OPHN1,OPHN1,現行符號,HGNC:8148,1,454,OPHN1,733,OPHN1,591,名稱找到,https://www.genenames.org/data/gene-symbol-report/#!/hgnc_id/HGNC:8148,僅基因身分對接；疾病及頻率另審
OSTM1,OSTM1,現行符號,HGNC:21652,1,455,OSTM1,734,OSTM1,592,名稱找到,https://www.genenames.org/data/gene-symbol-report/#!/hgnc_id/HGNC:21652,僅基因身分對接；疾病及頻率另審
OTC,OTC,現行符號,HGNC:8512,1,456,OTC,735,OTC,593,名稱找到,https://www.genenames.org/data/gene-symbol-report/#!/hgnc_id/HGNC:8512,僅基因身分對接；疾病及頻率另審
OTOA,OTOA,現行符號,HGNC:16378,1,457,OTOA,736,OTOA,594,名稱找到,https://www.genenames.org/data/gene-symbol-report/#!/hgnc_id/HGNC:16378,僅基因身分對接；疾病及頻率另審
OTOF,OTOF,現行符號,HGNC:8515,1,458,OTOF,737; 738,OTOF,595; 596; 597; 598; 599,名稱找到,https://www.genenames.org/data/gene-symbol-report/#!/hgnc_id/HGNC:8515,僅基因身分對接；疾病及頻率另審
P3H1,P3H1,現行符號,HGNC:19316,1,459,P3H1,739; 740; 741,P3H1,600,名稱找到,https://www.genenames.org/data/gene-symbol-report/#!/hgnc_id/HGNC:19316,僅基因身分對接；疾病及頻率另審
PAH,PAH,現行符號,HGNC:8582,1,460,PAH,742; 743; 744; 745,PAH,601; 602; 603; 604; 605; 606,名稱找到,https://www.genenames.org/data/gene-symbol-report/#!/hgnc_id/HGNC:8582,僅基因身分對接；疾病及頻率另審
PAK3,PAK3,現行符號,HGNC:8592,1,461,PAK3,746,PAK3,607,名稱找到,https://www.genenames.org/data/gene-symbol-report/#!/hgnc_id/HGNC:8592,僅基因身分對接；疾病及頻率另審
PANK2,PANK2,現行符號,HGNC:15894,1,462,PANK2,747,PANK2,608,名稱找到,https://www.genenames.org/data/gene-symbol-report/#!/hgnc_id/HGNC:15894,僅基因身分對接；疾病及頻率另審
PC,PC,現行符號,HGNC:8636,1,463,PC,748,PC,609,名稱找到,https://www.genenames.org/data/gene-symbol-report/#!/hgnc_id/HGNC:8636,僅基因身分對接；疾病及頻率另審
PCBD1,PCBD1,現行符號,HGNC:8646,1,464,PCBD1,749,PCBD1,610,名稱找到,https://www.genenames.org/data/gene-symbol-report/#!/hgnc_id/HGNC:8646,僅基因身分對接；疾病及頻率另審
PCCA,PCCA,現行符號,HGNC:8653,1,465,PCCA,750; 751,PCCA,611,名稱找到,https://www.genenames.org/data/gene-symbol-report/#!/hgnc_id/HGNC:8653,僅基因身分對接；疾病及頻率另審
PCCB,PCCB,現行符號,HGNC:8654,1,466,PCCB,752; 753,PCCB,612,名稱找到,https://www.genenames.org/data/gene-symbol-report/#!/hgnc_id/HGNC:8654,僅基因身分對接；疾病及頻率另審
PCDH15,PCDH15,現行符號,HGNC:14674,1,467,PCDH15,754; 755,PCDH15,613,名稱找到,https://www.genenames.org/data/gene-symbol-report/#!/hgnc_id/HGNC:14674,僅基因身分對接；疾病及頻率另審
PCNT,PCNT,現行符號,HGNC:16068,1,468,PCNT,756,PCNT,614,名稱找到,https://www.genenames.org/data/gene-symbol-report/#!/hgnc_id/HGNC:16068,僅基因身分對接；疾病及頻率另審
PDE6A,PDE6A,現行符號,HGNC:8785,1,469,PDE6A,757,PDE6A,615,名稱找到,https://www.genenames.org/data/gene-symbol-report/#!/hgnc_id/HGNC:8785,僅基因身分對接；疾病及頻率另審
PDE6B,PDE6B,現行符號,HGNC:8786,1,470,,,,,未找到,https://www.genenames.org/data/gene-symbol-report/#!/hgnc_id/HGNC:8786,僅基因身分對接；疾病及頻率另審
PDE6C,PDE6C,現行符號,HGNC:8787,1,471,,,,,未找到,https://www.genenames.org/data/gene-symbol-report/#!/hgnc_id/HGNC:8787,僅基因身分對接；疾病及頻率另審
PDHA1,PDHA1,現行符號,HGNC:8806,1,472,PDHA1,758,PDHA1,616,名稱找到,https://www.genenames.org/data/gene-symbol-report/#!/hgnc_id/HGNC:8806,僅基因身分對接；疾病及頻率另審
PDHB,PDHB,現行符號,HGNC:8808,1,473,PDHB,759,PDHB,617,名稱找到,https://www.genenames.org/data/gene-symbol-report/#!/hgnc_id/HGNC:8808,僅基因身分對接；疾病及頻率另審
PEPD,PEPD,現行符號,HGNC:8840,1,474,PEPD,762,PEPD,618,名稱找到,https://www.genenames.org/data/gene-symbol-report/#!/hgnc_id/HGNC:8840,僅基因身分對接；疾病及頻率另審
PET100,PET100,現行符號,HGNC:40038,1,475,PET100,763,PET100,619,名稱找到,https://www.genenames.org/data/gene-symbol-report/#!/hgnc_id/HGNC:40038,僅基因身分對接；疾病及頻率另審
PEX1,PEX1,現行符號,HGNC:8850,1,476,PEX1,764,PEX1,620,名稱找到,https://www.genenames.org/data/gene-symbol-report/#!/hgnc_id/HGNC:8850,僅基因身分對接；疾病及頻率另審
PEX10,PEX10,現行符號,HGNC:8851,1,477,PEX10,765; 766,PEX10,621,名稱找到,https://www.genenames.org/data/gene-symbol-report/#!/hgnc_id/HGNC:8851,僅基因身分對接；疾病及頻率另審
PEX12,PEX12,現行符號,HGNC:8854,1,478,PEX12,768,PEX12,622,名稱找到,https://www.genenames.org/data/gene-symbol-report/#!/hgnc_id/HGNC:8854,僅基因身分對接；疾病及頻率另審
PEX13,PEX13,現行符號,HGNC:8855,1,479,PEX13,769,PEX13,623,名稱找到,https://www.genenames.org/data/gene-symbol-report/#!/hgnc_id/HGNC:8855,僅基因身分對接；疾病及頻率另審
PEX16,PEX16,現行符號,HGNC:8857,1,480,PEX16,771,PEX16,624,名稱找到,https://www.genenames.org/data/gene-symbol-report/#!/hgnc_id/HGNC:8857,僅基因身分對接；疾病及頻率另審
PEX2,PEX2,現行符號,HGNC:9717,1,481,PEX2,773; 774,PEX2,625,名稱找到,https://www.genenames.org/data/gene-symbol-report/#!/hgnc_id/HGNC:9717,僅基因身分對接；疾病及頻率另審
PEX26,PEX26,現行符號,HGNC:22965,1,482,PEX26,775,PEX26,626,名稱找到,https://www.genenames.org/data/gene-symbol-report/#!/hgnc_id/HGNC:22965,僅基因身分對接；疾病及頻率另審
PEX5,PEX5,現行符號,HGNC:9719,1,483,PEX5,777,PEX5,627,名稱找到,https://www.genenames.org/data/gene-symbol-report/#!/hgnc_id/HGNC:9719,僅基因身分對接；疾病及頻率另審
PEX6,PEX6,現行符號,HGNC:8859,1,484,PEX6,778; 779,PEX6,628,名稱找到,https://www.genenames.org/data/gene-symbol-report/#!/hgnc_id/HGNC:8859,僅基因身分對接；疾病及頻率另審
PEX7,PEX7,現行符號,HGNC:8860,1,485,PEX7,780,PEX7,629,名稱找到,https://www.genenames.org/data/gene-symbol-report/#!/hgnc_id/HGNC:8860,僅基因身分對接；疾病及頻率另審
PFKM,PFKM,現行符號,HGNC:8877,1,486,PFKM,781; 782,PFKM,630,名稱找到,https://www.genenames.org/data/gene-symbol-report/#!/hgnc_id/HGNC:8877,僅基因身分對接；疾病及頻率另審
PGK1,PGK1,現行符號,HGNC:8896,1,487,PGK1,783,PGK1,631,名稱找到,https://www.genenames.org/data/gene-symbol-report/#!/hgnc_id/HGNC:8896,僅基因身分對接；疾病及頻率另審
PGM3,PGM3,現行符號,HGNC:8907,1,488,PGM3,784,PGM3,632,名稱找到,https://www.genenames.org/data/gene-symbol-report/#!/hgnc_id/HGNC:8907,僅基因身分對接；疾病及頻率另審
PHF8,PHF8,現行符號,HGNC:20672,1,489,PHF8,785,PHF8,633,名稱找到,https://www.genenames.org/data/gene-symbol-report/#!/hgnc_id/HGNC:20672,僅基因身分對接；疾病及頻率另審
PHGDH,PHGDH,現行符號,HGNC:8923,1,490,PHGDH,786; 787,PHGDH,634,名稱找到,https://www.genenames.org/data/gene-symbol-report/#!/hgnc_id/HGNC:8923,僅基因身分對接；疾病及頻率另審
PHKB,PHKB,現行符號,HGNC:8927,1,491,PHKB,790,PHKB,635,名稱找到,https://www.genenames.org/data/gene-symbol-report/#!/hgnc_id/HGNC:8927,僅基因身分對接；疾病及頻率另審
PHKG2,PHKG2,現行符號,HGNC:8931,1,492,PHKG2,791,PHKG2,636,名稱找到,https://www.genenames.org/data/gene-symbol-report/#!/hgnc_id/HGNC:8931,僅基因身分對接；疾病及頻率另審
PHYH,PHYH,現行符號,HGNC:8940,1,493,PHYH,792,PHYH,637,名稱找到,https://www.genenames.org/data/gene-symbol-report/#!/hgnc_id/HGNC:8940,僅基因身分對接；疾病及頻率另審
PIGN,PIGN,現行符號,HGNC:8967,1,494,PIGN,793,PIGN,638,名稱找到,https://www.genenames.org/data/gene-symbol-report/#!/hgnc_id/HGNC:8967,僅基因身分對接；疾病及頻率另審
PJVK,PJVK,現行符號,HGNC:29502,1,495,PJVK,795,PJVK,639,名稱找到,https://www.genenames.org/data/gene-symbol-report/#!/hgnc_id/HGNC:29502,僅基因身分對接；疾病及頻率另審
PKHD1,PKHD1,現行符號,HGNC:9016,1,496,PKHD1,796; 797,PKHD1,640,名稱找到,https://www.genenames.org/data/gene-symbol-report/#!/hgnc_id/HGNC:9016,僅基因身分對接；疾病及頻率另審
PLA2G6,PLA2G6,現行符號,HGNC:9039,1,497,PLA2G6,798,PLA2G6,641,名稱找到,https://www.genenames.org/data/gene-symbol-report/#!/hgnc_id/HGNC:9039,僅基因身分對接；疾病及頻率另審
PLEKHG5,PLEKHG5,現行符號,HGNC:29105,1,498,PLEKHG5,799,PLEKHG5,642,名稱找到,https://www.genenames.org/data/gene-symbol-report/#!/hgnc_id/HGNC:29105,僅基因身分對接；疾病及頻率另審
PLOD1,PLOD1,現行符號,HGNC:9081,1,499,PLOD1,800,PLOD1,643,名稱找到,https://www.genenames.org/data/gene-symbol-report/#!/hgnc_id/HGNC:9081,僅基因身分對接；疾病及頻率另審
PLP1,PLP1,現行符號,HGNC:9086,1,500,PLP1,802,PLP1,644,名稱找到,https://www.genenames.org/data/gene-symbol-report/#!/hgnc_id/HGNC:9086,僅基因身分對接；疾病及頻率另審
PMM2,PMM2,現行符號,HGNC:9115,1,501,PMM2,803; 804; 805,PMM2,645,名稱找到,https://www.genenames.org/data/gene-symbol-report/#!/hgnc_id/HGNC:9115,僅基因身分對接；疾病及頻率另審
PNPO,PNPO,現行符號,HGNC:30260,1,502,PNPO,808,PNPO,646,名稱找到,https://www.genenames.org/data/gene-symbol-report/#!/hgnc_id/HGNC:30260,僅基因身分對接；疾病及頻率另審
POLG,POLG,現行符號,HGNC:9179,2,503,POLG,810,POLG,647; 648; 649; 650; 651,名稱找到,https://www.genenames.org/data/gene-symbol-report/#!/hgnc_id/HGNC:9179,僅基因身分對接；疾病及頻率另審
POLH,POLH,現行符號,HGNC:9181,1,504,POLH,811,POLH,652,名稱找到,https://www.genenames.org/data/gene-symbol-report/#!/hgnc_id/HGNC:9181,僅基因身分對接；疾病及頻率另審
POLR1C,POLR1C,現行符號,HGNC:20194,1,505,POLR1C,812,POLR1C,653,名稱找到,https://www.genenames.org/data/gene-symbol-report/#!/hgnc_id/HGNC:20194,僅基因身分對接；疾病及頻率另審
POLR3A,POLR3A,現行符號,HGNC:30074,2,506,,,,,未找到,https://www.genenames.org/data/gene-symbol-report/#!/hgnc_id/HGNC:30074,僅基因身分對接；疾病及頻率另審
POMGNT1,POMGNT1,現行符號,HGNC:19139,4,507,POMGNT1,813; 814,POMGNT1,654,名稱找到,https://www.genenames.org/data/gene-symbol-report/#!/hgnc_id/HGNC:19139,僅基因身分對接；疾病及頻率另審
POMT1,POMT1,現行符號,HGNC:9202,1,508,POMT1,816,POMT1,655,名稱找到,https://www.genenames.org/data/gene-symbol-report/#!/hgnc_id/HGNC:9202,僅基因身分對接；疾病及頻率另審
POMT2,POMT2,現行符號,HGNC:19743,1,509,POMT2,817,POMT2,656,名稱找到,https://www.genenames.org/data/gene-symbol-report/#!/hgnc_id/HGNC:19743,僅基因身分對接；疾病及頻率另審
POR,POR,現行符號,HGNC:9208,1,510,POR,818,POR,657,名稱找到,https://www.genenames.org/data/gene-symbol-report/#!/hgnc_id/HGNC:9208,僅基因身分對接；疾病及頻率另審
POU1F1,POU1F1,現行符號,HGNC:9210,1,511,POU1F1,819,POU1F1,658,名稱找到,https://www.genenames.org/data/gene-symbol-report/#!/hgnc_id/HGNC:9210,僅基因身分對接；疾病及頻率另審
POU3F4,POU3F4,現行符號,HGNC:9217,1,512,POU3F4,820,POU3F4,659,名稱找到,https://www.genenames.org/data/gene-symbol-report/#!/hgnc_id/HGNC:9217,僅基因身分對接；疾病及頻率另審
PPT1,PPT1,現行符號,HGNC:9325,1,513,PPT1,822; 823; 824,PPT1,660,名稱找到,https://www.genenames.org/data/gene-symbol-report/#!/hgnc_id/HGNC:9325,僅基因身分對接；疾病及頻率另審
PQBP1,PQBP1,現行符號,HGNC:9330,1,514,PQBP1,825,PQBP1,661,名稱找到,https://www.genenames.org/data/gene-symbol-report/#!/hgnc_id/HGNC:9330,僅基因身分對接；疾病及頻率另審
PRCD,PRCD,現行符號,HGNC:32528,1,515,PRCD,826,PRCD,662,名稱找到,https://www.genenames.org/data/gene-symbol-report/#!/hgnc_id/HGNC:32528,僅基因身分對接；疾病及頻率另審
PRDM5,PRDM5,現行符號,HGNC:9349,1,516,PRDM5,827,PRDM5,663,名稱找到,https://www.genenames.org/data/gene-symbol-report/#!/hgnc_id/HGNC:9349,僅基因身分對接；疾病及頻率另審
PRF1,PRF1,現行符號,HGNC:9360,1,517,PRF1,828,PRF1,664,名稱找到,https://www.genenames.org/data/gene-symbol-report/#!/hgnc_id/HGNC:9360,僅基因身分對接；疾病及頻率另審
PROM1,PROM1,現行符號,HGNC:9454,1,518,,,,,未找到,https://www.genenames.org/data/gene-symbol-report/#!/hgnc_id/HGNC:9454,僅基因身分對接；疾病及頻率另審
PROP1,PROP1,現行符號,HGNC:9455,1,519,PROP1,831,PROP1,665,名稱找到,https://www.genenames.org/data/gene-symbol-report/#!/hgnc_id/HGNC:9455,僅基因身分對接；疾病及頻率另審
PRPS1,PRPS1,現行符號,HGNC:9462,1,520,PRPS1,832,PRPS1,666,名稱找到,https://www.genenames.org/data/gene-symbol-report/#!/hgnc_id/HGNC:9462,僅基因身分對接；疾病及頻率另審
PSAP,PSAP,現行符號,HGNC:9498,1,521,PSAP,833,PSAP,667,名稱找到,https://www.genenames.org/data/gene-symbol-report/#!/hgnc_id/HGNC:9498,僅基因身分對接；疾病及頻率另審
PTPRC,PTPRC,現行符號,HGNC:9666,1,522,PTPRC,834,PTPRC,668,名稱找到,https://www.genenames.org/data/gene-symbol-report/#!/hgnc_id/HGNC:9666,僅基因身分對接；疾病及頻率另審
PTS,PTS,現行符號,HGNC:9689,1,523,PTS,835,PTS,669,名稱找到,https://www.genenames.org/data/gene-symbol-report/#!/hgnc_id/HGNC:9689,僅基因身分對接；疾病及頻率另審
PUS1,PUS1,現行符號,HGNC:15508,1,524,PUS1,836,PUS1,670,名稱找到,https://www.genenames.org/data/gene-symbol-report/#!/hgnc_id/HGNC:15508,僅基因身分對接；疾病及頻率另審
PYGM,PYGM,現行符號,HGNC:9726,1,525,PYGM,839; 840,PYGM,671,名稱找到,https://www.genenames.org/data/gene-symbol-report/#!/hgnc_id/HGNC:9726,僅基因身分對接；疾病及頻率另審
QDPR,QDPR,現行符號,HGNC:9752,1,526,QDPR,841,QDPR,672,名稱找到,https://www.genenames.org/data/gene-symbol-report/#!/hgnc_id/HGNC:9752,僅基因身分對接；疾病及頻率另審
RAB23,RAB23,現行符號,HGNC:14263,1,527,RAB23,842,RAB23,673,名稱找到,https://www.genenames.org/data/gene-symbol-report/#!/hgnc_id/HGNC:14263,僅基因身分對接；疾病及頻率另審
RAG1,RAG1,現行符號,HGNC:9831,1,528,RAG1,843,RAG1,674; 675; 676; 677,名稱找到,https://www.genenames.org/data/gene-symbol-report/#!/hgnc_id/HGNC:9831,僅基因身分對接；疾病及頻率另審
RAG2,RAG2,現行符號,HGNC:9832,1,529,RAG2,844,RAG2,678; 679; 680; 681; 682; 683; 684,名稱找到,https://www.genenames.org/data/gene-symbol-report/#!/hgnc_id/HGNC:9832,僅基因身分對接；疾病及頻率另審
RAPSN,RAPSN,現行符號,HGNC:9863,1,530,RAPSN,845,RAPSN,685,名稱找到,https://www.genenames.org/data/gene-symbol-report/#!/hgnc_id/HGNC:9863,僅基因身分對接；疾病及頻率另審
RARS2,RARS2,現行符號,HGNC:21406,1,531,RARS2,846,RARS2,686,名稱找到,https://www.genenames.org/data/gene-symbol-report/#!/hgnc_id/HGNC:21406,僅基因身分對接；疾病及頻率另審
RAX,RAX,現行符號,HGNC:18662,1,532,RAX,847,RAX,687,名稱找到,https://www.genenames.org/data/gene-symbol-report/#!/hgnc_id/HGNC:18662,僅基因身分對接；疾病及頻率另審
RDH12,RDH12,現行符號,HGNC:19977,1,533,RDH12,849; 850,RDH12,688,名稱找到,https://www.genenames.org/data/gene-symbol-report/#!/hgnc_id/HGNC:19977,僅基因身分對接；疾病及頻率另審
RELN,RELN,現行符號,HGNC:9957,1,534,,,,,未找到,https://www.genenames.org/data/gene-symbol-report/#!/hgnc_id/HGNC:9957,僅基因身分對接；疾病及頻率另審
RLBP1,RLBP1,現行符號,HGNC:10024,1,535,RLBP1,856; 857,RLBP1,689,名稱找到,https://www.genenames.org/data/gene-symbol-report/#!/hgnc_id/HGNC:10024,僅基因身分對接；疾病及頻率另審
RMRP,RMRP,現行符號,HGNC:10031,1,536,RMRP,858; 859; 860,RMRP,690; 691; 692; 693; 694; 695; 696,名稱找到,https://www.genenames.org/data/gene-symbol-report/#!/hgnc_id/HGNC:10031,僅基因身分對接；疾病及頻率另審
RNASEH2A,RNASEH2A,現行符號,HGNC:18518,1,537,RNASEH2A,861,RNASEH2A,697,名稱找到,https://www.genenames.org/data/gene-symbol-report/#!/hgnc_id/HGNC:18518,僅基因身分對接；疾病及頻率另審
RNASEH2B,RNASEH2B,現行符號,HGNC:25671,1,538,RNASEH2B,862,RNASEH2B,698,名稱找到,https://www.genenames.org/data/gene-symbol-report/#!/hgnc_id/HGNC:25671,僅基因身分對接；疾病及頻率另審
RNASEH2C,RNASEH2C,現行符號,HGNC:24116,1,539,RNASEH2C,863,RNASEH2C,699,名稱找到,https://www.genenames.org/data/gene-symbol-report/#!/hgnc_id/HGNC:24116,僅基因身分對接；疾病及頻率另審
ROBO3,ROBO3,現行符號,HGNC:13433,1,540,,,,,未找到,https://www.genenames.org/data/gene-symbol-report/#!/hgnc_id/HGNC:13433,僅基因身分對接；疾病及頻率另審
RP2,RP2,現行符號,HGNC:10274,1,541,RP2,865,RP2,700,名稱找到,https://www.genenames.org/data/gene-symbol-report/#!/hgnc_id/HGNC:10274,僅基因身分對接；疾病及頻率另審
RPE65,RPE65,現行符號,HGNC:10294,2,542,RPE65,866,RPE65,701; 702; 703; 704; 705; 706; 707; 708,名稱找到,https://www.genenames.org/data/gene-symbol-report/#!/hgnc_id/HGNC:10294,僅基因身分對接；疾病及頻率另審
RPGR,RPGR,現行符號,HGNC:10295,1,543,RPGR,867,RPGR,709; 710,名稱找到,https://www.genenames.org/data/gene-symbol-report/#!/hgnc_id/HGNC:10295,僅基因身分對接；疾病及頻率另審
RPGRIP1,RPGRIP1,現行符號,HGNC:13436,1,544,RPGRIP1,868,RPGRIP1,711,名稱找到,https://www.genenames.org/data/gene-symbol-report/#!/hgnc_id/HGNC:13436,僅基因身分對接；疾病及頻率另審
RPGRIP1L,RPGRIP1L,現行符號,HGNC:29168,1,545,RPGRIP1L,869,RPGRIP1L,712,名稱找到,https://www.genenames.org/data/gene-symbol-report/#!/hgnc_id/HGNC:29168,僅基因身分對接；疾病及頻率另審
RS1,RS1,現行符號,HGNC:10457,1,546,RS1,871,RS1,713; 714; 715,名稱找到,https://www.genenames.org/data/gene-symbol-report/#!/hgnc_id/HGNC:10457,僅基因身分對接；疾病及頻率另審
RTEL1,RTEL1,現行符號,HGNC:15888,1,547,RTEL1,873; 874,RTEL1,716,名稱找到,https://www.genenames.org/data/gene-symbol-report/#!/hgnc_id/HGNC:15888,僅基因身分對接；疾病及頻率另審
RXYLT1,RXYLT1,現行符號,HGNC:13530,1,548,RXYLT1,875,RXYLT1,717,名稱找到,https://www.genenames.org/data/gene-symbol-report/#!/hgnc_id/HGNC:13530,僅基因身分對接；疾病及頻率另審
RYR1,RYR1,現行符號,HGNC:10483,1,549,RYR1,876,RYR1,718; 719; 720; 721; 722; 723; 724,名稱找到,https://www.genenames.org/data/gene-symbol-report/#!/hgnc_id/HGNC:10483,僅基因身分對接；疾病及頻率另審
SACS,SACS,現行符號,HGNC:10519,1,550,SACS,877; 878,SACS,725,名稱找到,https://www.genenames.org/data/gene-symbol-report/#!/hgnc_id/HGNC:10519,僅基因身分對接；疾病及頻率另審
SAMD9,SAMD9,現行符號,HGNC:1348,1,551,SAMD9,880; 881,SAMD9,726,名稱找到,https://www.genenames.org/data/gene-symbol-report/#!/hgnc_id/HGNC:1348,僅基因身分對接；疾病及頻率另審
SAMHD1,SAMHD1,現行符號,HGNC:15925,1,552,SAMHD1,882,SAMHD1,727,名稱找到,https://www.genenames.org/data/gene-symbol-report/#!/hgnc_id/HGNC:15925,僅基因身分對接；疾病及頻率另審
SBDS,SBDS,現行符號,HGNC:19440,1,553,SBDS,884,SBDS,728,名稱找到,https://www.genenames.org/data/gene-symbol-report/#!/hgnc_id/HGNC:19440,僅基因身分對接；疾病及頻率另審
SCO2,SCO2,現行符號,HGNC:10604,1,554,SCO2,886,SCO2,729,名稱找到,https://www.genenames.org/data/gene-symbol-report/#!/hgnc_id/HGNC:10604,僅基因身分對接；疾病及頻率另審
SEC23B,SEC23B,現行符號,HGNC:10702,1,555,SEC23B,889,SEC23B,730,名稱找到,https://www.genenames.org/data/gene-symbol-report/#!/hgnc_id/HGNC:10702,僅基因身分對接；疾病及頻率另審
SEMA4A,SEMA4A,現行符號,HGNC:10729,2,556,,,,,未找到,https://www.genenames.org/data/gene-symbol-report/#!/hgnc_id/HGNC:10729,僅基因身分對接；疾病及頻率另審
SEPSECS,SEPSECS,現行符號,HGNC:30605,1,557,SEPSECS,891; 892,SEPSECS,731,名稱找到,https://www.genenames.org/data/gene-symbol-report/#!/hgnc_id/HGNC:30605,僅基因身分對接；疾病及頻率另審
SERPINA1,SERPINA1,現行符號,HGNC:8941,1,558,SERPINA1,893; 894,SERPINA1,732; 733; 734; 735; 736; 737; 738; 739,名稱找到,https://www.genenames.org/data/gene-symbol-report/#!/hgnc_id/HGNC:8941,僅基因身分對接；疾病及頻率另審
SFTPB,SFTPB,現行符號,HGNC:10801,1,559,,,,,未找到,https://www.genenames.org/data/gene-symbol-report/#!/hgnc_id/HGNC:10801,僅基因身分對接；疾病及頻率另審
SGCA,SGCA,現行符號,HGNC:10805,1,560,SGCA,896; 897; 898,SGCA,740; 741; 742; 743; 744; 745; 746,名稱找到,https://www.genenames.org/data/gene-symbol-report/#!/hgnc_id/HGNC:10805,僅基因身分對接；疾病及頻率另審
SGCB,SGCB,現行符號,HGNC:10806,1,561,,,SGCB,747; 748; 749; 750,未找到,https://www.genenames.org/data/gene-symbol-report/#!/hgnc_id/HGNC:10806,僅基因身分對接；疾病及頻率另審
SGCD,SGCD,現行符號,HGNC:10807,1,562,SGCD,899,SGCD,751; 752; 753,名稱找到,https://www.genenames.org/data/gene-symbol-report/#!/hgnc_id/HGNC:10807,僅基因身分對接；疾病及頻率另審
SGCG,SGCG,現行符號,HGNC:10809,1,563,SGCG,900; 901; 902,SGCG,754; 755,名稱找到,https://www.genenames.org/data/gene-symbol-report/#!/hgnc_id/HGNC:10809,僅基因身分對接；疾病及頻率另審
SGSH,SGSH,現行符號,HGNC:10818,1,564,SGSH,903; 904,SGSH,756,名稱找到,https://www.genenames.org/data/gene-symbol-report/#!/hgnc_id/HGNC:10818,僅基因身分對接；疾病及頻率另審
SH3TC2,SH3TC2,現行符號,HGNC:29427,1,565,SH3TC2,905,SH3TC2,757,名稱找到,https://www.genenames.org/data/gene-symbol-report/#!/hgnc_id/HGNC:29427,僅基因身分對接；疾病及頻率另審
SKIC2,SKIC2,現行符號,HGNC:10898,1,566,SKIV2L,906,,,舊名稱補回,https://www.genenames.org/data/gene-symbol-report/#!/hgnc_id/HGNC:10898,僅基因身分對接；疾病及頻率另審
SKIC3,SKIC3,現行符號,HGNC:23639,1,567,TTC37,1049,,,舊名稱補回,https://www.genenames.org/data/gene-symbol-report/#!/hgnc_id/HGNC:23639,僅基因身分對接；疾病及頻率另審
SLC12A1,SLC12A1,現行符號,HGNC:10910,1,568,SLC12A1,907,SLC12A1,758,名稱找到,https://www.genenames.org/data/gene-symbol-report/#!/hgnc_id/HGNC:10910,僅基因身分對接；疾病及頻率另審
SLC12A3,SLC12A3,現行符號,HGNC:10912,1,569,SLC12A3,908,SLC12A3,759,名稱找到,https://www.genenames.org/data/gene-symbol-report/#!/hgnc_id/HGNC:10912,僅基因身分對接；疾病及頻率另審
SLC12A6,SLC12A6,現行符號,HGNC:10914,1,570,SLC12A6,909; 910,SLC12A6,760,名稱找到,https://www.genenames.org/data/gene-symbol-report/#!/hgnc_id/HGNC:10914,僅基因身分對接；疾病及頻率另審
SLC16A2,SLC16A2,現行符號,HGNC:10923,1,571,SLC16A2,911,SLC16A2,761,名稱找到,https://www.genenames.org/data/gene-symbol-report/#!/hgnc_id/HGNC:10923,僅基因身分對接；疾病及頻率另審
SLC17A5,SLC17A5,現行符號,HGNC:10933,1,572,SLC17A5,912; 913,SLC17A5,762,名稱找到,https://www.genenames.org/data/gene-symbol-report/#!/hgnc_id/HGNC:10933,僅基因身分對接；疾病及頻率另審
SLC19A2,SLC19A2,現行符號,HGNC:10938,1,573,SLC19A2,914,SLC19A2,763,名稱找到,https://www.genenames.org/data/gene-symbol-report/#!/hgnc_id/HGNC:10938,僅基因身分對接；疾病及頻率另審
SLC19A3,SLC19A3,現行符號,HGNC:16266,1,574,SLC19A3,915,SLC19A3,764,名稱找到,https://www.genenames.org/data/gene-symbol-report/#!/hgnc_id/HGNC:16266,僅基因身分對接；疾病及頻率另審
SLC1A4,SLC1A4,現行符號,HGNC:10942,1,575,SLC1A4,916; 917,SLC1A4,765,名稱找到,https://www.genenames.org/data/gene-symbol-report/#!/hgnc_id/HGNC:10942,僅基因身分對接；疾病及頻率另審
SLC22A5,SLC22A5,現行符號,HGNC:10969,1,576,SLC22A5,918; 919; 920; 921; 922; 923,SLC22A5,766,名稱找到,https://www.genenames.org/data/gene-symbol-report/#!/hgnc_id/HGNC:10969,僅基因身分對接；疾病及頻率另審
SLC25A13,SLC25A13,現行符號,HGNC:10983,1,577,SLC25A13,924; 925,SLC25A13,767,名稱找到,https://www.genenames.org/data/gene-symbol-report/#!/hgnc_id/HGNC:10983,僅基因身分對接；疾病及頻率另審
SLC25A15,SLC25A15,現行符號,HGNC:10985,1,578,SLC25A15,926; 927,SLC25A15,768,名稱找到,https://www.genenames.org/data/gene-symbol-report/#!/hgnc_id/HGNC:10985,僅基因身分對接；疾病及頻率另審
SLC25A20,SLC25A20,現行符號,HGNC:1421,1,579,SLC25A20,928,SLC25A20,769,名稱找到,https://www.genenames.org/data/gene-symbol-report/#!/hgnc_id/HGNC:1421,僅基因身分對接；疾病及頻率另審
SLC26A2,SLC26A2,現行符號,HGNC:10994,1,580,SLC26A2,929; 930,SLC26A2,770,名稱找到,https://www.genenames.org/data/gene-symbol-report/#!/hgnc_id/HGNC:10994,僅基因身分對接；疾病及頻率另審
SLC26A3,SLC26A3,現行符號,HGNC:3018,1,581,SLC26A3,931; 932,SLC26A3,771,名稱找到,https://www.genenames.org/data/gene-symbol-report/#!/hgnc_id/HGNC:3018,僅基因身分對接；疾病及頻率另審
SLC26A4,SLC26A4,現行符號,HGNC:8818,1,582,SLC26A4,933; 934; 935; 936,SLC26A4,772; 773; 774; 775; 776; 777; 778; 779; 780,名稱找到,https://www.genenames.org/data/gene-symbol-report/#!/hgnc_id/HGNC:8818,僅基因身分對接；疾病及頻率另審
SLC27A4,SLC27A4,現行符號,HGNC:10998,1,583,SLC27A4,937,SLC27A4,781,名稱找到,https://www.genenames.org/data/gene-symbol-report/#!/hgnc_id/HGNC:10998,僅基因身分對接；疾病及頻率另審
SLC35A3,SLC35A3,現行符號,HGNC:11023,1,584,SLC35A3,941; 942,SLC35A3,782,名稱找到,https://www.genenames.org/data/gene-symbol-report/#!/hgnc_id/HGNC:11023,僅基因身分對接；疾病及頻率另審
SLC37A4,SLC37A4,現行符號,HGNC:4061,1,585,SLC37A4,943; 944,SLC37A4,783,名稱找到,https://www.genenames.org/data/gene-symbol-report/#!/hgnc_id/HGNC:4061,僅基因身分對接；疾病及頻率另審
SLC38A8,SLC38A8,現行符號,HGNC:32434,1,586,SLC38A8,945,SLC38A8,784,名稱找到,https://www.genenames.org/data/gene-symbol-report/#!/hgnc_id/HGNC:32434,僅基因身分對接；疾病及頻率另審
SLC39A4,SLC39A4,現行符號,HGNC:17129,1,587,SLC39A4,946,SLC39A4,785,名稱找到,https://www.genenames.org/data/gene-symbol-report/#!/hgnc_id/HGNC:17129,僅基因身分對接；疾病及頻率另審
SLC45A2,SLC45A2,現行符號,HGNC:16472,1,588,SLC45A2,949; 950,SLC45A2,786,名稱找到,https://www.genenames.org/data/gene-symbol-report/#!/hgnc_id/HGNC:16472,僅基因身分對接；疾病及頻率另審
SLC46A1,SLC46A1,現行符號,HGNC:30521,1,589,SLC46A1,951; 952,SLC46A1,787,名稱找到,https://www.genenames.org/data/gene-symbol-report/#!/hgnc_id/HGNC:30521,僅基因身分對接；疾病及頻率另審
SLC4A11,SLC4A11,現行符號,HGNC:16438,1,590,SLC4A11,954,SLC4A11,788,名稱找到,https://www.genenames.org/data/gene-symbol-report/#!/hgnc_id/HGNC:16438,僅基因身分對接；疾病及頻率另審
SLC51A,SLC51A,現行符號,HGNC:29955,1,591,,,,,未找到,https://www.genenames.org/data/gene-symbol-report/#!/hgnc_id/HGNC:29955,僅基因身分對接；疾病及頻率另審
SLC5A5,SLC5A5,現行符號,HGNC:11040,1,592,SLC5A5,955,SLC5A5,789,名稱找到,https://www.genenames.org/data/gene-symbol-report/#!/hgnc_id/HGNC:11040,僅基因身分對接；疾病及頻率另審
SLC6A19,SLC6A19,現行符號,HGNC:27960,1,593,SLC6A19,956,SLC6A19,790,名稱找到,https://www.genenames.org/data/gene-symbol-report/#!/hgnc_id/HGNC:27960,僅基因身分對接；疾病及頻率另審
SLC6A8,SLC6A8,現行符號,HGNC:11055,1,594,SLC6A8,957,SLC6A8,791,名稱找到,https://www.genenames.org/data/gene-symbol-report/#!/hgnc_id/HGNC:11055,僅基因身分對接；疾病及頻率另審
SLC7A7,SLC7A7,現行符號,HGNC:11065,1,595,SLC7A7,958; 959; 960,SLC7A7,792,名稱找到,https://www.genenames.org/data/gene-symbol-report/#!/hgnc_id/HGNC:11065,僅基因身分對接；疾病及頻率另審
SMARCAL1,SMARCAL1,現行符號,HGNC:11102,1,596,SMARCAL1,962,SMARCAL1,793,名稱找到,https://www.genenames.org/data/gene-symbol-report/#!/hgnc_id/HGNC:11102,僅基因身分對接；疾病及頻率另審
SMPD1,SMPD1,現行符號,HGNC:11120,2,597,SMPD1,971; 972; 973,SMPD1,794,名稱找到,https://www.genenames.org/data/gene-symbol-report/#!/hgnc_id/HGNC:11120,僅基因身分對接；疾病及頻率另審
SNAP29,SNAP29,現行符號,HGNC:11133,1,598,SNAP29,974,SNAP29,795,名稱找到,https://www.genenames.org/data/gene-symbol-report/#!/hgnc_id/HGNC:11133,僅基因身分對接；疾病及頻率另審
SPATA7,SPATA7,現行符號,HGNC:20423,1,599,SPATA7,977,SPATA7,796,名稱找到,https://www.genenames.org/data/gene-symbol-report/#!/hgnc_id/HGNC:20423,僅基因身分對接；疾病及頻率另審
SPG11,SPG11,現行符號,HGNC:11226,1,600,SPG11,978,SPG11,797,名稱找到,https://www.genenames.org/data/gene-symbol-report/#!/hgnc_id/HGNC:11226,僅基因身分對接；疾病及頻率另審
SPG7,SPG7,現行符號,HGNC:11237,1,601,SPG7,980,SPG7,798,名稱找到,https://www.genenames.org/data/gene-symbol-report/#!/hgnc_id/HGNC:11237,僅基因身分對接；疾病及頻率另審
SPR,SPR,現行符號,HGNC:11257,1,602,SPR,982,SPR,799,名稱找到,https://www.genenames.org/data/gene-symbol-report/#!/hgnc_id/HGNC:11257,僅基因身分對接；疾病及頻率另審
SRD5A2,SRD5A2,現行符號,HGNC:11285,1,603,SRD5A2,983,SRD5A2,800,名稱找到,https://www.genenames.org/data/gene-symbol-report/#!/hgnc_id/HGNC:11285,僅基因身分對接；疾病及頻率另審
ST3GAL5,ST3GAL5,現行符號,HGNC:10872,1,604,ST3GAL5,984,ST3GAL5,801,名稱找到,https://www.genenames.org/data/gene-symbol-report/#!/hgnc_id/HGNC:10872,僅基因身分對接；疾病及頻率另審
STAR,STAR,現行符號,HGNC:11359,1,605,STAR,985,STAR,802,名稱找到,https://www.genenames.org/data/gene-symbol-report/#!/hgnc_id/HGNC:11359,僅基因身分對接；疾病及頻率另審
STX11,STX11,現行符號,HGNC:11429,1,606,STX11,987,STX11,803,名稱找到,https://www.genenames.org/data/gene-symbol-report/#!/hgnc_id/HGNC:11429,僅基因身分對接；疾病及頻率另審
STXBP2,STXBP2,現行符號,HGNC:11445,1,607,STXBP2,988,STXBP2,804,名稱找到,https://www.genenames.org/data/gene-symbol-report/#!/hgnc_id/HGNC:11445,僅基因身分對接；疾病及頻率另審
SUMF1,SUMF1,現行符號,HGNC:20376,1,608,SUMF1,990; 991,SUMF1,805,名稱找到,https://www.genenames.org/data/gene-symbol-report/#!/hgnc_id/HGNC:20376,僅基因身分對接；疾病及頻率另審
SUOX,SUOX,現行符號,HGNC:11460,1,609,SUOX,992,SUOX,806,名稱找到,https://www.genenames.org/data/gene-symbol-report/#!/hgnc_id/HGNC:11460,僅基因身分對接；疾病及頻率另審
SURF1,SURF1,現行符號,HGNC:11474,2,610,SURF1,993,SURF1,807,名稱找到,https://www.genenames.org/data/gene-symbol-report/#!/hgnc_id/HGNC:11474,僅基因身分對接；疾病及頻率另審
SYN1,SYN1,現行符號,HGNC:11494,1,611,SYN1,994,SYN1,808,名稱找到,https://www.genenames.org/data/gene-symbol-report/#!/hgnc_id/HGNC:11494,僅基因身分對接；疾病及頻率另審
SYNE4,SYNE4,現行符號,HGNC:26703,1,612,SYNE4,995,SYNE4,809,名稱找到,https://www.genenames.org/data/gene-symbol-report/#!/hgnc_id/HGNC:26703,僅基因身分對接；疾病及頻率另審
TAFAZZIN,TAFAZZIN,現行符號,HGNC:11577,1,613,TAZ,998,,,舊名稱補回,https://www.genenames.org/data/gene-symbol-report/#!/hgnc_id/HGNC:11577,僅基因身分對接；疾病及頻率另審
TANGO2,TANGO2,現行符號,HGNC:25439,1,614,TANGO2,996,TANGO2,810,名稱找到,https://www.genenames.org/data/gene-symbol-report/#!/hgnc_id/HGNC:25439,僅基因身分對接；疾病及頻率另審
TAT,TAT,現行符號,HGNC:11573,1,615,TAT,997,TAT,811,名稱找到,https://www.genenames.org/data/gene-symbol-report/#!/hgnc_id/HGNC:11573,僅基因身分對接；疾病及頻率另審
TBC1D24,TBC1D24,現行符號,HGNC:29203,2,616,,,,,未找到,https://www.genenames.org/data/gene-symbol-report/#!/hgnc_id/HGNC:29203,僅基因身分對接；疾病及頻率另審
TBCD,TBCD,現行符號,HGNC:11581,1,617,TBCD,999,TBCD,812,名稱找到,https://www.genenames.org/data/gene-symbol-report/#!/hgnc_id/HGNC:11581,僅基因身分對接；疾病及頻率另審
TBCE,TBCE,現行符號,HGNC:11582,1,618,TBCE,1000,TBCE,813,名稱找到,https://www.genenames.org/data/gene-symbol-report/#!/hgnc_id/HGNC:11582,僅基因身分對接；疾病及頻率另審
TCIRG1,TCIRG1,現行符號,HGNC:11647,1,619,TCIRG1,1002,TCIRG1,814,名稱找到,https://www.genenames.org/data/gene-symbol-report/#!/hgnc_id/HGNC:11647,僅基因身分對接；疾病及頻率另審
TCN2,TCN2,現行符號,HGNC:11653,1,620,TCN2,1003,TCN2,815,名稱找到,https://www.genenames.org/data/gene-symbol-report/#!/hgnc_id/HGNC:11653,僅基因身分對接；疾病及頻率另審
TECPR2,TECPR2,現行符號,HGNC:19957,1,621,TECPR2,1008,TECPR2,816,名稱找到,https://www.genenames.org/data/gene-symbol-report/#!/hgnc_id/HGNC:19957,僅基因身分對接；疾病及頻率另審
TECTA,TECTA,現行符號,HGNC:11720,2,622,,,TECTA,817; 818,未找到,https://www.genenames.org/data/gene-symbol-report/#!/hgnc_id/HGNC:11720,僅基因身分對接；疾病及頻率另審
TERT,TERT,現行符號,HGNC:11730,1,623,TERT,1009,TERT,819,名稱找到,https://www.genenames.org/data/gene-symbol-report/#!/hgnc_id/HGNC:11730,僅基因身分對接；疾病及頻率另審
TF,TF,現行符號,HGNC:11740,1,624,TF,1010,TF,820,名稱找到,https://www.genenames.org/data/gene-symbol-report/#!/hgnc_id/HGNC:11740,僅基因身分對接；疾病及頻率另審
TFR2,TFR2,現行符號,HGNC:11762,1,625,TFR2,1011,TFR2,821,名稱找到,https://www.genenames.org/data/gene-symbol-report/#!/hgnc_id/HGNC:11762,僅基因身分對接；疾病及頻率另審
TG,TG,現行符號,HGNC:11764,1,626,TG,1012,TG,822,名稱找到,https://www.genenames.org/data/gene-symbol-report/#!/hgnc_id/HGNC:11764,僅基因身分對接；疾病及頻率另審
TGM1,TGM1,現行符號,HGNC:11777,1,627,TGM1,1013,TGM1,823,名稱找到,https://www.genenames.org/data/gene-symbol-report/#!/hgnc_id/HGNC:11777,僅基因身分對接；疾病及頻率另審
TH,TH,現行符號,HGNC:11782,1,628,TH,1014,TH,824,名稱找到,https://www.genenames.org/data/gene-symbol-report/#!/hgnc_id/HGNC:11782,僅基因身分對接；疾病及頻率另審
THOC2,THOC2,現行符號,HGNC:19073,1,629,THOC2,1015,THOC2,825,名稱找到,https://www.genenames.org/data/gene-symbol-report/#!/hgnc_id/HGNC:19073,僅基因身分對接；疾病及頻率另審
TJP2,TJP2,現行符號,HGNC:11828,2,630,,,TJP2,826,未找到,https://www.genenames.org/data/gene-symbol-report/#!/hgnc_id/HGNC:11828,僅基因身分對接；疾病及頻率另審
TK2,TK2,現行符號,HGNC:11831,1,631,TK2,1016,TK2,827,名稱找到,https://www.genenames.org/data/gene-symbol-report/#!/hgnc_id/HGNC:11831,僅基因身分對接；疾病及頻率另審
TMC1,TMC1,現行符號,HGNC:16513,1,632,TMC1,1017,TMC1,828,名稱找到,https://www.genenames.org/data/gene-symbol-report/#!/hgnc_id/HGNC:16513,僅基因身分對接；疾病及頻率另審
TMEM216,TMEM216,現行符號,HGNC:25018,1,633,TMEM216,1019; 1020,TMEM216,829,名稱找到,https://www.genenames.org/data/gene-symbol-report/#!/hgnc_id/HGNC:25018,僅基因身分對接；疾病及頻率另審
TMEM67,TMEM67,現行符號,HGNC:28396,3,634,TMEM67,1024,TMEM67,830,名稱找到,https://www.genenames.org/data/gene-symbol-report/#!/hgnc_id/HGNC:28396,僅基因身分對接；疾病及頻率另審
TMPRSS3,TMPRSS3,現行符號,HGNC:11877,1,635,TMPRSS3,1026,TMPRSS3,831,名稱找到,https://www.genenames.org/data/gene-symbol-report/#!/hgnc_id/HGNC:11877,僅基因身分對接；疾病及頻率另審
TNXB,TNXB,現行符號,HGNC:11976,1,636,TNXB,1028,TNXB,832,名稱找到,https://www.genenames.org/data/gene-symbol-report/#!/hgnc_id/HGNC:11976,僅基因身分對接；疾病及頻率另審
TPO,TPO,現行符號,HGNC:12015,1,637,TPO,1029,TPO,833,名稱找到,https://www.genenames.org/data/gene-symbol-report/#!/hgnc_id/HGNC:12015,僅基因身分對接；疾病及頻率另審
TPP1,TPP1,現行符號,HGNC:2073,1,638,TPP1,1030; 1031,TPP1,834,名稱找到,https://www.genenames.org/data/gene-symbol-report/#!/hgnc_id/HGNC:2073,僅基因身分對接；疾病及頻率另審
TRDN,TRDN,現行符號,HGNC:12261,1,639,TRDN,1033,TRDN,835,名稱找到,https://www.genenames.org/data/gene-symbol-report/#!/hgnc_id/HGNC:12261,僅基因身分對接；疾病及頻率另審
TREX1,TREX1,現行符號,HGNC:12269,1,640,TREX1,1034,TREX1,836,名稱找到,https://www.genenames.org/data/gene-symbol-report/#!/hgnc_id/HGNC:12269,僅基因身分對接；疾病及頻率另審
TRIM32,TRIM32,現行符號,HGNC:16380,1,641,TRIM32,1036; 1037,TRIM32,837,名稱找到,https://www.genenames.org/data/gene-symbol-report/#!/hgnc_id/HGNC:16380,僅基因身分對接；疾病及頻率另審
TRIM37,TRIM37,現行符號,HGNC:7523,1,642,TRIM37,1038,TRIM37,838,名稱找到,https://www.genenames.org/data/gene-symbol-report/#!/hgnc_id/HGNC:7523,僅基因身分對接；疾病及頻率另審
TRIP11,TRIP11,現行符號,HGNC:12305,2,643,,,TRIP11,839,未找到,https://www.genenames.org/data/gene-symbol-report/#!/hgnc_id/HGNC:12305,僅基因身分對接；疾病及頻率另審
TRMU,TRMU,現行符號,HGNC:25481,1,644,TRMU,1039; 1040,TRMU,840,名稱找到,https://www.genenames.org/data/gene-symbol-report/#!/hgnc_id/HGNC:25481,僅基因身分對接；疾病及頻率另審
TRPM1,TRPM1,現行符號,HGNC:7146,1,645,,,,,未找到,https://www.genenames.org/data/gene-symbol-report/#!/hgnc_id/HGNC:7146,僅基因身分對接；疾病及頻率另審
TSEN54,TSEN54,現行符號,HGNC:27561,1,646,TSEN54,1044,TSEN54,841,名稱找到,https://www.genenames.org/data/gene-symbol-report/#!/hgnc_id/HGNC:27561,僅基因身分對接；疾病及頻率另審
TSFM,TSFM,現行符號,HGNC:12367,1,647,TSFM,1045; 1046,TSFM,842,名稱找到,https://www.genenames.org/data/gene-symbol-report/#!/hgnc_id/HGNC:12367,僅基因身分對接；疾病及頻率另審
TSHB,TSHB,現行符號,HGNC:12372,1,648,TSHB,1047,TSHB,843,名稱找到,https://www.genenames.org/data/gene-symbol-report/#!/hgnc_id/HGNC:12372,僅基因身分對接；疾病及頻率另審
TSHR,TSHR,現行符號,HGNC:12373,1,649,TSHR,1048,TSHR,844,名稱找到,https://www.genenames.org/data/gene-symbol-report/#!/hgnc_id/HGNC:12373,僅基因身分對接；疾病及頻率另審
TTN,TTN,現行符號,HGNC:12403,1,650,,,TTN,845,未找到,https://www.genenames.org/data/gene-symbol-report/#!/hgnc_id/HGNC:12403,僅基因身分對接；疾病及頻率另審
TTPA,TTPA,現行符號,HGNC:12404,1,651,TTPA,1052; 1053,TTPA,846,名稱找到,https://www.genenames.org/data/gene-symbol-report/#!/hgnc_id/HGNC:12404,僅基因身分對接；疾病及頻率另審
TULP1,TULP1,現行符號,HGNC:12423,2,652,TULP1,1054,TULP1,847,名稱找到,https://www.genenames.org/data/gene-symbol-report/#!/hgnc_id/HGNC:12423,僅基因身分對接；疾病及頻率另審
TYMP,TYMP,現行符號,HGNC:3148,1,653,TYMP,1055,TYMP,848,名稱找到,https://www.genenames.org/data/gene-symbol-report/#!/hgnc_id/HGNC:3148,僅基因身分對接；疾病及頻率另審
TYR,TYR,現行符號,HGNC:12442,1,654,TYR,1056,TYR,849,名稱找到,https://www.genenames.org/data/gene-symbol-report/#!/hgnc_id/HGNC:12442,僅基因身分對接；疾病及頻率另審
TYRP1,TYRP1,現行符號,HGNC:12450,1,655,TYRP1,1057; 1058,TYRP1,850,名稱找到,https://www.genenames.org/data/gene-symbol-report/#!/hgnc_id/HGNC:12450,僅基因身分對接；疾病及頻率另審
UBR1,UBR1,現行符號,HGNC:16808,1,656,UBR1,1059,UBR1,851,名稱找到,https://www.genenames.org/data/gene-symbol-report/#!/hgnc_id/HGNC:16808,僅基因身分對接；疾病及頻率另審
UGT1A1,UGT1A1,現行符號,HGNC:12530,3,657,UGT1A1,1060,UGT1A1,852,名稱找到,https://www.genenames.org/data/gene-symbol-report/#!/hgnc_id/HGNC:12530,僅基因身分對接；疾病及頻率另審
UNC13D,UNC13D,現行符號,HGNC:23147,1,658,UNC13D,1061,UNC13D,853,名稱找到,https://www.genenames.org/data/gene-symbol-report/#!/hgnc_id/HGNC:23147,僅基因身分對接；疾病及頻率另審
UPF3B,UPF3B,現行符號,HGNC:20439,1,659,UPF3B,1063,UPF3B,854,名稱找到,https://www.genenames.org/data/gene-symbol-report/#!/hgnc_id/HGNC:20439,僅基因身分對接；疾病及頻率另審
USH1C,USH1C,現行符號,HGNC:12597,1,660,USH1C,1064; 1065,USH1C,855,名稱找到,https://www.genenames.org/data/gene-symbol-report/#!/hgnc_id/HGNC:12597,僅基因身分對接；疾病及頻率另審
USH1G,USH1G,現行符號,HGNC:16356,1,661,USH1G,1066,USH1G,856,名稱找到,https://www.genenames.org/data/gene-symbol-report/#!/hgnc_id/HGNC:16356,僅基因身分對接；疾病及頻率另審
USH2A,USH2A,現行符號,HGNC:12601,1,662,USH2A,1067; 1068; 1069; 1070,USH2A,857; 858; 859; 860; 861,名稱找到,https://www.genenames.org/data/gene-symbol-report/#!/hgnc_id/HGNC:12601,僅基因身分對接；疾病及頻率另審
VDR,VDR,現行符號,HGNC:12679,1,663,VDR,1071,VDR,862,名稱找到,https://www.genenames.org/data/gene-symbol-report/#!/hgnc_id/HGNC:12679,僅基因身分對接；疾病及頻率另審
VLDLR,VLDLR,現行符號,HGNC:12698,1,664,VLDLR,1072,VLDLR,863,名稱找到,https://www.genenames.org/data/gene-symbol-report/#!/hgnc_id/HGNC:12698,僅基因身分對接；疾病及頻率另審
VPS11,VPS11,現行符號,HGNC:14583,1,665,VPS11,1073,VPS11,864,名稱找到,https://www.genenames.org/data/gene-symbol-report/#!/hgnc_id/HGNC:14583,僅基因身分對接；疾病及頻率另審
VPS13A,VPS13A,現行符號,HGNC:1908,1,666,VPS13A,1074,VPS13A,865,名稱找到,https://www.genenames.org/data/gene-symbol-report/#!/hgnc_id/HGNC:1908,僅基因身分對接；疾病及頻率另審
VPS13B,VPS13B,現行符號,HGNC:2183,1,667,VPS13B,1075,VPS13B,866,名稱找到,https://www.genenames.org/data/gene-symbol-report/#!/hgnc_id/HGNC:2183,僅基因身分對接；疾病及頻率另審
VPS45,VPS45,現行符號,HGNC:14579,1,668,VPS45,1076,VPS45,867,名稱找到,https://www.genenames.org/data/gene-symbol-report/#!/hgnc_id/HGNC:14579,僅基因身分對接；疾病及頻率另審
VPS53,VPS53,現行符號,HGNC:25608,1,669,VPS53,1077; 1078,VPS53,868,名稱找到,https://www.genenames.org/data/gene-symbol-report/#!/hgnc_id/HGNC:25608,僅基因身分對接；疾病及頻率另審
VRK1,VRK1,現行符號,HGNC:12718,1,670,VRK1,1079,VRK1,869,名稱找到,https://www.genenames.org/data/gene-symbol-report/#!/hgnc_id/HGNC:12718,僅基因身分對接；疾病及頻率另審
VSX2,VSX2,現行符號,HGNC:1975,1,671,VSX2,1080,VSX2,870,名稱找到,https://www.genenames.org/data/gene-symbol-report/#!/hgnc_id/HGNC:1975,僅基因身分對接；疾病及頻率另審
WAS,WAS,現行符號,HGNC:12731,3,672,WAS,1081,WAS,871,名稱找到,https://www.genenames.org/data/gene-symbol-report/#!/hgnc_id/HGNC:12731,僅基因身分對接；疾病及頻率另審
WDR19,WDR19,現行符號,HGNC:18340,3,673,,,,,未找到,https://www.genenames.org/data/gene-symbol-report/#!/hgnc_id/HGNC:18340,僅基因身分對接；疾病及頻率另審
WFS1,WFS1,現行符號,HGNC:12762,1,674,,,,,未找到,https://www.genenames.org/data/gene-symbol-report/#!/hgnc_id/HGNC:12762,僅基因身分對接；疾病及頻率另審
WHRN,WHRN,現行符號,HGNC:16361,1,675,WHRN,1082,WHRN,872,名稱找到,https://www.genenames.org/data/gene-symbol-report/#!/hgnc_id/HGNC:16361,僅基因身分對接；疾病及頻率另審
WNT10A,WNT10A,現行符號,HGNC:13829,2,676,WNT10A,1085,WNT10A,873,名稱找到,https://www.genenames.org/data/gene-symbol-report/#!/hgnc_id/HGNC:13829,僅基因身分對接；疾病及頻率另審
WRN,WRN,現行符號,HGNC:12791,1,677,WRN,1086; 1087; 1088,WRN,874,名稱找到,https://www.genenames.org/data/gene-symbol-report/#!/hgnc_id/HGNC:12791,僅基因身分對接；疾病及頻率另審
XPA,XPA,現行符號,HGNC:12814,1,678,XPA,1089; 1090,XPA,875,名稱找到,https://www.genenames.org/data/gene-symbol-report/#!/hgnc_id/HGNC:12814,僅基因身分對接；疾病及頻率另審
XPC,XPC,現行符號,HGNC:12816,1,679,XPC,1091,XPC,876,名稱找到,https://www.genenames.org/data/gene-symbol-report/#!/hgnc_id/HGNC:12816,僅基因身分對接；疾病及頻率另審
ZBTB24,ZBTB24,現行符號,HGNC:21143,1,680,ZBTB24,1093,ZBTB24,877,名稱找到,https://www.genenames.org/data/gene-symbol-report/#!/hgnc_id/HGNC:21143,僅基因身分對接；疾病及頻率另審
ZDHHC9,ZDHHC9,現行符號,HGNC:18475,1,681,ZDHHC9,1094,ZDHHC9,878,名稱找到,https://www.genenames.org/data/gene-symbol-report/#!/hgnc_id/HGNC:18475,僅基因身分對接；疾病及頻率另審
ZFYVE26,ZFYVE26,現行符號,HGNC:20761,1,682,ZFYVE26,1095,ZFYVE26,879,名稱找到,https://www.genenames.org/data/gene-symbol-report/#!/hgnc_id/HGNC:20761,僅基因身分對接；疾病及頻率另審
ZNF469,ZNF469,現行符號,HGNC:23216,1,683,ZNF469,1096,ZNF469,880,名稱找到,https://www.genenames.org/data/gene-symbol-report/#!/hgnc_id/HGNC:23216,僅基因身分對接；疾病及頻率另審
ZNF711,ZNF711,現行符號,HGNC:13128,1,684,ZNF711,1097,ZNF711,881,名稱找到,https://www.genenames.org/data/gene-symbol-report/#!/hgnc_id/HGNC:13128,僅基因身分對接；疾病及頻率另審
SMN1,SMN1,現行符號,HGNC:11117,1,685,SMN1,963; 964; 965; 966; 967; 968; 969; 970,,,名稱找到,https://www.genenames.org/data/gene-symbol-report/#!/hgnc_id/HGNC:11117,僅基因身分對接；SMA 走特殊方法 dead page
