panel_row_id,gene,omim_id,disease_name_zh,disease_name_en,category_zh,inheritance,inheritance_evidence,review_track,review_progress,frequency_applicability,source_total_denominator,source_east_asian_denominator,fulgent_source_rows,jeen_source_rows,review_rationale,panel_source_row,original_omim,calculation_enablement,owner_decision,review_response,model_type,calculator_route,special_case_type,carrier_rate_usage,assay_dr_status,display_group_id,recommended_method
P0001,AAAS,231550,Triple A症候群,Achalasia-addisonianism-alacrimia syndrome,內分泌疾病,AR,來源基因層級；疾病層級待核實,一般 AR 待審,第一批初審,基底候選；檢出率未配對,537,1321,2,2,沿用交接卡的 Dashboard 核實；Fulgent <1/500 與 1/537 無衝突，非獨立精確驗證。,2,231550,未啟用：尚缺適用頻率／assay DR確認,,,STANDARD_AR,HOLD,,PENDING_VALIDATION,MISSING,,
P0002,ABCA12,242500,體染色體隱性先天性魚鱗癬第 4B 型,Autosomal recessive congenital ichthyosis 4B,皮膚與毛髮疾病,AR,來源基因層級；疾病層級待核實,一般 AR 待審,未逐疾病審查,GenIE 彙整值待審,430,590,3,3,名称已對接不等於頻率適用；按分流逐疾病審查。,3,242500,未啟用：尚缺適用頻率／assay DR確認,,,STANDARD_AR,HOLD,,PENDING_VALIDATION,MISSING,,
P0003,ABCA3,610921,間質性肺病-ABCA3 缺乏,Interstitial lung disease due to ABCA3 deficiency,呼吸疾病,AR,來源基因層級；疾病層級待核實,一般 AR 待審,第一批初審,基底候選；檢出率未配對,98,1478,4,4,疾病同義名可對應；1/98 與 General 1/116 分開保留。,4,610921,未啟用：尚缺適用頻率／assay DR確認,,,STANDARD_AR,HOLD,,PENDING_VALIDATION,MISSING,,
P0004,ABCA4,604116,視錐-視桿細胞失養症第 3 型,Cone-rod dystrophy 3,眼部與視覺疾病,AR,來源基因層級；疾病層級待核實,多疾病／多機制待審,第一批初審,GenIE 彙整值待審,38,54,5,5; 6; 7; 8; 9; 10; 11; 12; 13,基因總估值不可標為各 OMIM 專屬頻率；Jeen EAS 1/548 與 GenIE 1/54 範圍未對齊。,5,604116,未啟用：尚缺適用頻率／assay DR確認,,,STANDARD_AR,HOLD,,PENDING_VALIDATION,MISSING,,
P0005,ABCA4,601718,網膜色素變性 19,Retinitis pigmentosa 19,眼部與視覺疾病,AR,來源基因層級；疾病層級待核實,多疾病／多機制待審,第一批初審,GenIE 彙整值待審,38,54,5,5; 6; 7; 8; 9; 10; 11; 12; 13,基因總估值不可標為各 OMIM 專屬頻率；Jeen EAS 1/548 與 GenIE 1/54 範圍未對齊。,6,601718,未啟用：尚缺適用頻率／assay DR確認,,,STANDARD_AR,HOLD,,PENDING_VALIDATION,MISSING,,
P0006,ABCB11,601847,進行性家族性肝內膽汁滯留症第 2 型,Progressive familial intrahepatic cholestasis type 2,消化疾病,AR,來源基因層級；疾病層級待核實,一般 AR 待審,未逐疾病審查,GenIE 彙整值待審,515,476,6,14,名称已對接不等於頻率適用；按分流逐疾病審查。,7,601847,未啟用：尚缺適用頻率／assay DR確認,,,STANDARD_AR,HOLD,,PENDING_VALIDATION,MISSING,,
P0007,ABCB4,602347,進行性家族性肝內膽汁滯留症第 3 型,Progressive familial intrahepatic cholestasis type 3,消化疾病,AR,來源基因層級；疾病層級待核實,一般 AR 待審,未逐疾病審查,GenIE 彙整值待審,299,612,7,15,名称已對接不等於頻率適用；按分流逐疾病審查。,8,602347,未啟用：尚缺適用頻率／assay DR確認,,,STANDARD_AR,HOLD,,PENDING_VALIDATION,MISSING,,
P0008,ABCC2,237500,Dubin-Johnson 症候群,Dubin-Johnson syndrome,消化疾病,AR,來源基因層級；疾病層級待核實,一般 AR 待審,未逐疾病審查,GenIE 彙整值待審,205,93,8,16,名称已對接不等於頻率適用；按分流逐疾病審查。,9,237500,未啟用：尚缺適用頻率／assay DR確認,,,STANDARD_AR,HOLD,,PENDING_VALIDATION,MISSING,,
P0009,ABCC6,614473,廣泛性嬰兒動脈硬化第 2 型,"Arterial calcification, generalized, of infancy, 2",心血管疾病,AR,來源基因層級；疾病層級待核實,一般 AR 待審,未逐疾病審查,GenIE 彙整值待審,109,50,,17,名称已對接不等於頻率適用；按分流逐疾病審查。,10,614473,未啟用：尚缺適用頻率／assay DR確認,,,STANDARD_AR,HOLD,,PENDING_VALIDATION,MISSING,,
P0010,ABCC8,256450,家族性高胰島素血症,Familial hyperinsulinism,內分泌疾病,AR,來源基因層級；疾病層級待核實,一般 AR 待審,未逐疾病審查,GenIE 彙整值待審,429,444,9; 10; 11; 12,18,名称已對接不等於頻率適用；按分流逐疾病審查。,11,256450,未啟用：尚缺適用頻率／assay DR確認,,,STANDARD_AR,HOLD,,PENDING_VALIDATION,MISSING,,
P0011,ABCD1,300100,X 性聯遺傳腎上腺腦白質失養症,X-linked cerebral adrenoleukodystrophy,腦部與神經疾病,XL,來源基因層級；疾病層級待核實,XL 待審,未逐疾病審查,補值來源待審,21000,,13,19,名称已對接不等於頻率適用；按分流逐疾病審查。,12,300100,未啟用：尚缺適用頻率／assay DR確認,,,STANDARD_XL,HOLD,,PENDING_VALIDATION,MISSING,,
P0012,ABCD4,614857,甲基丙二酸血症合併高胱胺酸尿症 cblJ 型,"Methylmalonic acidemia with homocystinuria, type cblJ",先天性代謝疾病,AR,來源基因層級；疾病層級待核實,一般 AR 待審,未逐疾病審查,GenIE 彙整值待審,1289,935,14,20,名称已對接不等於頻率適用；按分流逐疾病審查。,13,614857,未啟用：尚缺適用頻率／assay DR確認,,,STANDARD_AR,HOLD,,PENDING_VALIDATION,MISSING,,
P0013,ABCG5,618666,植物固醇血症,Sitosterolemia 2,先天性代謝疾病,AR,來源基因層級；疾病層級待核實,一般 AR 待審,未逐疾病審查,GenIE 彙整值待審,774,131,,21,名称已對接不等於頻率適用；按分流逐疾病審查。,14,618666,未啟用：尚缺適用頻率／assay DR確認,,,STANDARD_AR,HOLD,,PENDING_VALIDATION,MISSING,,
P0014,ABCG8,210250,植物固醇血症,Sitosterolemia 1,先天性代謝疾病,AR,來源基因層級；疾病層級待核實,一般 AR 待審,未逐疾病審查,GenIE 彙整值待審,304,898,,,名称已對接不等於頻率適用；按分流逐疾病審查。,15,210250,未啟用：尚缺適用頻率／assay DR確認,,,STANDARD_AR,HOLD,,PENDING_VALIDATION,MISSING,,
P0015,ABHD12,612674,PHARC症候群,"Polyneuropathy, hearing loss, ataxia, retinitis pigmentosa, and cataract",腦部與神經疾病,AR,來源基因層級；疾病層級待核實,一般 AR 待審,未逐疾病審查,GenIE 彙整值待審,1662,1135,,,名称已對接不等於頻率適用；按分流逐疾病審查。,16,612674,未啟用：尚缺適用頻率／assay DR確認,,,STANDARD_AR,HOLD,,PENDING_VALIDATION,MISSING,,
P0016,ACAD9,611126,脂醯輔酶 A 去氫酶 9 缺乏症,Acyl-CoA dehydrogenase 9 deficiency,先天性代謝疾病,AR,來源基因層級；疾病層級待核實,一般 AR 待審,未逐疾病審查,GenIE 彙整值待審,634,1403,15,22,名称已對接不等於頻率適用；按分流逐疾病審查。,17,611126,未啟用：尚缺適用頻率／assay DR確認,,,STANDARD_AR,HOLD,,PENDING_VALIDATION,MISSING,,
P0017,ACADM,201450,中鏈脂肪酸去氫酶缺乏症,Medium chain acyl-CoA dehydrogenase deficiency,先天性代謝疾病,AR,來源基因層級；疾病層級待核實,一般 AR 待審,未逐疾病審查,GenIE 彙整值待審,61,308,16; 17; 18; 19,23,名称已對接不等於頻率適用；按分流逐疾病審查。,18,201450,未啟用：尚缺適用頻率／assay DR確認,,,STANDARD_AR,HOLD,,PENDING_VALIDATION,MISSING,,
P0018,ACADS,201470,短鏈脂肪酸去氫酵素缺乏症,Short chain acyl-CoA dehydrogenase deficiency,先天性代謝疾病,AR,來源基因層級；疾病層級待核實,一般 AR 待審,未逐疾病審查,GenIE 彙整值待審,222,142,20; 21; 22; 23; 24,24,名称已對接不等於頻率適用；按分流逐疾病審查。,19,201470,未啟用：尚缺適用頻率／assay DR確認,,,STANDARD_AR,HOLD,,PENDING_VALIDATION,MISSING,,
P0019,ACADSB,610006,短支鏈醯基輔酶A脫氫酶缺乏症,Short branched chain acyl-CoA dehydrogenase (SBCAD) deficiency,先天性代謝疾病,AR,來源基因層級；疾病層級待核實,一般 AR 待審,未逐疾病審查,GenIE 彙整值待審,394,178,25; 26,25,名称已對接不等於頻率適用；按分流逐疾病審查。,20,610006,未啟用：尚缺適用頻率／assay DR確認,,,STANDARD_AR,HOLD,,PENDING_VALIDATION,MISSING,,
P0020,ACADVL,201475,極長鏈醯輔酶A去氫酶缺乏症,Very long chain acyl-CoA dehydrogenase deficiency,先天性代謝疾病,AR,來源基因層級；疾病層級待核實,一般 AR 待審,未逐疾病審查,GenIE 彙整值待審,149,145,27; 28; 29; 30,26; 27; 28; 29; 30; 31; 32,名称已對接不等於頻率適用；按分流逐疾病審查。,21,201475,未啟用：尚缺適用頻率／assay DR確認,,,STANDARD_AR,HOLD,,PENDING_VALIDATION,MISSING,,
P0021,ACAT1,203750,β-酮硫解酶缺乏症,Beta-Ketothiolase deficiency,先天性代謝疾病,AR,來源基因層級；疾病層級待核實,一般 AR 待審,未逐疾病審查,GenIE 彙整值待審,883,514,31,33,名称已對接不等於頻率適用；按分流逐疾病審查。,22,203750,未啟用：尚缺適用頻率／assay DR確認,,,STANDARD_AR,HOLD,,PENDING_VALIDATION,MISSING,,
P0022,ACOX1,264470,過氧化物酶酰基辅酶A氧化酶缺乏症,Peroxisomal acyl-CoA oxidase deficiency,先天性代謝疾病,AR,來源基因層級；疾病層級待核實,一般 AR 待審,未逐疾病審查,GenIE 彙整值待審,4138,2041,32,34,名称已對接不等於頻率適用；按分流逐疾病審查。,23,264470,未啟用：尚缺適用頻率／assay DR確認,,,STANDARD_AR,HOLD,,PENDING_VALIDATION,MISSING,,
P0023,ACSF3,614265,複合型丙二酸及甲基丙二酸血症,Combined malonic and methylmalonic acidemia,先天性代謝疾病,AR,來源基因層級；疾病層級待核實,一般 AR 待審,未逐疾病審查,GenIE 彙整值待審,96,121,33,35,名称已對接不等於頻率適用；按分流逐疾病審查。,24,614265,未啟用：尚缺適用頻率／assay DR確認,,,STANDARD_AR,HOLD,,PENDING_VALIDATION,MISSING,,
P0024,ADA,102700,嚴重複合型免疫缺乏症-ADA 缺乏,Severe combined immunodeficiency due to ADA deficiency,免疫疾病,AR,來源基因層級；疾病層級待核實,一般 AR 待審,未逐疾病審查,GenIE 彙整值待審,561,675,34,36; 37; 38; 39; 40; 41; 42; 43,名称已對接不等於頻率適用；按分流逐疾病審查。,25,102700,未啟用：尚缺適用頻率／assay DR確認,,,STANDARD_AR,HOLD,,PENDING_VALIDATION,MISSING,,
P0025,ADAM9,612775,視錐-視桿細胞失養症第9型,Cone-rod dystrophy 9,眼部與視覺疾病,AR,來源基因層級；疾病層級待核實,一般 AR 待審,未逐疾病審查,GenIE 彙整值待審,3106,5608,,,名称已對接不等於頻率適用；按分流逐疾病審查。,26,612775,未啟用：尚缺適用頻率／assay DR確認,,,STANDARD_AR,HOLD,,PENDING_VALIDATION,MISSING,,
P0026,ADAMTS13,274150,遺傳性血栓性血小板減少性紫斑症,"Thrombotic thrombocytopenic purpura, hereditary",血液疾病,AR,來源基因層級；疾病層級待核實,一般 AR 待審,未逐疾病審查,GenIE 彙整值待審,266,377,,44,名称已對接不等於頻率適用；按分流逐疾病審查。,27,274150,未啟用：尚缺適用頻率／assay DR確認,,,STANDARD_AR,HOLD,,PENDING_VALIDATION,MISSING,,
P0027,ADAMTS2,225410,Ehlers-Danlos症候群-皮膚鬆弛型,"Ehlers-Danlos syndrome, dermatosparaxis type",結締組織疾病,AR,來源基因層級；疾病層級待核實,一般 AR 待審,未逐疾病審查,GenIE 彙整值待審,1637,1317,35; 36,45,名称已對接不等於頻率適用；按分流逐疾病審查。,28,225410,未啟用：尚缺適用頻率／assay DR確認,,,STANDARD_AR,HOLD,,PENDING_VALIDATION,MISSING,,
P0028,ADAMTSL4,225200,晶狀體及瞳孔異位,Ectopia lentis et pupillae,眼部與視覺疾病,AR,來源基因層級；疾病層級待核實,一般 AR 待審,未逐疾病審查,GenIE 彙整值待審,184,678,37,46,名称已對接不等於頻率適用；按分流逐疾病審查。,29,225200,未啟用：尚缺適用頻率／assay DR確認,,,STANDARD_AR,HOLD,,PENDING_VALIDATION,MISSING,,
P0029,ADGRG1,606854,雙側額頂多小腦迴畸形,Bilateral frontoparietal polymicrogyria,腦部與神經疾病,AR,來源基因層級；疾病層級待核實,一般 AR 待審,未逐疾病審查,GenIE 彙整值待審,1312,1240,38,47,名称已對接不等於頻率適用；按分流逐疾病審查。,30,606854,未啟用：尚缺適用頻率／assay DR確認,,,STANDARD_AR,HOLD,,PENDING_VALIDATION,MISSING,,
P0030,ADGRV1,605472,Usher 症候群第 2C 型,Usher syndrome type 2C,耳部與聽覺疾病,AR,來源基因層級；疾病層級待核實,一般 AR 待審,未逐疾病審查,GenIE 彙整值待審,316,330,39,48,名称已對接不等於頻率適用；按分流逐疾病審查。,31,605472,未啟用：尚缺適用頻率／assay DR確認,,,STANDARD_AR,HOLD,,PENDING_VALIDATION,MISSING,,
P0031,ADK,614300,腺苷激酶缺乏症,Adenosine kinase deficiency,先天性代謝疾病,AR,來源基因層級；疾病層級待核實,一般 AR 待審,未逐疾病審查,GenIE 彙整值待審,5242,11199,40,49,名称已對接不等於頻率適用；按分流逐疾病審查。,32,614300,未啟用：尚缺適用頻率／assay DR確認,,,STANDARD_AR,HOLD,,PENDING_VALIDATION,MISSING,,
P0032,AFF2,309548,Fraxe 智能障礙,Fraxe intellectual disability,腦部與神經疾病,XL,來源基因層級；疾病層級待核實,特殊模型待審,第一批初審,補值來源待審,50000,,41,50,PDF p.2 核實 <1/50000；列入 repeat 特殊模型。,33,309548,未啟用：尚缺適用頻率／assay DR確認,,,SPECIAL_NGS_CHALLENGE,DEAD_PAGE,FIXED_NO_CALC,DISPLAY_ONLY,NOT_APPLICABLE,,AFF2 CCG repeat expansion analysis（repeat-specific PCR／TP-PCR；依實驗室流程確認）
P0033,AGA,208400,天門冬胺醯葡萄糖胺尿症,Aspartylglucosaminuria,先天性代謝疾病,AR,來源基因層級；疾病層級待核實,一般 AR 待審,未逐疾病審查,GenIE 彙整值待審,872,1487,42; 43,51,名称已對接不等於頻率適用；按分流逐疾病審查。,34,208400,未啟用：尚缺適用頻率／assay DR確認,,,STANDARD_AR,HOLD,,PENDING_VALIDATION,MISSING,,
P0034,AGL,232400,肝醣貯積病第 III 型,Glycogen storage disease III,先天性代謝疾病,AR,來源基因層級；疾病層級待核實,一般 AR 待審,未逐疾病審查,GenIE 彙整值待審,373,498,44; 45; 46; 47,52,名称已對接不等於頻率適用；按分流逐疾病審查。,35,232400,未啟用：尚缺適用頻率／assay DR確認,,,STANDARD_AR,HOLD,,PENDING_VALIDATION,MISSING,,
P0035,AGPS,600121,肢近端型點狀軟骨發育不良第 3 型,Rhizomelic chondrodysplasia punctata type 3,先天性代謝疾病,AR,來源基因層級；疾病層級待核實,一般 AR 待審,未逐疾病審查,GenIE 彙整值待審,8845,11119,49,53,名称已對接不等於頻率適用；按分流逐疾病審查。,36,600121,未啟用：尚缺適用頻率／assay DR確認,,,STANDARD_AR,HOLD,,PENDING_VALIDATION,MISSING,,
P0036,AGXT,259900,原發性高草酸尿症第 1 型,Primary hyperoxaluria type 1,腎臟泌尿疾病,AR,來源基因層級；疾病層級待核實,一般 AR 待審,未逐疾病審查,GenIE 彙整值待審,244,220,50; 51,54,名称已對接不等於頻率適用；按分流逐疾病審查。,37,259900,未啟用：尚缺適用頻率／assay DR確認,,,STANDARD_AR,HOLD,,PENDING_VALIDATION,MISSING,,
P0037,AHCY,613752,高甲硫胺酸伴隨S-腺苷半胱氨酸水解酶缺乏症,Hypermethioninemia with deficiency of S-adenosylhomocysteine hydrolase,先天性代謝疾病,AR,來源基因層級；疾病層級待核實,一般 AR 待審,未逐疾病審查,GenIE 彙整值待審,1681,22428,52,55,名称已對接不等於頻率適用；按分流逐疾病審查。,38,613752,未啟用：尚缺適用頻率／assay DR確認,,,STANDARD_AR,HOLD,,PENDING_VALIDATION,MISSING,,
P0038,AHI1,608629,Joubert 症候群第 3 型,Joubert syndrome 3,腦部與神經疾病,AR,來源基因層級；疾病層級待核實,一般 AR 待審,未逐疾病審查,GenIE 彙整值待審,335,294,53,56,名称已對接不等於頻率適用；按分流逐疾病審查。,39,608629,未啟用：尚缺適用頻率／assay DR確認,,,STANDARD_AR,HOLD,,PENDING_VALIDATION,MISSING,,
P0039,AIMP1,260600,髓鞘形成不良性白質營養不良第3型,"Leukodystrophy, hypomyelinating, 3",腦部與神經疾病,AR,來源基因層級；疾病層級待核實,一般 AR 待審,未逐疾病審查,GenIE 彙整值待審,2297,2489,55,57,名称已對接不等於頻率適用；按分流逐疾病審查。,40,260600,未啟用：尚缺適用頻率／assay DR確認,,,STANDARD_AR,HOLD,,PENDING_VALIDATION,MISSING,,
P0040,AIPL1,604393,萊伯氏先天性黑曚症第 4 型,Leber congenital amaurosis 4,眼部與視覺疾病,AR,來源基因層級；疾病層級待核實,一般 AR 待審,未逐疾病審查,GenIE 彙整值待審,740,2244,56,58; 59; 60; 61; 62; 63,名称已對接不等於頻率適用；按分流逐疾病審查。,41,604393,未啟用：尚缺適用頻率／assay DR確認,,,STANDARD_AR,HOLD,,PENDING_VALIDATION,MISSING,,
P0041,AIRE,240300,自體免疫多內分泌腺症候群第 1 型,Autoimmune polyendocrine syndrome type 1,免疫疾病,AR,來源基因層級；疾病層級待核實,一般 AR 待審,未逐疾病審查,GenIE 彙整值待審,233,454,57; 58,64,名称已對接不等於頻率適用；按分流逐疾病審查。,42,240300,未啟用：尚缺適用頻率／assay DR確認,,,STANDARD_AR,HOLD,,PENDING_VALIDATION,MISSING,,
P0042,ALDH3A2,270200,Sjögren-Larsson 症候群,Sjögren-Larsson syndrome,先天性代謝疾病,AR,來源基因層級；疾病層級待核實,一般 AR 待審,未逐疾病審查,GenIE 彙整值待審,1146,677,61,65,名称已對接不等於頻率適用；按分流逐疾病審查。,43,270200,未啟用：尚缺適用頻率／assay DR確認,,,STANDARD_AR,HOLD,,PENDING_VALIDATION,MISSING,,
P0043,ALDH4A1,239510,高脯胺酸血症第二型,Hyperprolinemia type 2,先天性代謝疾病,AR,來源基因層級；疾病層級待核實,一般 AR 待審,未逐疾病審查,GenIE 彙整值待審,986,1235,62,66,名称已對接不等於頻率適用；按分流逐疾病審查。,44,239510,未啟用：尚缺適用頻率／assay DR確認,,,STANDARD_AR,HOLD,,PENDING_VALIDATION,MISSING,,
P0044,ALDH7A1,266100,吡哆醇依賴性癲癇,Pyridoxine-dependent epilepsy,腦部與神經疾病,AR,來源基因層級；疾病層級待核實,一般 AR 待審,未逐疾病審查,GenIE 彙整值待審,325,447,63,67,名称已對接不等於頻率適用；按分流逐疾病審查。,45,266100,未啟用：尚缺適用頻率／assay DR確認,,,STANDARD_AR,HOLD,,PENDING_VALIDATION,MISSING,,
P0045,ALDOB,229600,遺傳性果糖不耐症,Hereditary fructose intolerance,先天性代謝疾病,AR,來源基因層級；疾病層級待核實,一般 AR 待審,未逐疾病審查,GenIE 彙整值待審,93,898,64; 65; 66; 67,68,名称已對接不等於頻率適用；按分流逐疾病審查。,46,229600,未啟用：尚缺適用頻率／assay DR確認,,,STANDARD_AR,HOLD,,PENDING_VALIDATION,MISSING,,
P0046,ALG1,608540,先天性醣基化障礙第 1k 型,"Congenital disorder of glycosylation, type Ik",先天性代謝疾病,AR,來源基因層級；疾病層級待核實,一般 AR 待審,未逐疾病審查,GenIE 彙整值待審,507,745,68,69,名称已對接不等於頻率適用；按分流逐疾病審查。,47,608540,未啟用：尚缺適用頻率／assay DR確認,,,STANDARD_AR,HOLD,,PENDING_VALIDATION,MISSING,,
P0047,ALG13,300884,發展性癲癇腦病變 36,"Developmental and epileptic encephalopathy, 36",腦部與神經疾病,XL,來源基因層級；疾病層級待核實,XL 待審,未逐疾病審查,補值來源待審,50000,,72,70,名称已對接不等於頻率適用；按分流逐疾病審查。,48,300884,未啟用：尚缺適用頻率／assay DR確認,,,STANDARD_XL,HOLD,,PENDING_VALIDATION,MISSING,,
P0048,ALG6,603147,先天性醣基化障礙第 1c 型,"Congenital disorder of glycosylation, type Ic",先天性代謝疾病,AR,來源基因層級；疾病層級待核實,一般 AR 待審,未逐疾病審查,GenIE 彙整值待審,431,1600,70,71,名称已對接不等於頻率適用；按分流逐疾病審查。,49,603147,未啟用：尚缺適用頻率／assay DR確認,,,STANDARD_AR,HOLD,,PENDING_VALIDATION,MISSING,,
P0049,ALMS1,203800,Alstrom症候群,Alstrom syndrome,多症狀疾病,AR,來源基因層級；疾病層級待核實,一般 AR 待審,未逐疾病審查,GenIE 彙整值待審,172,127,73,72,名称已對接不等於頻率適用；按分流逐疾病審查。,50,203800,未啟用：尚缺適用頻率／assay DR確認,,,STANDARD_AR,HOLD,,PENDING_VALIDATION,MISSING,,
P0050,ALPL,146300,成人低磷酸酯酶症,"Hypophosphatasia, Adult",骨骼疾病,AR,來源基因層級；疾病層級待核實,一般 AR 待審,未逐疾病審查,GenIE 彙整值待審,207,130,76; 77; 78,73,名称已對接不等於頻率適用；按分流逐疾病審查。,51,146300,未啟用：尚缺適用頻率／assay DR確認,,,STANDARD_AR,HOLD,,PENDING_VALIDATION,MISSING,,
P0051,AMN,618882,Imerslund-Grasbeck 症候群,Imerslund-Grasbeck syndrome,血液疾病,AR,來源基因層級；疾病層級待核實,一般 AR 待審,未逐疾病審查,GenIE 彙整值待審,998,3619,81,74,名称已對接不等於頻率適用；按分流逐疾病審查。,52,618882,未啟用：尚缺適用頻率／assay DR確認,,,STANDARD_AR,HOLD,,PENDING_VALIDATION,MISSING,,
P0052,AMT,620398,甘胺酸腦病變第 2 型,Glycine encephalopathy 2,先天性代謝疾病,AR,來源基因層級；疾病層級待核實,一般 AR 待審,未逐疾病審查,GenIE 彙整值待審,1103,2494,83; 84,75,名称已對接不等於頻率適用；按分流逐疾病審查。,53,620398,未啟用：尚缺適用頻率／assay DR確認,,,STANDARD_AR,HOLD,,PENDING_VALIDATION,MISSING,,
P0053,ANO10,613728,體染色體隱性脊髓小腦性運動失調第 10 型,Autosomal recessive spinocerebellar ataxia 10,腦部與神經疾病,AR,來源基因層級；疾病層級待核實,一般 AR 待審,未逐疾病審查,GenIE 彙整值待審,397,541,85,76,名称已對接不等於頻率適用；按分流逐疾病審查。,54,613728,未啟用：尚缺適用頻率／assay DR確認,,,STANDARD_AR,HOLD,,PENDING_VALIDATION,MISSING,,
P0054,AP1S1,609313,Mednik 症候群,Mednik syndrome,先天性代謝疾病,AR,來源基因層級；疾病層級待核實,一般 AR 待審,未逐疾病審查,GenIE 彙整值待審,5094,7474,88,77,名称已對接不等於頻率適用；按分流逐疾病審查。,55,609313,未啟用：尚缺適用頻率／assay DR確認,,,STANDARD_AR,HOLD,,PENDING_VALIDATION,MISSING,,
P0055,AP1S2,304340,症候群性 X 性聯遺傳智能障礙 5 型,Syndromic X-linked intellectual disability 5,腦部與神經疾病,XL,來源基因層級；疾病層級待核實,XL 待審,未逐疾病審查,補值來源待審,50000,,89,78,名称已對接不等於頻率適用；按分流逐疾病審查。,56,304340,未啟用：尚缺適用頻率／assay DR確認,,,STANDARD_XL,HOLD,,PENDING_VALIDATION,MISSING,,
P0056,AQP2,125800,腎性尿崩症,"Diabetes insipidus, nephrogenic",腎臟泌尿疾病,AR,來源基因層級；疾病層級待核實,一般 AR 待審,未逐疾病審查,GenIE 彙整值待審,1153,1069,93; 94,79,名称已對接不等於頻率適用；按分流逐疾病審查。,57,125800,未啟用：尚缺適用頻率／assay DR確認,,,STANDARD_AR,HOLD,,PENDING_VALIDATION,MISSING,,
P0057,AR,300068,雄性素不敏感症候群,Androgen insensitivity syndrome,內分泌疾病,XL,來源基因層級；疾病層級待核實,特殊模型待審,未逐疾病審查,補值來源待審,14286,,95,80,名称已對接不等於頻率適用；按分流逐疾病審查。,58,300068,未啟用：尚缺適用頻率／assay DR確認,,,STANDARD_XL,HOLD,,PENDING_VALIDATION,MISSING,,
P0058,ARG1,207800,精胺酸酶缺乏症,Arginase deficiency,先天性代謝疾病,AR,來源基因層級；疾病層級待核實,一般 AR 待審,未逐疾病審查,GenIE 彙整值待審,1945,2494,96,81,名称已對接不等於頻率適用；按分流逐疾病審查。,59,207800,未啟用：尚缺適用頻率／assay DR確認,,,STANDARD_AR,HOLD,,PENDING_VALIDATION,MISSING,,
P0059,ARL13B,612291,Joubert 症候群第 8 型,Joubert syndrome 8,腦部與神經疾病,AR,來源基因層級；疾病層級待核實,一般 AR 待審,未逐疾病審查,GenIE 彙整值待審,1254,829,97,82,名称已對接不等於頻率適用；按分流逐疾病審查。,60,612291,未啟用：尚缺適用頻率／assay DR確認,,,STANDARD_AR,HOLD,,PENDING_VALIDATION,MISSING,,
P0060,ARL6,600151,Bardet-Biedl 症候群第 3 型,Bardet-biedl syndrome 3,多症狀疾病,AR,來源基因層級；疾病層級待核實,一般 AR 待審,未逐疾病審查,GenIE 彙整值待審,4268,2486,98,83,名称已對接不等於頻率適用；按分流逐疾病審查。,61,600151,未啟用：尚缺適用頻率／assay DR確認,,,STANDARD_AR,HOLD,,PENDING_VALIDATION,MISSING,,
P0061,ARSA,250100,異染性腦白質退化症,Metachromatic leukodystrophy,腦部與神經疾病,AR,來源基因層級；疾病層級待核實,一般 AR 待審,未逐疾病審查,GenIE 彙整值待審,176,314,99; 100; 101,84,名称已對接不等於頻率適用；按分流逐疾病審查。,62,250100,未啟用：尚缺適用頻率／assay DR確認,,,STANDARD_AR,HOLD,,PENDING_VALIDATION,MISSING,,
P0062,ARSB,253200,黏多醣症第 6 型,Mucopolysaccharidosis type 6,先天性代謝疾病,AR,來源基因層級；疾病層級待核實,一般 AR 待審,未逐疾病審查,GenIE 彙整值待審,622,1172,102; 103,85,名称已對接不等於頻率適用；按分流逐疾病審查。,63,253200,未啟用：尚缺適用頻率／assay DR確認,,,STANDARD_AR,HOLD,,PENDING_VALIDATION,MISSING,,
P0063,ARSL,302950,X 性聯遺傳點狀軟骨發育不良第 1 型,X-linked chondrodysplasia punctata 1,骨骼疾病,XL,來源基因層級；疾病層級待核實,XL 待審,未逐疾病審查,缺值,,,104,,名称已對接不等於頻率適用；按分流逐疾病審查。,64,302950,未啟用：尚缺適用頻率／assay DR確認,,,STANDARD_XL,HOLD,,PENDING_VALIDATION,MISSING,,
P0064,ARX,300419,X 性聯遺傳性聯遺傳智能障礙-ARX 型,"X-linked intellectual disability, ARX-related",腦部與神經疾病,XL,來源基因層級；疾病層級待核實,XL 待審,未逐疾病審查,補值來源待審,50000,,105,86,名称已對接不等於頻率適用；按分流逐疾病審查。,65,300419,未啟用：尚缺適用頻率／assay DR確認,,,STANDARD_XL,HOLD,,PENDING_VALIDATION,MISSING,,
P0065,ASL,207900,精胺酸琥珀酸尿症,Argininosuccinic aciduria,先天性代謝疾病,AR,來源基因層級；疾病層級待核實,一般 AR 待審,未逐疾病審查,GenIE 彙整值待審,140,862,106,87,名称已對接不等於頻率適用；按分流逐疾病審查。,66,207900,未啟用：尚缺適用頻率／assay DR確認,,,STANDARD_AR,HOLD,,PENDING_VALIDATION,MISSING,,
P0066,ASNS,615574,天門冬醯胺合成酶缺乏症,Asparagine synthetase deficiency,先天性代謝疾病,AR,來源基因層級；疾病層級待核實,一般 AR 待審,未逐疾病審查,GenIE 彙整值待審,1545,1019,107; 108,88,名称已對接不等於頻率適用；按分流逐疾病審查。,67,615574,未啟用：尚缺適用頻率／assay DR確認,,,STANDARD_AR,HOLD,,PENDING_VALIDATION,MISSING,,
P0067,ASPA,271900,Canavan氏病,Canavan disease,腦部與神經疾病,AR,來源基因層級；疾病層級待核實,一般 AR 待審,未逐疾病審查,GenIE 彙整值待審,520,1496,109; 110,89,名称已對接不等於頻率適用；按分流逐疾病審查。,68,271900,未啟用：尚缺適用頻率／assay DR確認,,,STANDARD_AR,HOLD,,PENDING_VALIDATION,MISSING,,
P0068,ASS1,215700,瓜胺酸血症第 I 型,Citrullinemia type I,先天性代謝疾病,AR,來源基因層級；疾病層級待核實,一般 AR 待審,未逐疾病審查,GenIE 彙整值待審,338,317,111; 112,90,名称已對接不等於頻率適用；按分流逐疾病審查。,69,215700,未啟用：尚缺適用頻率／assay DR確認,,,STANDARD_AR,HOLD,,PENDING_VALIDATION,MISSING,,
P0069,ATM,208900,共濟失調微血管擴張症候群,Ataxia telangiectasia,腦部與神經疾病,AR,來源基因層級；疾病層級待核實,一般 AR 待審,未逐疾病審查,GenIE 彙整值待審,230,379,113,91; 92; 93; 94; 95; 96; 97,名称已對接不等於頻率適用；按分流逐疾病審查。,70,208900,未啟用：尚缺適用頻率／assay DR確認,,,STANDARD_AR,HOLD,,PENDING_VALIDATION,MISSING,,
P0070,ATP6V1B1,267300,遠端腎小管酸中毒 2 合併進行性感音神經性聽力損失,Distal renal tubular acidosis 2 with progressive sensorineural hearing loss,腎臟泌尿疾病,AR,來源基因層級；疾病層級待核實,一般 AR 待審,未逐疾病審查,GenIE 彙整值待審,1623,1319,117,98,名称已對接不等於頻率適用；按分流逐疾病審查。,71,267300,未啟用：尚缺適用頻率／assay DR確認,,,STANDARD_AR,HOLD,,PENDING_VALIDATION,MISSING,,
P0071,ATP7A,309400,Menkes氏症候群,Menkes disease,先天性代謝疾病,XL,來源基因層級；疾病層級待核實,多疾病／多機制待審,未逐疾病審查,補值來源待審,50000,,119,99,名称已對接不等於頻率適用；按分流逐疾病審查。,72,309400,未啟用：尚缺適用頻率／assay DR確認,,,STANDARD_XL,HOLD,,PENDING_VALIDATION,MISSING,,
P0072,ATP7A,304150,枕骨角症候群,Occipital horn syndrome,結締組織疾病,XL,來源基因層級；疾病層級待核實,多疾病／多機制待審,未逐疾病審查,補值來源待審,50000,,119,99,名称已對接不等於頻率適用；按分流逐疾病審查。,73,304150,未啟用：尚缺適用頻率／assay DR確認,,,STANDARD_XL,HOLD,,PENDING_VALIDATION,MISSING,,
P0073,ATP7B,277900,威爾森氏病,Wilson disease,先天性代謝疾病,AR,來源基因層級；疾病層級待核實,一般 AR 待審,未逐疾病審查,GenIE 彙整值待審,88,203,120; 121; 122,100,名称已對接不等於頻率適用；按分流逐疾病審查。,74,277900,未啟用：尚缺適用頻率／assay DR確認,,,STANDARD_AR,HOLD,,PENDING_VALIDATION,MISSING,,
P0074,ATP8B1,211600,進行性家族性肝內膽汁滯留症第 1 型,Progressive familial intrahepatic cholestasis type 1,消化疾病,AR,來源基因層級；疾病層級待核實,一般 AR 待審,未逐疾病審查,GenIE 彙整值待審,887,771,123,101,名称已對接不等於頻率適用；按分流逐疾病審查。,75,211600,未啟用：尚缺適用頻率／assay DR確認,,,STANDARD_AR,HOLD,,PENDING_VALIDATION,MISSING,,
P0075,ATRX,301040,甲型地中海型貧血-性聯遺傳智能障礙症候群,Alpha thalassemia-x-linked intellectual disability syndrome,腦部與神經疾病,XL,來源基因層級；疾病層級待核實,XL 待審,未逐疾病審查,補值來源待審,250000,,124,102,名称已對接不等於頻率適用；按分流逐疾病審查。,76,301040,未啟用：尚缺適用頻率／assay DR確認,,,STANDARD_XL,HOLD,,PENDING_VALIDATION,MISSING,,
P0076,AVPR2,300539,腎源性抗利尿不當症候群,Nephrogenic syndrome of inappropriate antidiuresis,腎臟泌尿疾病,XL,來源基因層級；疾病層級待核實,XL 待審,未逐疾病審查,補值來源待審,50000,,125,103,名称已對接不等於頻率適用；按分流逐疾病審查。,77,300539,未啟用：尚缺適用頻率／assay DR確認,,,STANDARD_XL,HOLD,,PENDING_VALIDATION,MISSING,,
P0077,BBS1,209900,Bardet-Biedl 症候群第 1 型,Bardet-biedl syndrome 1,多症狀疾病,AR,來源基因層級；疾病層級待核實,一般 AR 待審,未逐疾病審查,GenIE 彙整值待審,166,1604,128,104,名称已對接不等於頻率適用；按分流逐疾病審查。,78,209900,未啟用：尚缺適用頻率／assay DR確認,,,STANDARD_AR,HOLD,,PENDING_VALIDATION,MISSING,,
P0078,BBS10,615987,Bardet-Biedl 症候群第 10 型,Bardet-biedl syndrome 10,多症狀疾病,AR,來源基因層級；疾病層級待核實,一般 AR 待審,未逐疾病審查,GenIE 彙整值待審,305,1726,129,105,名称已對接不等於頻率適用；按分流逐疾病審查。,79,615987,未啟用：尚缺適用頻率／assay DR確認,,,STANDARD_AR,HOLD,,PENDING_VALIDATION,MISSING,,
P0079,BBS12,615989,Bardet-Biedl 症候群第 12 型,Bardet-biedl syndrome 12,多症狀疾病,AR,來源基因層級；疾病層級待核實,一般 AR 待審,未逐疾病審查,GenIE 彙整值待審,1047,2041,130,106,名称已對接不等於頻率適用；按分流逐疾病審查。,80,615989,未啟用：尚缺適用頻率／assay DR確認,,,STANDARD_AR,HOLD,,PENDING_VALIDATION,MISSING,,
P0080,BBS2,615981,Bardet-Biedl 症候群第 2 型,Bardet-biedl syndrome 2,多症狀疾病,AR,來源基因層級；疾病層級待核實,一般 AR 待審,未逐疾病審查,GenIE 彙整值待審,478,374,131; 132,107,名称已對接不等於頻率適用；按分流逐疾病審查。,81,615981,未啟用：尚缺適用頻率／assay DR確認,,,STANDARD_AR,HOLD,,PENDING_VALIDATION,MISSING,,
P0081,BBS4,615982,Bardet-Biedl 症候群第 4 型,Bardet-biedl syndrome 4,多症狀疾病,AR,來源基因層級；疾病層級待核實,一般 AR 待審,未逐疾病審查,GenIE 彙整值待審,1128,195,133,108,名称已對接不等於頻率適用；按分流逐疾病審查。,82,615982,未啟用：尚缺適用頻率／assay DR確認,,,STANDARD_AR,HOLD,,PENDING_VALIDATION,MISSING,,
P0082,BBS5,615983,Bardet-Biedl 症候群第 5 型,Bardet-biedl syndrome 5,多症狀疾病,AR,來源基因層級；疾病層級待核實,一般 AR 待審,未逐疾病審查,GenIE 彙整值待審,2101,2035,134,109,名称已對接不等於頻率適用；按分流逐疾病審查。,83,615983,未啟用：尚缺適用頻率／assay DR確認,,,STANDARD_AR,HOLD,,PENDING_VALIDATION,MISSING,,
P0083,BBS7,615984,Bardet-Biedl 症候群第 7 型,Bardet-biedl syndrome 7,多症狀疾病,AR,來源基因層級；疾病層級待核實,一般 AR 待審,未逐疾病審查,GenIE 彙整值待審,816,801,135,110,名称已對接不等於頻率適用；按分流逐疾病審查。,84,615984,未啟用：尚缺適用頻率／assay DR確認,,,STANDARD_AR,HOLD,,PENDING_VALIDATION,MISSING,,
P0084,BBS9,615986,Bardet-Biedl 症候群第 9 型,Bardet-biedl syndrome 9,多症狀疾病,AR,來源基因層級；疾病層級待核實,一般 AR 待審,未逐疾病審查,GenIE 彙整值待審,1002,1601,136,111,名称已對接不等於頻率適用；按分流逐疾病審查。,85,615986,未啟用：尚缺適用頻率／assay DR確認,,,STANDARD_AR,HOLD,,PENDING_VALIDATION,MISSING,,
P0085,BCHE,617936,假性膽鹼酯酶缺乏症,Butyrylcholinesterase deficiency,先天性代謝疾病,AR,來源基因層級；疾病層級待核實,一般 AR 待審,未逐疾病審查,GenIE 彙整值待審,24,73,137,112,名称已對接不等於頻率適用；按分流逐疾病審查。,86,617936,未啟用：尚缺適用頻率／assay DR確認,,,STANDARD_AR,HOLD,,PENDING_VALIDATION,MISSING,,
P0086,BCKDHA,248600,楓糖尿症第 1A 型,Maple syrup urine disease type 1A,先天性代謝疾病,AR,來源基因層級；疾病層級待核實,一般 AR 待審,未逐疾病審查,GenIE 彙整值待審,749,896,138; 139,113,名称已對接不等於頻率適用；按分流逐疾病審查。,87,248600,未啟用：尚缺適用頻率／assay DR確認,,,STANDARD_AR,HOLD,,PENDING_VALIDATION,MISSING,,
P0087,BCKDHB,620698,楓糖尿症第 1B 型,Maple syrup urine disease type 1B,先天性代謝疾病,AR,來源基因層級；疾病層級待核實,一般 AR 待審,未逐疾病審查,GenIE 彙整值待審,499,894,140; 141,114,名称已對接不等於頻率適用；按分流逐疾病審查。,88,620698,未啟用：尚缺適用頻率／assay DR確認,,,STANDARD_AR,HOLD,,PENDING_VALIDATION,MISSING,,
P0088,BCS1L,262000,Bjornstad 症候群,Bjornstad syndrome,先天性代謝疾病,AR,來源基因層級；疾病層級待核實,一般 AR 待審,未逐疾病審查,GenIE 彙整值待審,376,1123,142,115,名称已對接不等於頻率適用；按分流逐疾病審查。,89,262000,未啟用：尚缺適用頻率／assay DR確認,,,STANDARD_AR,HOLD,,PENDING_VALIDATION,MISSING,,
P0089,BLM,210900,布隆氏症候群,Bloom syndrome,多症狀疾病,AR,來源基因層級；疾病層級待核實,一般 AR 待審,未逐疾病審查,GenIE 彙整值待審,430,408,143; 144,116,名称已對接不等於頻率適用；按分流逐疾病審查。,90,210900,未啟用：尚缺適用頻率／assay DR確認,,,STANDARD_AR,HOLD,,PENDING_VALIDATION,MISSING,,
P0090,BLOC1S3,614077,Hermansky-Pudlak 症候群第 8 型,Hermansky-pudlak syndrome 8,多症狀疾病,AR,來源基因層級；疾病層級待核實,一般 AR 待審,未逐疾病審查,GenIE 彙整值待審,2812,3070,145,117,名称已對接不等於頻率適用；按分流逐疾病審查。,91,614077,未啟用：尚缺適用頻率／assay DR確認,,,STANDARD_AR,HOLD,,PENDING_VALIDATION,MISSING,,
P0091,BLOC1S6,614171,Hermansky-Pudlak 症候群第 9 型,Hermansky-pudlak syndrome 9,多症狀疾病,AR,來源基因層級；疾病層級待核實,一般 AR 待審,未逐疾病審查,GenIE 彙整值待審,5431,1596,146,118,名称已對接不等於頻率適用；按分流逐疾病審查。,92,614171,未啟用：尚缺適用頻率／assay DR確認,,,STANDARD_AR,HOLD,,PENDING_VALIDATION,MISSING,,
P0092,BMP1,614856,成骨不全症第 13 型,Osteogenesis imperfecta type 13,骨骼疾病,AR,來源基因層級；疾病層級待核實,一般 AR 待審,未逐疾病審查,GenIE 彙整值待審,2428,5609,147,119,名称已對接不等於頻率適用；按分流逐疾病審查。,93,614856,未啟用：尚缺適用頻率／assay DR確認,,,STANDARD_AR,HOLD,,PENDING_VALIDATION,MISSING,,
P0093,BRIP1,609054,Fanconi氏貧血J型,Fanconi anemia complementation group J,血液疾病,AR,來源基因層級；疾病層級待核實,一般 AR 待審,未逐疾病審查,GenIE 彙整值待審,585,800,149,120,名称已對接不等於頻率適用；按分流逐疾病審查。,94,609054,未啟用：尚缺適用頻率／assay DR確認,,,STANDARD_AR,HOLD,,PENDING_VALIDATION,MISSING,,
P0094,BRWD3,300659,X 性聯遺傳智能障礙第 93 型,"Intellectual disability, x-linked 93",腦部與神經疾病,XL,來源基因層級；疾病層級待核實,XL 待審,未逐疾病審查,補值來源待審,50000,,150,121,名称已對接不等於頻率適用；按分流逐疾病審查。,95,300659,未啟用：尚缺適用頻率／assay DR確認,,,STANDARD_XL,HOLD,,PENDING_VALIDATION,MISSING,,
P0095,BSND,602522,Bartter氏症候群第 4a 型,Bartter syndrome type 4a,腎臟泌尿疾病,AR,來源基因層級；疾病層級待核實,一般 AR 待審,未逐疾病審查,GenIE 彙整值待審,1124,2795,151,122,名称已對接不等於頻率適用；按分流逐疾病審查。,96,602522,未啟用：尚缺適用頻率／assay DR確認,,,STANDARD_AR,HOLD,,PENDING_VALIDATION,MISSING,,
P0096,BTD,253260,生物素酵素缺乏症,Biotinidase deficiency,先天性代謝疾病,AR,來源基因層級；疾病層級待核實,一般 AR 待審,未逐疾病審查,GenIE 彙整值待審,170,522,152; 153; 154; 155,123,名称已對接不等於頻率適用；按分流逐疾病審查。,97,253260,未啟用：尚缺適用頻率／assay DR確認,,,STANDARD_AR,HOLD,,PENDING_VALIDATION,MISSING,,
P0097,BTK,300755,布魯頓式低免疫球蛋白症,Bruton-type agammaglobulinemia,免疫疾病,XL,來源基因層級；疾病層級待核實,XL 待審,未逐疾病審查,補值來源待審,50000,,156,124,名称已對接不等於頻率適用；按分流逐疾病審查。,98,300755,未啟用：尚缺適用頻率／assay DR確認,,,STANDARD_XL,HOLD,,PENDING_VALIDATION,MISSING,,
P0098,CAD,616457,發展性癲癇腦病變 50,"Developmental and epileptic encephalopathy, 50",腦部與神經疾病,AR,來源基因層級；疾病層級待核實,一般 AR 待審,未逐疾病審查,GenIE 彙整值待審,1125,2241,159,125,名称已對接不等於頻率適用；按分流逐疾病審查。,99,616457,未啟用：尚缺適用頻率／assay DR確認,,,STANDARD_AR,HOLD,,PENDING_VALIDATION,MISSING,,
P0099,CANT1,251450,Desbuquois氏發育不全症第 1 型,Desbuquois dysplasia 1,骨骼疾病,AR,來源基因層級；疾病層級待核實,一般 AR 待審,未逐疾病審查,GenIE 彙整值待審,1320,635,160,126,名称已對接不等於頻率適用；按分流逐疾病審查。,100,251450,未啟用：尚缺適用頻率／assay DR確認,,,STANDARD_AR,HOLD,,PENDING_VALIDATION,MISSING,,
P0100,CAPN3,253600,肢帶型肌肉失養症第 2A 型,Limb-girdle muscular dystrophy type 2A,肌肉疾病,AR,來源基因層級；疾病層級待核實,一般 AR 待審,未逐疾病審查,GenIE 彙整值待審,78,136,161; 162,127; 128; 129; 130; 131; 132; 133; 134,名称已對接不等於頻率適用；按分流逐疾病審查。,101,253600,未啟用：尚缺適用頻率／assay DR確認,,,STANDARD_AR,HOLD,,PENDING_VALIDATION,MISSING,,
P0101,CASQ2,611938,兒茶酚胺敏感性多形性室性心搏過速(CPVT)第 2 型,Catecholaminergic polymorphic ventricular tachycardia 2,心血管疾病,AR,來源基因層級；疾病層級待核實,一般 AR 待審,未逐疾病審查,GenIE 彙整值待審,1760,2492,164,135,名称已對接不等於頻率適用；按分流逐疾病審查。,102,611938,未啟用：尚缺適用頻率／assay DR確認,,,STANDARD_AR,HOLD,,PENDING_VALIDATION,MISSING,,
P0102,CBS,236200,典型高胱胺酸尿症,Classic homocystinuria,先天性代謝疾病,AR,來源基因層級；疾病層級待核實,一般 AR 待審,未逐疾病審查,GenIE 彙整值待審,1266,2006,167; 168; 169,136,名称已對接不等於頻率適用；按分流逐疾病審查。,103,236200,未啟用：尚缺適用頻率／assay DR確認,,,STANDARD_AR,HOLD,,PENDING_VALIDATION,MISSING,,
P0103,CC2D1A,608443,體染色體隱性智能障礙第 3 型,"Intellectual disability, autosomal recessive 3",腦部與神經疾病,AR,來源基因層級；疾病層級待核實,一般 AR 待審,未逐疾病審查,GenIE 彙整值待審,854,3198,170,137,名称已對接不等於頻率適用；按分流逐疾病審查。,104,608443,未啟用：尚缺適用頻率／assay DR確認,,,STANDARD_AR,HOLD,,PENDING_VALIDATION,MISSING,,
P0104,CC2D2A,612285,Joubert 症候群第 9 型,Joubert syndrome 9,腦部與神經疾病,AR,來源基因層級；疾病層級待核實,一般 AR 待審,未逐疾病審查,GenIE 彙整值待審,249,338,171,138,名称已對接不等於頻率適用；按分流逐疾病審查。,105,612285,未啟用：尚缺適用頻率／assay DR確認,,,STANDARD_AR,HOLD,,PENDING_VALIDATION,MISSING,,
P0105,CCDC39,613807,原發性纖毛運動障礙 14 型,Primary ciliary dyskinesia 14,呼吸疾病,AR,來源基因層級；疾病層級待核實,一般 AR 待審,未逐疾病審查,補值來源待審,211,,174,139,名称已對接不等於頻率適用；按分流逐疾病審查。,106,613807,未啟用：尚缺適用頻率／assay DR確認,,,STANDARD_AR,HOLD,,PENDING_VALIDATION,MISSING,,
P0106,CCDC88C,236600,體染色體隱性非症候群性水腦症第 1 型,"Hydrocephalus, nonsyndromic, autosomal recessive 1",腦部與神經疾病,AR,來源基因層級；疾病層級待核實,一般 AR 待審,未逐疾病審查,GenIE 彙整值待審,1825,852,176,140,名称已對接不等於頻率適用；按分流逐疾病審查。,107,236600,未啟用：尚缺適用頻率／assay DR確認,,,STANDARD_AR,HOLD,,PENDING_VALIDATION,MISSING,,
P0107,CCN6,208230,進行性假性類風濕樣骨發育不良,Progressive pseudorheumatoid dysplasia,骨骼疾病,AR,來源基因層級；疾病層級待核實,一般 AR 待審,未逐疾病審查,GenIE 彙整值待審,972,1599,1083,,名称已對接不等於頻率適用；按分流逐疾病審查。,108,208230,未啟用：尚缺適用頻率／assay DR確認,,,STANDARD_AR,HOLD,,PENDING_VALIDATION,MISSING,,
P0108,CD3D,615617,免疫缺乏症第 19 型,Immunodeficiency 19,免疫疾病,AR,來源基因層級；疾病層級待核實,一般 AR 待審,未逐疾病審查,GenIE 彙整值待審,2514,1726,178,141,名称已對接不等於頻率適用；按分流逐疾病審查。,109,615617,未啟用：尚缺適用頻率／assay DR確認,,,STANDARD_AR,HOLD,,PENDING_VALIDATION,MISSING,,
P0109,CD3E,615615,免疫缺乏症第 18 型,Immunodeficiency 18,免疫疾病,AR,來源基因層級；疾病層級待核實,一般 AR 待審,未逐疾病審查,GenIE 彙整值待審,6016,22447,179,142,名称已對接不等於頻率適用；按分流逐疾病審查。,110,615615,未啟用：尚缺適用頻率／assay DR確認,,,STANDARD_AR,HOLD,,PENDING_VALIDATION,MISSING,,
P0110,CD40,606843,高免疫球蛋白M症候群第 3 型,Hyper-IgM syndrome type 3,免疫疾病,AR,來源基因層級；疾病層級待核實,一般 AR 待審,未逐疾病審查,GenIE 彙整值待審,11528,22442,181,143,名称已對接不等於頻率適用；按分流逐疾病審查。,111,606843,未啟用：尚缺適用頻率／assay DR確認,,,STANDARD_AR,HOLD,,PENDING_VALIDATION,MISSING,,
P0111,CD40LG,308230,高免疫球蛋白M症候群第 1 型,Hyper-IgM syndrome type 1,免疫疾病,XL,來源基因層級；疾病層級待核實,XL 待審,未逐疾病審查,補值來源待審,50000,,182,144,名称已對接不等於頻率適用；按分流逐疾病審查。,112,308230,未啟用：尚缺適用頻率／assay DR確認,,,STANDARD_XL,HOLD,,PENDING_VALIDATION,MISSING,,
P0112,CD59,612300,原發性 CD59 缺乏症,Primary CD59 deficiency,免疫疾病,AR,來源基因層級；疾病層級待核實,一般 AR 待審,未逐疾病審查,GenIE 彙整值待審,29856,,183,145,名称已對接不等於頻率適用；按分流逐疾病審查。,113,612300,未啟用：尚缺適用頻率／assay DR確認,,,STANDARD_AR,HOLD,,PENDING_VALIDATION,MISSING,,
P0113,CDH23,601067,Usher 症候群第 1D 型,Usher syndrome type 1D,耳部與聽覺疾病,AR,來源基因層級；疾病層級待核實,一般 AR 待審,未逐疾病審查,GenIE 彙整值待審,326,137,187,146; 147; 148; 149; 150,名称已對接不等於頻率適用；按分流逐疾病審查。,114,601067,未啟用：尚缺適用頻率／assay DR確認,,,STANDARD_AR,HOLD,,PENDING_VALIDATION,MISSING,,
P0114,CEP152,614852,體染色體隱性原發性小頭症,Autosomal recessive primary microcephaly,腦部與神經疾病,AR,來源基因層級；疾病層級待核實,一般 AR 待審,未逐疾病審查,GenIE 彙整值待審,386,102,189,151,名称已對接不等於頻率適用；按分流逐疾病審查。,115,614852,未啟用：尚缺適用頻率／assay DR確認,,,STANDARD_AR,HOLD,,PENDING_VALIDATION,MISSING,,
P0115,CEP250,618358,視錐-視桿細胞失養症伴聽力喪失第2型,Cone-rod dystrophy and hearing loss 2,眼部與視覺疾病,AR,來源基因層級；疾病層級待核實,一般 AR 待審,未逐疾病審查,GenIE 彙整值待審,409,396,,,名称已對接不等於頻率適用；按分流逐疾病審查。,116,618358,未啟用：尚缺適用頻率／assay DR確認,,,STANDARD_AR,HOLD,,PENDING_VALIDATION,MISSING,,
P0116,CEP290,610188,Joubert 症候群第 5 型,Joubert syndrome 5,腦部與神經疾病,AR,來源基因層級；疾病層級待核實,一般 AR 待審,未逐疾病審查,GenIE 彙整值待審,121,108,190,152,名称已對接不等於頻率適用；按分流逐疾病審查。,117,610188,未啟用：尚缺適用頻率／assay DR確認,,,STANDARD_AR,HOLD,,PENDING_VALIDATION,MISSING,,
P0117,CEP78,617236,視錐-視桿細胞失養症伴聽力喪失第1型,Cone-rod dystrophy and hearing loss 1,眼部與視覺疾病,AR,來源基因層級；疾病層級待核實,一般 AR 待審,未逐疾病審查,GenIE 彙整值待審,143,869,,,名称已對接不等於頻率適用；按分流逐疾病審查。,118,617236,未啟用：尚缺適用頻率／assay DR確認,,,STANDARD_AR,HOLD,,PENDING_VALIDATION,MISSING,,
P0118,CERKL,608380,視網膜色素變性第 26 型,Retinitis pigmentosa 26,眼部與視覺疾病,AR,來源基因層級；疾病層級待核實,一般 AR 待審,未逐疾病審查,GenIE 彙整值待審,343,678,191,153,名称已對接不等於頻率適用；按分流逐疾病審查。,119,608380,未啟用：尚缺適用頻率／assay DR確認,,,STANDARD_AR,HOLD,,PENDING_VALIDATION,MISSING,,
P0119,CFAP418,614500,視錐-視桿細胞失養症第16型,Cone-rod dystrophy 16,眼部與視覺疾病,AR,來源基因層級；疾病層級待核實,一般 AR 待審,未逐疾病審查,GenIE 彙整值待審,4755,5576,158,,名称已對接不等於頻率適用；按分流逐疾病審查。,120,614500,未啟用：尚缺適用頻率／assay DR確認,,,STANDARD_AR,HOLD,,PENDING_VALIDATION,MISSING,,
P0120,CFTR,219700,囊性纖維化,Cystic fibrosis,呼吸疾病,AR,來源基因層級；疾病層級待核實,一般 AR 待審,未逐疾病審查,GenIE 彙整值待審,18,31,193; 194; 195; 196; 197; 198,154; 155; 156; 157,名称已對接不等於頻率適用；按分流逐疾病審查。,121,219700,未啟用：尚缺適用頻率／assay DR確認,,,STANDARD_AR,HOLD,,PENDING_VALIDATION,MISSING,,
P0121,CHAT,254210,先天性肌無力症候群第 6 型,Congenital myasthenic syndrome 6,肌肉疾病,AR,來源基因層級；疾病層級待核實,一般 AR 待審,未逐疾病審查,GenIE 彙整值待審,543,1849,199,158,名称已對接不等於頻率適用；按分流逐疾病審查。,122,254210,未啟用：尚缺適用頻率／assay DR確認,,,STANDARD_AR,HOLD,,PENDING_VALIDATION,MISSING,,
P0122,CHM,303100,脈絡膜失養症,Choroideremia,眼部與視覺疾病,XL,來源基因層級；疾病層級待核實,XL 待審,未逐疾病審查,補值來源待審,25000,,200,159,名称已對接不等於頻率適用；按分流逐疾病審查。,123,303100,未啟用：尚缺適用頻率／assay DR確認,,,STANDARD_XL,HOLD,,PENDING_VALIDATION,MISSING,,
P0123,CHRNE,605809,先天性肌無力症候群,Congenital myasthenic syndrome,肌肉疾病,AR,來源基因層級；疾病層級待核實,一般 AR 待審,未逐疾病審查,GenIE 彙整值待審,350,1316,202,160,名称已對接不等於頻率適用；按分流逐疾病審查。,124,605809,未啟用：尚缺適用頻率／assay DR確認,,,STANDARD_AR,HOLD,,PENDING_VALIDATION,MISSING,,
P0124,CHRNG,253290,體染色體隱性多發性翼狀膜症候群,Autosomal recessive multiple pterygium syndrome,多症狀疾病,AR,來源基因層級；疾病層級待核實,一般 AR 待審,未逐疾病審查,GenIE 彙整值待審,318,362,203,161,名称已對接不等於頻率適用；按分流逐疾病審查。,125,253290,未啟用：尚缺適用頻率／assay DR確認,,,STANDARD_AR,HOLD,,PENDING_VALIDATION,MISSING,,
P0125,CHST6,217800,斑狀角膜失養症,Macular corneal dystrophy,眼部與視覺疾病,AR,來源基因層級；疾病層級待核實,一般 AR 待審,未逐疾病審查,GenIE 彙整值待審,790,774,204,162,名称已對接不等於頻率適用；按分流逐疾病審查。,126,217800,未啟用：尚缺適用頻率／assay DR確認,,,STANDARD_AR,HOLD,,PENDING_VALIDATION,MISSING,,
P0126,CIITA,209920,主要組織相容性複合體 II 類缺乏症,MHC class II deficiency,免疫疾病,AR,來源基因層級；疾病層級待核實,一般 AR 待審,未逐疾病審查,GenIE 彙整值待審,2106,3204,206,163,名称已對接不等於頻率適用；按分流逐疾病審查。,127,209920,未啟用：尚缺適用頻率／assay DR確認,,,STANDARD_AR,HOLD,,PENDING_VALIDATION,MISSING,,
P0127,CLCN1,255700,體染色體隱性先天性肌強直症,"Myotonia congenita, autosomal recessive",肌肉疾病,AR,來源基因層級；疾病層級待核實,一般 AR 待審,未逐疾病審查,GenIE 彙整值待審,98,299,208,164,名称已對接不等於頻率適用；按分流逐疾病審查。,128,255700,未啟用：尚缺適用頻率／assay DR確認,,,STANDARD_AR,HOLD,,PENDING_VALIDATION,MISSING,,
P0128,CLCNKB,607364,巴特氏症候群第3型,"Bartter syndrome, type 3",腎臟泌尿疾病,AR,來源基因層級；疾病層級待核實,一般 AR 待審,未逐疾病審查,GenIE 彙整值待審,281,458,210,165,名称已對接不等於頻率適用；按分流逐疾病審查。,129,607364,未啟用：尚缺適用頻率／assay DR確認,,,STANDARD_AR,HOLD,,PENDING_VALIDATION,MISSING,,
P0129,CLN3,204200,神經元蠟樣脂褐質沉著疾病 3 型,Neuronal ceroid lipofuscinosis 3,腦部與神經疾病,AR,來源基因層級；疾病層級待核實,一般 AR 待審,未逐疾病審查,GenIE 彙整值待審,1048,2244,211; 212,166,名称已對接不等於頻率適用；按分流逐疾病審查。,130,204200,未啟用：尚缺適用頻率／assay DR確認,,,STANDARD_AR,HOLD,,PENDING_VALIDATION,MISSING,,
P0130,CLN5,256731,神經元蠟樣脂褐質沉著疾病 5 型,Neuronal ceroid lipofuscinosis 5,腦部與神經疾病,AR,來源基因層級；疾病層級待核實,一般 AR 待審,未逐疾病審查,GenIE 彙整值待審,1243,4443,213; 214,167,名称已對接不等於頻率適用；按分流逐疾病審查。,131,256731,未啟用：尚缺適用頻率／assay DR確認,,,STANDARD_AR,HOLD,,PENDING_VALIDATION,MISSING,,
P0131,CLN6,601780,神經元蠟樣脂褐質儲積症 6A,"Ceroid lipofuscinosis, neuronal, 6A",腦部與神經疾病,AR,來源基因層級；疾病層級待核實,一般 AR 待審,未逐疾病審查,GenIE 彙整值待審,1526,1650,215,168,名称已對接不等於頻率適用；按分流逐疾病審查。,132,601780,未啟用：尚缺適用頻率／assay DR確認,,,STANDARD_AR,HOLD,,PENDING_VALIDATION,MISSING,,
P0132,CLN8,600143,神經元蠟樣脂褐質沉著疾病 8 型,Neuronal ceroid lipofuscinosis 8,腦部與神經疾病,AR,來源基因層級；疾病層級待核實,一般 AR 待審,未逐疾病審查,GenIE 彙整值待審,2205,2494,216; 217,169,名称已對接不等於頻率適用；按分流逐疾病審查。,133,600143,未啟用：尚缺適用頻率／assay DR確認,,,STANDARD_AR,HOLD,,PENDING_VALIDATION,MISSING,,
P0133,CLRN1,276902,Usher 症候群第 3A 型,Usher syndrome type 3A,耳部與聽覺疾病,AR,來源基因層級；疾病層級待核實,一般 AR 待審,未逐疾病審查,GenIE 彙整值待審,701,1497,219; 220; 221,170,名称已對接不等於頻率適用；按分流逐疾病審查。,134,276902,未啟用：尚缺適用頻率／assay DR確認,,,STANDARD_AR,HOLD,,PENDING_VALIDATION,MISSING,,
P0134,CNGA1,613756,視網膜色素變性第 49 型,Retinitis pigmentosa 49,眼部與視覺疾病,AR,來源基因層級；疾病層級待核實,一般 AR 待審,未逐疾病審查,GenIE 彙整值待審,211,234,,171,名称已對接不等於頻率適用；按分流逐疾病審查。,135,613756,未啟用：尚缺適用頻率／assay DR確認,,,STANDARD_AR,HOLD,,PENDING_VALIDATION,MISSING,,
P0135,CNGA3,216900,全色盲第 2 型,Achromatopsia 2,眼部與視覺疾病,AR,來源基因層級；疾病層級待核實,一般 AR 待審,未逐疾病審查,GenIE 彙整值待審,199,271,222,172,名称已對接不等於頻率適用；按分流逐疾病審查。,136,216900,未啟用：尚缺適用頻率／assay DR確認,,,STANDARD_AR,HOLD,,PENDING_VALIDATION,MISSING,,
P0136,CNGB1,613767,視網膜色素變性第 45 型,Retinitis pigmentosa 45,眼部與視覺疾病,AR,來源基因層級；疾病層級待核實,一般 AR 待審,未逐疾病審查,GenIE 彙整值待審,383,288,223,173,名称已對接不等於頻率適用；按分流逐疾病審查。,137,613767,未啟用：尚缺適用頻率／assay DR確認,,,STANDARD_AR,HOLD,,PENDING_VALIDATION,MISSING,,
P0137,CNGB3,262300,全色盲第 3 型,Achromatopsia 3,眼部與視覺疾病,AR,來源基因層級；疾病層級待核實,一般 AR 待審,未逐疾病審查,GenIE 彙整值待審,160,1066,224; 225,174,名称已對接不等於頻率適用；按分流逐疾病審查。,138,262300,未啟用：尚缺適用頻率／assay DR確認,,,STANDARD_AR,HOLD,,PENDING_VALIDATION,MISSING,,
P0138,COL11A2,609706,體染色體隱性非症候群性聽力損失 53,Autosomal recessive nonsyndromic hearing loss 53,耳部與聽覺疾病,AR,來源基因層級；疾病層級待核實,一般 AR 待審,未逐疾病審查,GenIE 彙整值待審,1247,702,228,175,名称已對接不等於頻率適用；按分流逐疾病審查。,139,609706,未啟用：尚缺適用頻率／assay DR確認,,,STANDARD_AR,HOLD,,PENDING_VALIDATION,MISSING,,
P0139,COL17A1,619787,非赫氏接合型表皮溶解水皰症,"Junctional epidermolysis bullosa, non-Herlitz type",皮膚與毛髮疾病,AR,來源基因層級；疾病層級待核實,一般 AR 待審,未逐疾病審查,GenIE 彙整值待審,406,574,229,176,名称已對接不等於頻率適用；按分流逐疾病審查。,140,619787,未啟用：尚缺適用頻率／assay DR確認,,,STANDARD_AR,HOLD,,PENDING_VALIDATION,MISSING,,
P0140,COL1A2,225320,心臟瓣膜型 Ehlers-Danlos 症候群,"Ehlers-Danlos syndrome, cardiac valvular type",骨骼疾病,AR,使用者指定並核實,多疾病／多機制待審,第一批初審,新 OMIM 之頻率待確認,1282,933,,177,使用者指定 225320／AR；原 1/1282 未核實適用新疾病；原分類保留待 taxonomy thread 確認。,141,619120,未啟用：尚缺適用頻率／assay DR確認,,,STANDARD_AR,HOLD,,PENDING_VALIDATION,MISSING,,
P0141,COL27A1,615155,鋼鐵症候群,Steel syndrome,骨骼疾病,AR,來源基因層級；疾病層級待核實,一般 AR 待審,未逐疾病審查,GenIE 彙整值待審,1486,1646,230,178,名称已對接不等於頻率適用；按分流逐疾病審查。,142,615155,未啟用：尚缺適用頻率／assay DR確認,,,STANDARD_AR,HOLD,,PENDING_VALIDATION,MISSING,,
P0142,COL4A3,620536,Alport氏症候群第 3B 型,Alport syndrome 3B,腎臟泌尿疾病,AR,來源基因層級；疾病層級待核實,一般 AR 待審,未逐疾病審查,GenIE 彙整值待審,347,254,231; 232,179,名称已對接不等於頻率適用；按分流逐疾病審查。,143,620536,未啟用：尚缺適用頻率／assay DR確認,,,STANDARD_AR,HOLD,,PENDING_VALIDATION,MISSING,,
P0143,COL4A4,203780,Alport氏症候群第 2 型,Alport syndrome 2,腎臟泌尿疾病,AR,來源基因層級；疾病層級待核實,一般 AR 待審,未逐疾病審查,GenIE 彙整值待審,485,408,233,180,名称已對接不等於頻率適用；按分流逐疾病審查。,144,203780,未啟用：尚缺適用頻率／assay DR確認,,,STANDARD_AR,HOLD,,PENDING_VALIDATION,MISSING,,
P0144,COL4A5,301050,X 性聯遺傳Alport氏症候群,X-linked Alport syndrome,腎臟泌尿疾病,XL,來源基因層級；疾病層級待核實,XL 待審,未逐疾病審查,補值來源待審,139,,234,181,名称已對接不等於頻率適用；按分流逐疾病審查。,145,301050,未啟用：尚缺適用頻率／assay DR確認,,,STANDARD_XL,HOLD,,PENDING_VALIDATION,MISSING,,
P0145,COL7A1,226600,體染色體隱性營養失養型表皮分解水皰症,"Epidermolysis bullosa dystrophica, autosomal recessive",皮膚與毛髮疾病,AR,來源基因層級；疾病層級待核實,一般 AR 待審,未逐疾病審查,GenIE 彙整值待審,193,236,238,182,名称已對接不等於頻率適用；按分流逐疾病審查。,146,226600,未啟用：尚缺適用頻率／assay DR確認,,,STANDARD_AR,HOLD,,PENDING_VALIDATION,MISSING,,
P0146,COX15,615119,致死性嬰兒期心腦肌病變第 2 型,"Cardioencephalomyopathy, fatal infantile, due to cytochrome c oxidase deficiency 2",先天性代謝疾病,AR,來源基因層級；疾病層級待核實,一般 AR 待審,未逐疾病審查,GenIE 彙整值待審,846,1497,243,183,名称已對接不等於頻率適用；按分流逐疾病審查。,147,615119,未啟用：尚缺適用頻率／assay DR確認,,,STANDARD_AR,HOLD,,PENDING_VALIDATION,MISSING,,
P0147,CPS1,237300,胺基甲醯基磷酸酶I缺乏症,Carbamoyl phosphate synthetase I deficiency disease,先天性代謝疾病,AR,來源基因層級；疾病層級待核實,一般 AR 待審,未逐疾病審查,GenIE 彙整值待審,965,534,248,184,名称已對接不等於頻率適用；按分流逐疾病審查。,148,237300,未啟用：尚缺適用頻率／assay DR確認,,,STANDARD_AR,HOLD,,PENDING_VALIDATION,MISSING,,
P0148,CPT1A,255120,肉鹼結合酶缺乏症第 1 型,Carnitine palmitoyl transferase 1A deficiency,先天性代謝疾病,AR,來源基因層級；疾病層級待核實,一般 AR 待審,未逐疾病審查,GenIE 彙整值待審,737,898,249; 250,185,名称已對接不等於頻率適用；按分流逐疾病審查。,149,255120,未啟用：尚缺適用頻率／assay DR確認,,,STANDARD_AR,HOLD,,PENDING_VALIDATION,MISSING,,
P0149,CPT2,255110,肉鹼結合酶缺乏症第 2 型,Carnitine palmitoyltransferase II deficiency,先天性代謝疾病,AR,來源基因層級；疾病層級待核實,一般 AR 待審,未逐疾病審查,GenIE 彙整值待審,181,351,251; 252,186,名称已對接不等於頻率適用；按分流逐疾病審查。,150,255110,未啟用：尚缺適用頻率／assay DR確認,,,STANDARD_AR,HOLD,,PENDING_VALIDATION,MISSING,,
P0150,CRB1,613835,萊伯氏先天性黑曚症第 8 型,Leber congenital amaurosis 8,眼部與視覺疾病,AR,來源基因層級；疾病層級待核實,多疾病／多機制待審,未逐疾病審查,GenIE 彙整值待審,279,326,255,187,名称已對接不等於頻率適用；按分流逐疾病審查。,151,613835,未啟用：尚缺適用頻率／assay DR確認,,,STANDARD_AR,HOLD,,PENDING_VALIDATION,MISSING,,
P0151,CRB1,600105,視網膜色素變性第 12 型,Retinitis pigmentosa-12,眼部與視覺疾病,AR,來源基因層級；疾病層級待核實,多疾病／多機制待審,未逐疾病審查,GenIE 彙整值待審,279,326,255,187,名称已對接不等於頻率適用；按分流逐疾病審查。,152,600105,未啟用：尚缺適用頻率／assay DR確認,,,STANDARD_AR,HOLD,,PENDING_VALIDATION,MISSING,,
P0152,CRTAP,610682,成骨不全症第 7 型,Osteogenesis imperfecta type 7,骨骼疾病,AR,來源基因層級；疾病層級待核實,一般 AR 待審,未逐疾病審查,GenIE 彙整值待審,1454,1526,257,188,名称已對接不等於頻率適用；按分流逐疾病審查。,153,610682,未啟用：尚缺適用頻率／assay DR確認,,,STANDARD_AR,HOLD,,PENDING_VALIDATION,MISSING,,
P0153,CTNS,219800,胱胺酸血症,Cystinosis,先天性代謝疾病,AR,來源基因層級；疾病層級待核實,一般 AR 待審,未逐疾病審查,GenIE 彙整值待審,656,1180,259; 260; 261,189,名称已對接不等於頻率適用；按分流逐疾病審查。,154,219800,未啟用：尚缺適用頻率／assay DR確認,,,STANDARD_AR,HOLD,,PENDING_VALIDATION,MISSING,,
P0154,CTSA,256540,半乳糖唾液酸貯積症,Galactosialidosis,先天性代謝疾病,AR,來源基因層級；疾病層級待核實,一般 AR 待審,未逐疾病審查,GenIE 彙整值待審,48,4,262,190,名称已對接不等於頻率適用；按分流逐疾病審查。,155,256540,未啟用：尚缺適用頻率／assay DR確認,,,STANDARD_AR,HOLD,,PENDING_VALIDATION,MISSING,,
P0155,CTSC,245000,Papillon-Lefèvre 病,Papillon-Lefèvre disease,皮膚與毛髮疾病,AR,來源基因層級；疾病層級待核實,一般 AR 待審,未逐疾病審查,GenIE 彙整值待審,1195,1603,263,191,名称已對接不等於頻率適用；按分流逐疾病審查。,156,245000,未啟用：尚缺適用頻率／assay DR確認,,,STANDARD_AR,HOLD,,PENDING_VALIDATION,MISSING,,
P0156,CTSD,610127,神經元蠟樣脂褐質沉著疾病 10 型,Neuronal ceroid lipofuscinosis 10,腦部與神經疾病,AR,來源基因層級；疾病層級待核實,一般 AR 待審,未逐疾病審查,GenIE 彙整值待審,6056,22335,264,192,名称已對接不等於頻率適用；按分流逐疾病審查。,157,610127,未啟用：尚缺適用頻率／assay DR確認,,,STANDARD_AR,HOLD,,PENDING_VALIDATION,MISSING,,
P0157,CTSK,265800,緻密性成骨不全症,Pycnodysostosis,骨骼疾病,AR,來源基因層級；疾病層級待核實,一般 AR 待審,未逐疾病審查,GenIE 彙整值待審,1834,1069,266,193,名称已對接不等於頻率適用；按分流逐疾病審查。,158,265800,未啟用：尚缺適用頻率／assay DR確認,,,STANDARD_AR,HOLD,,PENDING_VALIDATION,MISSING,,
P0158,CUL4B,300354,X 性聯遺傳智能障礙 Cabezas 型,"X-linked intellectual disability, cabezas type",腦部與神經疾病,XL,來源基因層級；疾病層級待核實,XL 待審,未逐疾病審查,補值來源待審,50000,,267,194,名称已對接不等於頻率適用；按分流逐疾病審查。,159,300354,未啟用：尚缺適用頻率／assay DR確認,,,STANDARD_XL,HOLD,,PENDING_VALIDATION,MISSING,,
P0159,CYBA,233690,慢性肉芽腫病第 4 型,Chronic granulomatous disease 4,免疫疾病,AR,來源基因層級；疾病層級待核實,一般 AR 待審,未逐疾病審查,GenIE 彙整值待審,2181,951,270,195,名称已對接不等於頻率適用；按分流逐疾病審查。,160,233690,未啟用：尚缺適用頻率／assay DR確認,,,STANDARD_AR,HOLD,,PENDING_VALIDATION,MISSING,,
P0160,CYBB,306400,X 性聯遺傳慢性肉芽腫病,"Chronic granulomatous disease, X-linked",免疫疾病,XL,來源基因層級；疾病層級待核實,XL 待審,未逐疾病審查,補值來源待審,149254,,271,196,名称已對接不等於頻率適用；按分流逐疾病審查。,161,306400,未啟用：尚缺適用頻率／assay DR確認,,,STANDARD_XL,HOLD,,PENDING_VALIDATION,MISSING,,
P0161,CYP11A1,613743,"先天性腎上腺功能不全合併 46, XY 性反轉","Congenital adrenal insufficiency with 46, xy sex reversal",內分泌疾病,AR,來源基因層級；疾病層級待核實,一般 AR 待審,未逐疾病審查,GenIE 彙整值待審,1922,3206,272,197,名称已對接不等於頻率適用；按分流逐疾病審查。,162,613743,未啟用：尚缺適用頻率／assay DR確認,,,STANDARD_AR,HOLD,,PENDING_VALIDATION,MISSING,,
P0162,CYP11B1,202010,先天性腎上腺增生症-11b羥化酶缺失症,Congenital adrenal hyperplasia due to 11-beta-hydroxylase deficiency,內分泌疾病,AR,來源基因層級；疾病層級待核實,一般 AR 待審,未逐疾病審查,GenIE 彙整值待審,500,1495,273; 274,198,名称已對接不等於頻率適用；按分流逐疾病審查。,163,202010,未啟用：尚缺適用頻率／assay DR確認,,,STANDARD_AR,HOLD,,PENDING_VALIDATION,MISSING,,
P0163,CYP11B2,203400,皮質酮甲基氧化酶缺乏症第 1 型,Corticosterone methyloxidase type 1 deficiency,內分泌疾病,AR,來源基因層級；疾病層級待核實,一般 AR 待審,未逐疾病審查,GenIE 彙整值待審,877,2493,275,199,名称已對接不等於頻率適用；按分流逐疾病審查。,164,203400,未啟用：尚缺適用頻率／assay DR確認,,,STANDARD_AR,HOLD,,PENDING_VALIDATION,MISSING,,
P0164,CYP17A1,202110,先天性腎上腺增生症-17a羥化酶缺失症,Congenital adrenal hyperplasia due to 17-alpha-hydroxylase deficiency,內分泌疾病,AR,來源基因層級；疾病層級待核實,一般 AR 待審,未逐疾病審查,GenIE 彙整值待審,872,344,276,200,名称已對接不等於頻率適用；按分流逐疾病審查。,165,202110,未啟用：尚缺適用頻率／assay DR確認,,,STANDARD_AR,HOLD,,PENDING_VALIDATION,MISSING,,
P0165,CYP19A1,613546,芳香環化酶缺乏症,Aromatase deficiency,內分泌疾病,AR,來源基因層級；疾病層級待核實,一般 AR 待審,未逐疾病審查,GenIE 彙整值待審,2547,2799,277,201,名称已對接不等於頻率適用；按分流逐疾病審查。,166,613546,未啟用：尚缺適用頻率／assay DR確認,,,STANDARD_AR,HOLD,,PENDING_VALIDATION,MISSING,,
P0166,CYP1B1,231300,青光眼 3A 型,Glaucoma 3A,眼部與視覺疾病,AR,來源基因層級；疾病層級待核實,一般 AR 待審,未逐疾病審查,GenIE 彙整值待審,242,214,278,202; 203; 204; 205; 206; 207; 208; 209; 210,名称已對接不等於頻率適用；按分流逐疾病審查。,167,231300,未啟用：尚缺適用頻率／assay DR確認,,,STANDARD_AR,HOLD,,PENDING_VALIDATION,MISSING,,
P0167,CYP21A2,201910,先天性腎上腺增生症-21羥化酶缺失症,Classic congenital adrenal hyperplasia due to 21-hydroxylase deficiency,內分泌疾病,AR,來源基因層級；疾病層級待核實,特殊模型待審,未逐疾病審查,GenIE 彙整值待審,37,105,279; 280; 281,211; 212,名称已對接不等於頻率適用；按分流逐疾病審查。,168,201910,未啟用：尚缺適用頻率／assay DR確認,,,SPECIAL_NGS_CHALLENGE,DEAD_PAGE,HOLD_ASSAY,DISPLAY_ONLY,ASSAY_REQUIRED,,CYP21A2 locus-specific、pseudogene-aware sequencing ＋ deletion/duplication／CNV analysis
P0168,CYP27A1,213700,腦腱性黃瘤症,Cerebrotendinous xanthomatosis,先天性代謝疾病,AR,來源基因層級；疾病層級待核實,一般 AR 待審,未逐疾病審查,GenIE 彙整值待審,379,206,282; 283,213,名称已對接不等於頻率適用；按分流逐疾病審查。,169,213700,未啟用：尚缺適用頻率／assay DR確認,,,STANDARD_AR,HOLD,,PENDING_VALIDATION,MISSING,,
P0169,CYP27B1,264700,維生素 D 依賴性佝僂症第 1A 型,"Vitamin D-dependent rickets, type 1A",骨骼疾病,AR,來源基因層級；疾病層級待核實,一般 AR 待審,未逐疾病審查,GenIE 彙整值待審,1039,819,284,214,名称已對接不等於頻率適用；按分流逐疾病審查。,170,264700,未啟用：尚缺適用頻率／assay DR確認,,,STANDARD_AR,HOLD,,PENDING_VALIDATION,MISSING,,
P0170,CYP2R1,600081,維生素 D 依賴性佝僂症第 1B 型,"Vitamin D-dependent rickets, type 1",骨骼疾病,AR,來源基因層級；疾病層級待核實,一般 AR 待審,未逐疾病審查,GenIE 彙整值待審,681,1320,,,名称已對接不等於頻率適用；按分流逐疾病審查。,171,600081,未啟用：尚缺適用頻率／assay DR確認,,,STANDARD_AR,HOLD,,PENDING_VALIDATION,MISSING,,
P0171,CYP7B1,270800,遺傳性痙攣性下肢麻痺第 5A 型,Hereditary spastic paraplegia 5A,腦部與神經疾病,AR,來源基因層級；疾病層級待核實,一般 AR 待審,未逐疾病審查,GenIE 彙整值待審,405,393,286,215,名称已對接不等於頻率適用；按分流逐疾病審查。,172,270800,未啟用：尚缺適用頻率／assay DR確認,,,STANDARD_AR,HOLD,,PENDING_VALIDATION,MISSING,,
P0172,DBT,620699,楓糖尿症第 2 型,Maple syrup urine disease type 2,先天性代謝疾病,AR,來源基因層級；疾病層級待核實,一般 AR 待審,未逐疾病審查,GenIE 彙整值待審,535,1402,287,216,名称已對接不等於頻率適用；按分流逐疾病審查。,173,620699,未啟用：尚缺適用頻率／assay DR確認,,,STANDARD_AR,HOLD,,PENDING_VALIDATION,MISSING,,
P0173,DCAF17,241080,Woodhouse-Sakati 症候群,Woodhouse-Sakati syndrome,多症狀疾病,AR,來源基因層級；疾病層級待核實,一般 AR 待審,未逐疾病審查,GenIE 彙整值待審,2285,4385,288,217,名称已對接不等於頻率適用；按分流逐疾病審查。,174,241080,未啟用：尚缺適用頻率／assay DR確認,,,STANDARD_AR,HOLD,,PENDING_VALIDATION,MISSING,,
P0174,DCLRE1C,602450,嚴重複合型免疫缺乏症-DCLRE1C 缺乏,Severe combined immunodeficiency due to DCLRE1C deficiency,免疫疾病,AR,來源基因層級；疾病層級待核實,一般 AR 待審,未逐疾病審查,GenIE 彙整值待審,2261,2493,289,218; 219; 220; 221; 222; 223; 224,名称已對接不等於頻率適用；按分流逐疾病審查。,175,602450,未啟用：尚缺適用頻率／assay DR確認,,,STANDARD_AR,HOLD,,PENDING_VALIDATION,MISSING,,
P0175,DCX,300067,X 性聯遺傳平腦症,"Lissencephaly, X-linked",腦部與神經疾病,XL,來源基因層級；疾病層級待核實,XL 待審,未逐疾病審查,補值來源待審,42500,,290,225,名称已對接不等於頻率適用；按分流逐疾病審查。,176,300067,未啟用：尚缺適用頻率／assay DR確認,,,STANDARD_XL,HOLD,,PENDING_VALIDATION,MISSING,,
P0176,DDX11,613398,華沙斷裂症候群,Warsaw breakage syndrome,多症狀疾病,AR,來源基因層級；疾病層級待核實,一般 AR 待審,未逐疾病審查,GenIE 彙整值待審,436,70,294; 295,226,名称已對接不等於頻率適用；按分流逐疾病審查。,177,613398,未啟用：尚缺適用頻率／assay DR確認,,,STANDARD_AR,HOLD,,PENDING_VALIDATION,MISSING,,
P0177,DGAT1,615863,先天性腹瀉 7 型合併滲出性腸病變,Congenital diarrhea 7 with exudative enteropathy,消化疾病,AR,來源基因層級；疾病層級待核實,一般 AR 待審,未逐疾病審查,GenIE 彙整值待審,876,1558,297,227,名称已對接不等於頻率適用；按分流逐疾病審查。,178,615863,未啟用：尚缺適用頻率／assay DR確認,,,STANDARD_AR,HOLD,,PENDING_VALIDATION,MISSING,,
P0178,DGUOK,251880,粒線體DNA耗竭症候群第 3 型(肝腦病變型),Mitochondrial DNA depletion syndrome 3 (hepatocerebral type),先天性代謝疾病,AR,來源基因層級；疾病層級待核實,一般 AR 待審,未逐疾病審查,GenIE 彙整值待審,1011,3207,296,228,名称已對接不等於頻率適用；按分流逐疾病審查。,179,251880,未啟用：尚缺適用頻率／assay DR確認,,,STANDARD_AR,HOLD,,PENDING_VALIDATION,MISSING,,
P0179,DHCR7,270400,Smith-Lemli-Opitz 症候群,Smith-Lemli-Opitz syndrome,先天性代謝疾病,AR,來源基因層級；疾病層級待核實,一般 AR 待審,未逐疾病審查,GenIE 彙整值待審,50,204,299; 300; 301,229,名称已對接不等於頻率適用；按分流逐疾病審查。,180,270400,未啟用：尚缺適用頻率／assay DR確認,,,STANDARD_AR,HOLD,,PENDING_VALIDATION,MISSING,,
P0180,DHDDS,613861,視網膜色素變性第 59 型,Retinitis pigmentosa 59,眼部與視覺疾病,AR,來源基因層級；疾病層級待核實,一般 AR 待審,未逐疾病審查,GenIE 彙整值待審,2820,22439,302; 303,230,名称已對接不等於頻率適用；按分流逐疾病審查。,181,613861,未啟用：尚缺適用頻率／assay DR確認,,,STANDARD_AR,HOLD,,PENDING_VALIDATION,MISSING,,
P0181,DKC1,305000,X 性聯遺傳先天性角化不良症,"Dyskeratosis congenita, X-linked",血液疾病,XL,來源基因層級；疾病層級待核實,XL 待審,未逐疾病審查,補值來源待審,50000,,304,231,名称已對接不等於頻率適用；按分流逐疾病審查。,182,305000,未啟用：尚缺適用頻率／assay DR確認,,,STANDARD_XL,HOLD,,PENDING_VALIDATION,MISSING,,
P0182,DLD,246900,二氫硫辛醯胺脫氫酶(E3)缺乏症,Dihydrolipoamide dehydrogenase deficiency,先天性代謝疾病,AR,來源基因層級；疾病層級待核實,一般 AR 待審,未逐疾病審查,GenIE 彙整值待審,1407,1868,306; 307,232,名称已對接不等於頻率適用；按分流逐疾病審查。,183,246900,未啟用：尚缺適用頻率／assay DR確認,,,STANDARD_AR,HOLD,,PENDING_VALIDATION,MISSING,,
P0183,DLG3,300850,X 性聯遺傳智能障礙第 90 型,"Intellectual disability, x-linked 90",腦部與神經疾病,XL,來源基因層級；疾病層級待核實,XL 待審,未逐疾病審查,補值來源待審,50000,,308,233,名称已對接不等於頻率適用；按分流逐疾病審查。,184,300850,未啟用：尚缺適用頻率／assay DR確認,,,STANDARD_XL,HOLD,,PENDING_VALIDATION,MISSING,,
P0184,DLL3,277300,脊椎肋骨發育不全第 1 型,Spondylocostal dysostosis 1,骨骼疾病,AR,來源基因層級；疾病層級待核實,一般 AR 待審,未逐疾病審查,GenIE 彙整值待審,583,1183,309,234,名称已對接不等於頻率適用；按分流逐疾病審查。,185,277300,未啟用：尚缺適用頻率／assay DR確認,,,STANDARD_AR,HOLD,,PENDING_VALIDATION,MISSING,,
P0185,DMD,310200,裘馨氏肌肉失養症,Duchenne muscular dystrophy,肌肉疾病,XL,來源基因層級；疾病層級待核實,多疾病／多機制待審,未逐疾病審查,補值來源待審,2350,,310,235,名称已對接不等於頻率適用；按分流逐疾病審查。,186,310200,未啟用：尚缺適用頻率／assay DR確認,,,SPECIAL_NGS_CHALLENGE,DEAD_PAGE,HOLD_ASSAY,DISPLAY_ONLY,ASSAY_REQUIRED,,DMD deletion/duplication analysis（如 MLPA/CNV）＋ sequence analysis
P0186,DMD,300376,貝克氏肌肉失養症,Becker muscular dystrophy,肌肉疾病,XL,來源基因層級；疾病層級待核實,多疾病／多機制待審,未逐疾病審查,補值來源待審,2350,,310,235,名称已對接不等於頻率適用；按分流逐疾病審查。,187,300376,未啟用：尚缺適用頻率／assay DR確認,,,SPECIAL_NGS_CHALLENGE,DEAD_PAGE,HOLD_ASSAY,DISPLAY_ONLY,ASSAY_REQUIRED,,DMD deletion/duplication analysis（如 MLPA/CNV）＋ sequence analysis
P0187,DNAAF19,614679,原發性纖毛運動障礙 17 型,Primary ciliary dyskinesia 17,呼吸疾病,AR,來源基因層級；疾病層級待核實,一般 AR 待審,第一批初審,Fulgent 1/316 補值候選,,,172,,CCDC103 舊名已核實；PDF p.5 General 1/316 可作補值候選，不是 GenIE 值。,188,614679,未啟用：尚缺適用頻率／assay DR確認,,,STANDARD_AR,HOLD,,PENDING_VALIDATION,MISSING,,
P0188,DNAH11,611884,原發性纖毛運動障礙 7 型,Primary ciliary dyskinesia 3,呼吸疾病,AR,來源基因層級；疾病層級待核實,一般 AR 待審,未逐疾病審查,GenIE 彙整值待審,199,185,313,236,名称已對接不等於頻率適用；按分流逐疾病審查。,189,611884,未啟用：尚缺適用頻率／assay DR確認,,,STANDARD_AR,HOLD,,PENDING_VALIDATION,MISSING,,
P0189,DNAH5,608644,原發性纖毛運動障礙 3 型,,呼吸疾病,AR,來源基因層級；疾病層級待核實,一般 AR 待審,未逐疾病審查,GenIE 彙整值待審,178,175,311; 312,237,名称已對接不等於頻率適用；按分流逐疾病審查。,190,608644,未啟用：尚缺適用頻率／assay DR確認,,,STANDARD_AR,HOLD,,PENDING_VALIDATION,MISSING,,
P0190,DNAI1,244400,原發性纖毛運動障礙 1 型,Primary ciliary dyskinesia 1,呼吸疾病,AR,來源基因層級；疾病層級待核實,一般 AR 待審,未逐疾病審查,GenIE 彙整值待審,297,1727,314,238,名称已對接不等於頻率適用；按分流逐疾病審查。,191,244400,未啟用：尚缺適用頻率／assay DR確認,,,STANDARD_AR,HOLD,,PENDING_VALIDATION,MISSING,,
P0191,DNAI2,612444,原發性纖毛運動障礙 9 型,Primary ciliary dyskinesia 9,呼吸疾病,AR,來源基因層級；疾病層級待核實,一般 AR 待審,未逐疾病審查,GenIE 彙整值待審,903,3738,315,239,名称已對接不等於頻率適用；按分流逐疾病審查。,192,612444,未啟用：尚缺適用頻率／assay DR確認,,,STANDARD_AR,HOLD,,PENDING_VALIDATION,MISSING,,
P0192,DNAL1,614017,原發性纖毛運動障礙 16 型,Primary ciliary dyskinesia 16,呼吸疾病,AR,來源基因層級；疾病層級待核實,一般 AR 待審,未逐疾病審查,GenIE 彙整值待審,6750,,316,240,名称已對接不等於頻率適用；按分流逐疾病審查。,193,614017,未啟用：尚缺適用頻率／assay DR確認,,,STANDARD_AR,HOLD,,PENDING_VALIDATION,MISSING,,
P0193,DNMT3B,242860,免疫缺陷-著絲粒不穩定-臉部異常症候群第 1 型,Immunodeficiency-centromeric instability-facial anomalies syndrome 1,免疫疾病,AR,來源基因層級；疾病層級待核實,一般 AR 待審,未逐疾病審查,GenIE 彙整值待審,2461,3741,317,241,名称已對接不等於頻率適用；按分流逐疾病審查。,194,242860,未啟用：尚缺適用頻率／assay DR確認,,,STANDARD_AR,HOLD,,PENDING_VALIDATION,MISSING,,
P0194,DOK7,254300,先天性肌無力症候群第 10 型,Congenital myasthenic syndrome 10,肌肉疾病,AR,來源基因層級；疾病層級待核實,一般 AR 待審,未逐疾病審查,GenIE 彙整值待審,278,497,319,242,名称已對接不等於頻率適用；按分流逐疾病審查。,195,254300,未啟用：尚缺適用頻率／assay DR確認,,,STANDARD_AR,HOLD,,PENDING_VALIDATION,MISSING,,
P0195,DPYD,274270,二氫嘧啶脫氫酶缺乏症,Dihydropyrimidine dehydrogenase deficiency,先天性代謝疾病,AR,來源基因層級；疾病層級待核實,一般 AR 待審,未逐疾病審查,GenIE 彙整值待審,83,345,321,243,名称已對接不等於頻率適用；按分流逐疾病審查。,196,274270,未啟用：尚缺適用頻率／assay DR確認,,,STANDARD_AR,HOLD,,PENDING_VALIDATION,MISSING,,
P0196,DUOX2,607200,甲狀腺素合成異常 6 型,Thyroid dyshormonogenesis 6,內分泌疾病,AR,來源基因層級；疾病層級待核實,一般 AR 待審,未逐疾病審查,GenIE 彙整值待審,98,31,323,244,名称已對接不等於頻率適用；按分流逐疾病審查。,197,607200,未啟用：尚缺適用頻率／assay DR確認,,,STANDARD_AR,HOLD,,PENDING_VALIDATION,MISSING,,
P0197,DUOXA2,274900,甲狀腺素合成異常 5 型,Thyroid dyshormonogenesis 5,內分泌疾病,AR,來源基因層級；疾病層級待核實,一般 AR 待審,未逐疾病審查,GenIE 彙整值待審,638,160,324,245,名称已對接不等於頻率適用；按分流逐疾病審查。,198,274900,未啟用：尚缺適用頻率／assay DR確認,,,STANDARD_AR,HOLD,,PENDING_VALIDATION,MISSING,,
P0198,DYNC2H1,613091,窒息性胸廓發育不良第 3 型,Asphyxiating thoracic dystrophy 3,骨骼疾病,AR,來源基因層級；疾病層級待核實,一般 AR 待審,未逐疾病審查,GenIE 彙整值待審,164,254,325,246,名称已對接不等於頻率適用；按分流逐疾病審查。,199,613091,未啟用：尚缺適用頻率／assay DR確認,,,STANDARD_AR,HOLD,,PENDING_VALIDATION,MISSING,,
P0199,DYSF,253601,肢帶型肌肉失養症第 2B 型,Limb-girdle muscular dystrophy type 2B,肌肉疾病,AR,來源基因層級；疾病層級待核實,一般 AR 待審,未逐疾病審查,GenIE 彙整值待審,200,177,326; 327; 328,247; 248; 249; 250; 251; 252; 253,名称已對接不等於頻率適用；按分流逐疾病審查。,200,253601,未啟用：尚缺適用頻率／assay DR確認,,,STANDARD_AR,HOLD,,PENDING_VALIDATION,MISSING,,
P0200,EDA,305100,X 性聯遺傳少汗性外胚層發育不良,X-linked hypohidrotic ectodermal dysplasia,皮膚與毛髮疾病,XL,來源基因層級；疾病層級待核實,XL 待審,未逐疾病審查,補值來源待審,14167,,329,254,名称已對接不等於頻率適用；按分流逐疾病審查。,201,305100,未啟用：尚缺適用頻率／assay DR確認,,,STANDARD_XL,HOLD,,PENDING_VALIDATION,MISSING,,
P0201,EDAR,224900,外胚層增生不良症 10B 型,"Ectodermal dysplasia 10B, hypohidrotic/hair/tooth type",皮膚與毛髮疾病,AR,來源基因層級；疾病層級待核實,一般 AR 待審,未逐疾病審查,GenIE 彙整值待審,1255,5612,,,名称已對接不等於頻率適用；按分流逐疾病審查。,202,224900,未啟用：尚缺適用頻率／assay DR確認,,,STANDARD_AR,HOLD,,PENDING_VALIDATION,MISSING,,
P0202,EIF2AK3,226980,Wolcott-Rallison 症候群,Wolcott-Rallison syndrome,內分泌疾病,AR,來源基因層級；疾病層級待核實,一般 AR 待審,未逐疾病審查,GenIE 彙整值待審,1201,1826,331,255,名称已對接不等於頻率適用；按分流逐疾病審查。,203,226980,未啟用：尚缺適用頻率／assay DR確認,,,STANDARD_AR,HOLD,,PENDING_VALIDATION,MISSING,,
P0203,EIF2B1,603896,腦白質消失症,Leukoencephalopathy with vanishing white matter,腦部與神經疾病,AR,來源基因層級；疾病層級待核實,一般 AR 待審,未逐疾病審查,GenIE 彙整值待審,1330,2805,332,256,名称已對接不等於頻率適用；按分流逐疾病審查。,204,603896,未啟用：尚缺適用頻率／assay DR確認,,,STANDARD_AR,HOLD,,PENDING_VALIDATION,MISSING,,
P0204,EIF2B2,620312,腦白質消失症,Leukoencephalopathy with vanishing white matter,腦部與神經疾病,AR,來源基因層級；疾病層級待核實,一般 AR 待審,未逐疾病審查,GenIE 彙整值待審,498,330,333,257,名称已對接不等於頻率適用；按分流逐疾病審查。,205,620312,未啟用：尚缺適用頻率／assay DR確認,,,STANDARD_AR,HOLD,,PENDING_VALIDATION,MISSING,,
P0205,EIF2B3,620313,腦白質消失症,Leukoencephalopathy with vanishing white matter,腦部與神經疾病,AR,來源基因層級；疾病層級待核實,一般 AR 待審,未逐疾病審查,GenIE 彙整值待審,1334,2231,334,258,名称已對接不等於頻率適用；按分流逐疾病審查。,206,620313,未啟用：尚缺適用頻率／assay DR確認,,,STANDARD_AR,HOLD,,PENDING_VALIDATION,MISSING,,
P0206,EIF2B4,620314,腦白質消失症,Leukoencephalopathy with vanishing white matter,腦部與神經疾病,AR,來源基因層級；疾病層級待核實,一般 AR 待審,未逐疾病審查,GenIE 彙整值待審,2086,3161,335,259,名称已對接不等於頻率適用；按分流逐疾病審查。,207,620314,未啟用：尚缺適用頻率／assay DR確認,,,STANDARD_AR,HOLD,,PENDING_VALIDATION,MISSING,,
P0207,EIF2B5,620315,腦白質消失症,Leukoencephalopathy with vanishing white matter,腦部與神經疾病,AR,來源基因層級；疾病層級待核實,一般 AR 待審,未逐疾病審查,GenIE 彙整值待審,436,1401,336,260,名称已對接不等於頻率適用；按分流逐疾病審查。,208,620315,未啟用：尚缺適用頻率／assay DR確認,,,STANDARD_AR,HOLD,,PENDING_VALIDATION,MISSING,,
P0208,ELP1,223900,家族性自主神經功能異常,Familial dysautonomia,肌肉疾病,AR,來源基因層級；疾病層級待核實,一般 AR 待審,未逐疾病審查,GenIE 彙整值待審,588,898,337; 338,261,名称已對接不等於頻率適用；按分流逐疾病審查。,209,223900,未啟用：尚缺適用頻率／assay DR確認,,,STANDARD_AR,HOLD,,PENDING_VALIDATION,MISSING,,
P0209,EMD,310300,Emery-Dreifuss 肌失養症第 1 型,Emery-Dreifuss muscular dystrophy 1,肌肉疾病,XL,來源基因層級；疾病層級待核實,XL 待審,未逐疾病審查,補值來源待審,81967,,339,262,名称已對接不等於頻率適用；按分流逐疾病審查。,210,310300,未啟用：尚缺適用頻率／assay DR確認,,,STANDARD_XL,HOLD,,PENDING_VALIDATION,MISSING,,
P0210,EPG5,242840,Vici 症候群,Vici syndrome,多症狀疾病,AR,來源基因層級；疾病層級待核實,一般 AR 待審,未逐疾病審查,GenIE 彙整值待審,976,1164,341,263,名称已對接不等於頻率適用；按分流逐疾病審查。,211,242840,未啟用：尚缺適用頻率／assay DR確認,,,STANDARD_AR,HOLD,,PENDING_VALIDATION,MISSING,,
P0211,EPM2A,254780,拉福拉進行性肌陣攣癲癇,Myoclonic epilepsy of Lafora 1,腦部與神經疾病,AR,來源基因層級；疾病層級待核實,一般 AR 待審,未逐疾病審查,GenIE 彙整值待審,1426,4261,,,名称已對接不等於頻率適用；按分流逐疾病審查。,212,254780,未啟用：尚缺適用頻率／assay DR確認,,,STANDARD_AR,HOLD,,PENDING_VALIDATION,MISSING,,
P0212,ERBB3,607598,致死先天性攣縮綜合症第 2 型,Lethal congenital contracture syndrome 2,腦部與神經疾病,AR,來源基因層級；疾病層級待核實,一般 AR 待審,未逐疾病審查,GenIE 彙整值待審,1190,2805,342,264,名称已對接不等於頻率適用；按分流逐疾病審查。,213,607598,未啟用：尚缺適用頻率／assay DR確認,,,STANDARD_AR,HOLD,,PENDING_VALIDATION,MISSING,,
P0213,ERCC2,610756,大腦-眼眶-臉部-骨骼異常症候群第 2 型,Cerebrooculofacioskeletal syndrome 2,多症狀疾病,AR,來源基因層級；疾病層級待核實,一般 AR 待審,未逐疾病審查,GenIE 彙整值待審,225,371,343,265,名称已對接不等於頻率適用；按分流逐疾病審查。,214,610756,未啟用：尚缺適用頻率／assay DR確認,,,STANDARD_AR,HOLD,,PENDING_VALIDATION,MISSING,,
P0214,ERCC6,133540,Cockayne 症候群第 2 型,Cockayne syndrome type 2,多症狀疾病,AR,來源基因層級；疾病層級待核實,一般 AR 待審,未逐疾病審查,GenIE 彙整值待審,355,591,347; 348,266,名称已對接不等於頻率適用；按分流逐疾病審查。,215,133540,未啟用：尚缺適用頻率／assay DR確認,,,STANDARD_AR,HOLD,,PENDING_VALIDATION,MISSING,,
P0215,ERCC8,216400,Cockayne 症候群第 1 型,Cockayne syndrome type 1,多症狀疾病,AR,來源基因層級；疾病層級待核實,一般 AR 待審,未逐疾病審查,GenIE 彙整值待審,1221,1598,349,267,名称已對接不等於頻率適用；按分流逐疾病審查。,216,216400,未啟用：尚缺適用頻率／assay DR確認,,,STANDARD_AR,HOLD,,PENDING_VALIDATION,MISSING,,
P0216,ESCO2,268300,Roberts-SC 海豹肢症候群,Roberts-SC phocomelia syndrome,多症狀疾病,AR,來源基因層級；疾病層級待核實,一般 AR 待審,未逐疾病審查,GenIE 彙整值待審,942,1600,350,268,名称已對接不等於頻率適用；按分流逐疾病審查。,217,268300,未啟用：尚缺適用頻率／assay DR確認,,,STANDARD_AR,HOLD,,PENDING_VALIDATION,MISSING,,
P0217,ETFA,231680,戊二酸血症第 IIA 型,Glutaric acidemia IIA,先天性代謝疾病,AR,來源基因層級；疾病層級待核實,一般 AR 待審,未逐疾病審查,GenIE 彙整值待審,1608,2489,351,269,名称已對接不等於頻率適用；按分流逐疾病審查。,218,231680,未啟用：尚缺適用頻率／assay DR確認,,,STANDARD_AR,HOLD,,PENDING_VALIDATION,MISSING,,
P0218,ETFB,231680,戊二酸血症第 IIB 型,Glutaric acidemia IIB,先天性代謝疾病,AR,來源基因層級；疾病層級待核實,一般 AR 待審,未逐疾病審查,GenIE 彙整值待審,5662,7480,352,270,名称已對接不等於頻率適用；按分流逐疾病審查。,219,231680,未啟用：尚缺適用頻率／assay DR確認,,,STANDARD_AR,HOLD,,PENDING_VALIDATION,MISSING,,
P0219,ETFDH,231680,戊二酸血症第 IIC 型,Glutaric acidemia IIC,先天性代謝疾病,AR,來源基因層級；疾病層級待核實,一般 AR 待審,未逐疾病審查,GenIE 彙整值待審,409,146,353; 354,271,名称已對接不等於頻率適用；按分流逐疾病審查。,220,231680,未啟用：尚缺適用頻率／assay DR確認,,,STANDARD_AR,HOLD,,PENDING_VALIDATION,MISSING,,
P0220,ETHE1,602473,乙基丙二酸腦病變,Ethylmalonic encephalopathy,先天性代謝疾病,AR,來源基因層級；疾病層級待核實,一般 AR 待審,未逐疾病審查,GenIE 彙整值待審,2214,1930,355,272; 273; 274; 275; 276,名称已對接不等於頻率適用；按分流逐疾病審查。,221,602473,未啟用：尚缺適用頻率／assay DR確認,,,STANDARD_AR,HOLD,,PENDING_VALIDATION,MISSING,,
P0221,EVC,225500,Ellis-van Creveld 症候群,Ellis-van Creveld syndrome,骨骼疾病,AR,來源基因層級；疾病層級待核實,一般 AR 待審,未逐疾病審查,GenIE 彙整值待審,638,1068,356; 357,277,名称已對接不等於頻率適用；按分流逐疾病審查。,222,225500,未啟用：尚缺適用頻率／assay DR確認,,,STANDARD_AR,HOLD,,PENDING_VALIDATION,MISSING,,
P0222,EVC2,225500,Ellis-van Creveld 症候群,Ellis-van Creveld syndrome,骨骼疾病,AR,來源基因層級；疾病層級待核實,一般 AR 待審,未逐疾病審查,GenIE 彙整值待審,490,493,358; 359,278,名称已對接不等於頻率適用；按分流逐疾病審查。,223,225500,未啟用：尚缺適用頻率／assay DR確認,,,STANDARD_AR,HOLD,,PENDING_VALIDATION,MISSING,,
P0223,EXOSC3,614678,橋腦小腦發育不全第 1B 型,Pontocerebellar hypoplasia type 1B,腦部與神經疾病,AR,來源基因層級；疾病層級待核實,一般 AR 待審,未逐疾病審查,GenIE 彙整值待審,429,975,360,279,名称已對接不等於頻率適用；按分流逐疾病審查。,224,614678,未啟用：尚缺適用頻率／assay DR確認,,,STANDARD_AR,HOLD,,PENDING_VALIDATION,MISSING,,
P0224,EYS,602772,視網膜色素變性第 25 型,Retinitis pigmentosa 25,眼部與視覺疾病,AR,來源基因層級；疾病層級待核實,一般 AR 待審,未逐疾病審查,GenIE 彙整值待審,116,26,361,280,名称已對接不等於頻率適用；按分流逐疾病審查。,225,602772,未啟用：尚缺適用頻率／assay DR確認,,,STANDARD_AR,HOLD,,PENDING_VALIDATION,MISSING,,
P0225,F11,612416,先天性凝血因子 XI 缺乏症,Congenital factor XI deficiency,血液疾病,AR,來源基因層級；疾病層級待核實,一般 AR 待審,未逐疾病審查,GenIE 彙整值待審,199,201,362; 363,281,名称已對接不等於頻率適用；按分流逐疾病審查。,226,612416,未啟用：尚缺適用頻率／assay DR確認,,,STANDARD_AR,HOLD,,PENDING_VALIDATION,MISSING,,
P0226,F2,613679,先天性凝血酶原缺乏症,Congenital prothrombin deficiency,血液疾病,AR,來源基因層級；疾病層級待核實,一般 AR 待審,未逐疾病審查,GenIE 彙整值待審,43,3705,364; 365,282,名称已對接不等於頻率適用；按分流逐疾病審查。,227,613679,未啟用：尚缺適用頻率／assay DR確認,,,STANDARD_AR,HOLD,,PENDING_VALIDATION,MISSING,,
P0227,F5,227400,先天性凝血因子 V 缺乏症,Congenital factor V deficiency,血液疾病,AR,來源基因層級；疾病層級待核實,一般 AR 待審,未逐疾病審查,GenIE 彙整值待審,875,424,,283,名称已對接不等於頻率適用；按分流逐疾病審查。,228,227400,未啟用：尚缺適用頻率／assay DR確認,,,STANDARD_AR,HOLD,,PENDING_VALIDATION,MISSING,,
P0228,F8,306700,血友病 A 型,Hemophilia A,血液疾病,XL,來源基因層級；疾病層級待核實,XL 待審,未逐疾病審查,補值來源待審,3250,,367,284; 285; 286; 287; 288,名称已對接不等於頻率適用；按分流逐疾病審查。,229,306700,未啟用：尚缺適用頻率／assay DR確認,,,SPECIAL_NGS_CHALLENGE,DEAD_PAGE,HOLD_ASSAY,DISPLAY_ONLY,ASSAY_REQUIRED,,F8 intron 22／intron 1 inversion analysis ＋ sequence／CNV analysis
P0229,F9,306900,血友病 B 型,Hemophilia B,血液疾病,XL,來源基因層級；疾病層級待核實,XL 待審,未逐疾病審查,補值來源待審,15000,,368,289; 290,名称已對接不等於頻率適用；按分流逐疾病審查。,230,306900,未啟用：尚缺適用頻率／assay DR確認,,,STANDARD_XL,HOLD,,PENDING_VALIDATION,MISSING,,
P0230,FAH,276700,高酪胺酸血症第 I 型,Tyrosinemia type I,先天性代謝疾病,AR,來源基因層級；疾病層級待核實,一般 AR 待審,未逐疾病審查,GenIE 彙整值待審,392,2244,370; 371; 372; 373; 374,291,名称已對接不等於頻率適用；按分流逐疾病審查。,231,276700,未啟用：尚缺適用頻率／assay DR確認,,,STANDARD_AR,HOLD,,PENDING_VALIDATION,MISSING,,
P0231,FAM161A,606068,視網膜色素變性第 28 型,Retinitis pigmentosa 28,眼部與視覺疾病,AR,來源基因層級；疾病層級待核實,一般 AR 待審,未逐疾病審查,GenIE 彙整值待審,480,2040,376,292,名称已對接不等於頻率適用；按分流逐疾病審查。,232,606068,未啟用：尚缺適用頻率／assay DR確認,,,STANDARD_AR,HOLD,,PENDING_VALIDATION,MISSING,,
P0232,FANCA,227650,Fanconi氏貧血A型,Fanconi anemia complementation group A,血液疾病,AR,來源基因層級；疾病層級待核實,一般 AR 待審,未逐疾病審查,GenIE 彙整值待審,267,308,377; 378; 379,293,名称已對接不等於頻率適用；按分流逐疾病審查。,233,227650,未啟用：尚缺適用頻率／assay DR確認,,,STANDARD_AR,HOLD,,PENDING_VALIDATION,MISSING,,
P0233,FANCB,300514,Fanconi氏貧血B型,"Fanconi anemia, complementation group B",血液疾病,XL,來源基因層級；疾病層級待核實,XL 待審,未逐疾病審查,補值來源待審,50000,,380,294,名称已對接不等於頻率適用；按分流逐疾病審查。,234,300514,未啟用：尚缺適用頻率／assay DR確認,,,STANDARD_XL,HOLD,,PENDING_VALIDATION,MISSING,,
P0234,FANCC,227645,Fanconi氏貧血C型,Fanconi anemia complementation group C,血液疾病,AR,來源基因層級；疾病層級待核實,一般 AR 待審,未逐疾病審查,GenIE 彙整值待審,488,1601,381; 382,295,名称已對接不等於頻率適用；按分流逐疾病審查。,235,227645,未啟用：尚缺適用頻率／assay DR確認,,,STANDARD_AR,HOLD,,PENDING_VALIDATION,MISSING,,
P0235,FANCD2,227646,Fanconi氏貧血D2型,Fanconi anemia complementation group D2,血液疾病,AR,來源基因層級；疾病層級待核實,一般 AR 待審,未逐疾病審查,GenIE 彙整值待審,464,774,383,296,名称已對接不等於頻率適用；按分流逐疾病審查。,236,227646,未啟用：尚缺適用頻率／assay DR確認,,,STANDARD_AR,HOLD,,PENDING_VALIDATION,MISSING,,
P0236,FANCE,600901,Fanconi氏貧血E型,Fanconi anemia complementation group E,血液疾病,AR,來源基因層級；疾病層級待核實,一般 AR 待審,未逐疾病審查,GenIE 彙整值待審,1799,4682,384,297,名称已對接不等於頻率適用；按分流逐疾病審查。,237,600901,未啟用：尚缺適用頻率／assay DR確認,,,STANDARD_AR,HOLD,,PENDING_VALIDATION,MISSING,,
P0237,FANCG,614082,Fanconi氏貧血G型,Fanconi anemia complementation group G,血液疾病,AR,來源基因層級；疾病層級待核實,一般 AR 待審,未逐疾病審查,GenIE 彙整值待審,782,423,386,298,名称已對接不等於頻率適用；按分流逐疾病審查。,238,614082,未啟用：尚缺適用頻率／assay DR確認,,,STANDARD_AR,HOLD,,PENDING_VALIDATION,MISSING,,
P0238,FANCI,609053,Fanconi氏貧血I型,Fanconi anemia complementation group I,血液疾病,AR,來源基因層級；疾病層級待核實,一般 AR 待審,未逐疾病審查,GenIE 彙整值待審,488,465,387,299,名称已對接不等於頻率適用；按分流逐疾病審查。,239,609053,未啟用：尚缺適用頻率／assay DR確認,,,STANDARD_AR,HOLD,,PENDING_VALIDATION,MISSING,,
P0239,FANCL,614083,Fanconi氏貧血L型,Fanconi anemia complementation group L,血液疾病,AR,來源基因層級；疾病層級待核實,一般 AR 待審,未逐疾病審查,GenIE 彙整值待審,125,1244,388,300,名称已對接不等於頻率適用；按分流逐疾病審查。,240,614083,未啟用：尚缺適用頻率／assay DR確認,,,STANDARD_AR,HOLD,,PENDING_VALIDATION,MISSING,,
P0240,FBP1,229700,"果糖-1,6-二磷酸酶缺乏症","Fructose-1,6-bisphosphatase deficiency",先天性代謝疾病,AR,來源基因層級；疾病層級待核實,一般 AR 待審,未逐疾病審查,GenIE 彙整值待審,1334,863,389,301,名称已對接不等於頻率適用；按分流逐疾病審查。,241,229700,未啟用：尚缺適用頻率／assay DR確認,,,STANDARD_AR,HOLD,,PENDING_VALIDATION,MISSING,,
P0241,FBXO7,260300,帕金森氏症-錐體束症候群,Parkinsonian-Pyramidal syndrome,腦部與神經疾病,AR,來源基因層級；疾病層級待核實,一般 AR 待審,未逐疾病審查,GenIE 彙整值待審,1331,1418,391,302,名称已對接不等於頻率適用；按分流逐疾病審查。,242,260300,未啟用：尚缺適用頻率／assay DR確認,,,STANDARD_AR,HOLD,,PENDING_VALIDATION,MISSING,,
P0242,FGD1,305400,X 性聯遺傳Aarskog Scott症候群,"Aarskog-Scott syndrome, X-linked",多症狀疾病,XL,來源基因層級；疾病層級待核實,XL 待審,未逐疾病審查,補值來源待審,50000,,392,303,名称已對接不等於頻率適用；按分流逐疾病審查。,243,305400,未啟用：尚缺適用頻率／assay DR確認,,,STANDARD_XL,HOLD,,PENDING_VALIDATION,MISSING,,
P0243,FH,606812,延胡索酸缺乏症,Fumarase deficiency,先天性代謝疾病,AR,來源基因層級；疾病層級待核實,一般 AR 待審,未逐疾病審查,GenIE 彙整值待審,1613,5462,393; 394,304,名称已對接不等於頻率適用；按分流逐疾病審查。,244,606812,未啟用：尚缺適用頻率／assay DR確認,,,STANDARD_AR,HOLD,,PENDING_VALIDATION,MISSING,,
P0244,FHL1,300696,Emery-Dreifuss 肌失養症第 6 型,Emery-dreifuss muscular dystrophy 6,肌肉疾病,XL,來源基因層級；疾病層級待核實,XL 待審,未逐疾病審查,補值來源待審,50000,,395,305,名称已對接不等於頻率適用；按分流逐疾病審查。,245,300696,未啟用：尚缺適用頻率／assay DR確認,,,STANDARD_XL,HOLD,,PENDING_VALIDATION,MISSING,,
P0245,FKBP10,610968,成骨不全症第 11 型,Osteogenesis imperfecta type 11,骨骼疾病,AR,來源基因層級；疾病層級待核實,一般 AR 待審,未逐疾病審查,GenIE 彙整值待審,1521,935,396,306,名称已對接不等於頻率適用；按分流逐疾病審查。,246,610968,未啟用：尚缺適用頻率／assay DR確認,,,STANDARD_AR,HOLD,,PENDING_VALIDATION,MISSING,,
P0246,FKRP,606612,肌失養症-肌醇糖蛋白病變 B5 型,Muscular dystrophy-dystroglycanopathy type B5,肌肉疾病,AR,來源基因層級；疾病層級待核實,一般 AR 待審,未逐疾病審查,GenIE 彙整值待審,216,418,397,307,名称已對接不等於頻率適用；按分流逐疾病審查。,247,606612,未啟用：尚缺適用頻率／assay DR確認,,,STANDARD_AR,HOLD,,PENDING_VALIDATION,MISSING,,
P0247,FKTN,611588,肢帶型肌肉失養症第 2M 型,Limb-girdle muscular dystrophy type 2M,肌肉疾病,AR,來源基因層級；疾病層級待核實,一般 AR 待審,未逐疾病審查,GenIE 彙整值待審,822,1013,398; 399; 400,308,名称已對接不等於頻率適用；按分流逐疾病審查。,248,611588,未啟用：尚缺適用頻率／assay DR確認,,,STANDARD_AR,HOLD,,PENDING_VALIDATION,MISSING,,
P0248,FMO3,602079,三甲基胺尿症 (臭魚症),Trimethylaminuria,先天性代謝疾病,AR,來源基因層級；疾病層級待核實,一般 AR 待審,未逐疾病審查,GenIE 彙整值待審,114,119,401,309,名称已對接不等於頻率適用；按分流逐疾病審查。,249,602079,未啟用：尚缺適用頻率／assay DR確認,,,STANDARD_AR,HOLD,,PENDING_VALIDATION,MISSING,,
P0249,FMR1,300624,脆性 X 染色體症候群,Fragile X syndrome,腦部與神經疾病,XL,來源基因層級；疾病層級待核實,特殊模型待審,第一批初審,缺值,,,402; 403; 404; 405; 406,310; 311; 312,PDF p.12 Ashkenazi premutation 轉錄錯位已核實；full／pre／intermediate 必須分別記錄。,250,300624,未啟用：尚缺適用頻率／assay DR確認,,,SPECIAL_NGS_CHALLENGE,DEAD_PAGE,FIXED_NO_CALC,DISPLAY_ONLY,NOT_APPLICABLE,,FMR1 CGG repeat expansion analysis（PCR／TP-PCR；必要時加做 methylation 或 Southern）
P0250,FOXN1,601705,T 細胞免疫缺乏症、先天性禿髮和指甲失養症,"T-cell immunodeficiency, congenital alopecia, and nail dystrophy",免疫疾病,AR,來源基因層級；疾病層級待核實,一般 AR 待審,未逐疾病審查,GenIE 彙整值待審,8941,22411,408,313; 314,名称已對接不等於頻率適用；按分流逐疾病審查。,251,601705,未啟用：尚缺適用頻率／assay DR確認,,,STANDARD_AR,HOLD,,PENDING_VALIDATION,MISSING,,
P0251,FOXRED1,618241,粒線體複合體 1 缺乏症，核型 19,"Mitochondrial complex I deficiency, nuclear type 19",先天性代謝疾病,AR,來源基因層級；疾病層級待核實,一般 AR 待審,未逐疾病審查,GenIE 彙整值待審,835,801,410,315,名称已對接不等於頻率適用；按分流逐疾病審查。,252,618241,未啟用：尚缺適用頻率／assay DR確認,,,STANDARD_AR,HOLD,,PENDING_VALIDATION,MISSING,,
P0252,FRAS1,219000,Fraser 症候群第 1 型,Fraser syndrome 1,多症狀疾病,AR,來源基因層級；疾病層級待核實,一般 AR 待審,未逐疾病審查,GenIE 彙整值待審,406,367,411,316,名称已對接不等於頻率適用；按分流逐疾病審查。,253,219000,未啟用：尚缺適用頻率／assay DR確認,,,STANDARD_AR,HOLD,,PENDING_VALIDATION,MISSING,,
P0253,FREM2,617666,Fraser 症候群第 2 型,Fraser syndrome 2,多症狀疾病,AR,來源基因層級；疾病層級待核實,一般 AR 待審,未逐疾病審查,GenIE 彙整值待審,891,2805,412,317,名称已對接不等於頻率適用；按分流逐疾病審查。,254,617666,未啟用：尚缺適用頻率／assay DR確認,,,STANDARD_AR,HOLD,,PENDING_VALIDATION,MISSING,,
P0254,FTCD,229100,谷氨酸甲酰亞胺基轉移酶缺乏症,Glutamate formiminotransferase deficiency,先天性代謝疾病,AR,來源基因層級；疾病層級待核實,一般 AR 待審,未逐疾病審查,GenIE 彙整值待審,88,387,413,318,名称已對接不等於頻率適用；按分流逐疾病審查。,255,229100,未啟用：尚缺適用頻率／assay DR確認,,,STANDARD_AR,HOLD,,PENDING_VALIDATION,MISSING,,
P0255,FTSJ1,309549,X 性聯遺傳智能障礙第 9 型,"Intellectual disability, x-linked 9",腦部與神經疾病,XL,來源基因層級；疾病層級待核實,XL 待審,未逐疾病審查,補值來源待審,50000,,414,319,名称已對接不等於頻率適用；按分流逐疾病審查。,256,309549,未啟用：尚缺適用頻率／assay DR確認,,,STANDARD_XL,HOLD,,PENDING_VALIDATION,MISSING,,
P0256,FUCA1,230000,岩藻糖貯積症,Fucosidosis,先天性代謝疾病,AR,來源基因層級；疾病層級待核實,一般 AR 待審,未逐疾病審查,GenIE 彙整值待審,2559,1701,415,320,名称已對接不等於頻率適用；按分流逐疾病審查。,257,230000,未啟用：尚缺適用頻率／assay DR確認,,,STANDARD_AR,HOLD,,PENDING_VALIDATION,MISSING,,
P0257,FXN,229300,弗雷德賴希氏共濟失調,Friedreich ataxia,腦部與神經疾病,AR,來源基因層級；疾病層級待核實,特殊模型待審,未逐疾病審查,GenIE 彙整值待審,4823,2671,416; 417,321,名称已對接不等於頻率適用；按分流逐疾病審查。,258,229300,未啟用：尚缺適用頻率／assay DR確認,,,SPECIAL_NGS_CHALLENGE,DEAD_PAGE,FIXED_NO_CALC,DISPLAY_ONLY,NOT_APPLICABLE,,FXN GAA repeat expansion analysis（repeat-primed PCR／fragment sizing）
P0258,G6PC1,232200,肝醣貯積病第 Ia 型,Glycogen storage disease Ia,先天性代謝疾病,AR,來源基因層級；疾病層級待核實,一般 AR 待審,未逐疾病審查,GenIE 彙整值待審,337,223,418; 419,,名称已對接不等於頻率適用；按分流逐疾病審查。,259,232200,未啟用：尚缺適用頻率／assay DR確認,,,STANDARD_AR,HOLD,,PENDING_VALIDATION,MISSING,,
P0259,G6PC3,612541,德爾森症候群,Dursun syndrome,血液疾病,AR,來源基因層級；疾病層級待核實,一般 AR 待審,未逐疾病審查,GenIE 彙整值待審,1560,2468,420,322,名称已對接不等於頻率適用；按分流逐疾病審查。,260,612541,未啟用：尚缺適用頻率／assay DR確認,,,STANDARD_AR,HOLD,,PENDING_VALIDATION,MISSING,,
P0260,G6PD,300908,葡萄糖-6-磷酸去氫酶缺乏症,G6PD deficiency,血液疾病,XL,來源基因層級；疾病層級待核實,特殊模型待審,未逐疾病審查,補值來源待審,7,,421,323,名称已對接不等於頻率適用；按分流逐疾病審查。,261,300908,未啟用：尚缺適用頻率／assay DR確認,,,STANDARD_XL,HOLD,,PENDING_VALIDATION,MISSING,,
P0261,GAA,232300,肝醣貯積病第 II 型,Glycogen storage disease II,先天性代謝疾病,AR,來源基因層級；疾病層級待核實,一般 AR 待審,未逐疾病審查,GenIE 彙整值待審,60,152,422; 423; 424; 425,324; 325; 326; 327; 328; 329; 330; 331; 332,名称已對接不等於頻率適用；按分流逐疾病審查。,262,232300,未啟用：尚缺適用頻率／assay DR確認,,,STANDARD_AR,HOLD,,PENDING_VALIDATION,MISSING,,
P0262,GALC,245200,Krabbe 氏症,Krabbe disease,腦部與神經疾病,AR,來源基因層級；疾病層級待核實,一般 AR 待審,未逐疾病審查,GenIE 彙整值待審,365,53,426; 427,333,名称已對接不等於頻率適用；按分流逐疾病審查。,263,245200,未啟用：尚缺適用頻率／assay DR確認,,,STANDARD_AR,HOLD,,PENDING_VALIDATION,MISSING,,
P0263,GALE,230350,半乳糖異構酶缺乏症,Galactose epimerase deficiency,先天性代謝疾病,AR,來源基因層級；疾病層級待核實,一般 AR 待審,未逐疾病審查,GenIE 彙整值待審,1742,340,428,334,名称已對接不等於頻率適用；按分流逐疾病審查。,264,230350,未啟用：尚缺適用頻率／assay DR確認,,,STANDARD_AR,HOLD,,PENDING_VALIDATION,MISSING,,
P0264,GALK1,230200,半乳糖激酶缺乏症,Galactokinase deficiency,先天性代謝疾病,AR,來源基因層級；疾病層級待核實,一般 AR 待審,未逐疾病審查,GenIE 彙整值待審,1184,1223,429; 430,335,名称已對接不等於頻率適用；按分流逐疾病審查。,265,230200,未啟用：尚缺適用頻率／assay DR確認,,,STANDARD_AR,HOLD,,PENDING_VALIDATION,MISSING,,
P0265,GALNS,253000,黏多醣症第 4A 型,Mucopolysaccharidosis type 4A,先天性代謝疾病,AR,來源基因層級；疾病層級待核實,一般 AR 待審,未逐疾病審查,GenIE 彙整值待審,429,646,431,336,名称已對接不等於頻率適用；按分流逐疾病審查。,266,253000,未啟用：尚缺適用頻率／assay DR確認,,,STANDARD_AR,HOLD,,PENDING_VALIDATION,MISSING,,
P0266,GALNT3,211900,家族性高磷酸鹽血症性腫瘤鈣質沉著症第 1 型,"Tumoral calcinosis, hyperphosphatemic, familial, 1",先天性代謝疾病,AR,來源基因層級；疾病層級待核實,一般 AR 待審,未逐疾病審查,GenIE 彙整值待審,1021,1246,432,337,名称已對接不等於頻率適用；按分流逐疾病審查。,267,211900,未啟用：尚缺適用頻率／assay DR確認,,,STANDARD_AR,HOLD,,PENDING_VALIDATION,MISSING,,
P0267,GALT,230400,半乳糖血症,Galactosemia,先天性代謝疾病,AR,來源基因層級；疾病層級待核實,一般 AR 待審,未逐疾病審查,GenIE 彙整值待審,425,522,433; 434; 435,338,名称已對接不等於頻率適用；按分流逐疾病審查。,268,230400,未啟用：尚缺適用頻率／assay DR確認,,,STANDARD_AR,HOLD,,PENDING_VALIDATION,MISSING,,
P0268,GAMT,612736,胍基乙酸鹽甲基轉移酶缺乏症,Guanidinoacetate methyltransferase deficiency,腦部與神經疾病,AR,來源基因層級；疾病層級待核實,一般 AR 待審,未逐疾病審查,GenIE 彙整值待審,438,1314,436,339; 340; 341; 342; 343; 344; 345,名称已對接不等於頻率適用；按分流逐疾病審查。,269,612736,未啟用：尚缺適用頻率／assay DR確認,,,STANDARD_AR,HOLD,,PENDING_VALIDATION,MISSING,,
P0269,GATM,612718,左旋精胺酸甘胺酸胺基轉移酶缺乏症,AGAT deficiency,腦部與神經疾病,AR,來源基因層級；疾病層級待核實,一般 AR 待審,未逐疾病審查,GenIE 彙整值待審,10527,2806,437,346; 347,名称已對接不等於頻率適用；按分流逐疾病審查。,270,612718,未啟用：尚缺適用頻率／assay DR確認,,,STANDARD_AR,HOLD,,PENDING_VALIDATION,MISSING,,
P0270,GBA1,230800,高雪氏症,Gaucher disease,先天性代謝疾病,AR,來源基因層級；疾病層級待核實,一般 AR 待審,未逐疾病審查,GenIE 彙整值待審,166,459,438; 439; 440,,名称已對接不等於頻率適用；按分流逐疾病審查。,271,230800,未啟用：尚缺適用頻率／assay DR確認,,,SPECIAL_NGS_CHALLENGE,DEAD_PAGE,HOLD_ASSAY,DISPLAY_ONLY,ASSAY_REQUIRED,,GBA1-specific／long-range PCR 或 pseudogene-aware sequencing ＋ CNV／recombinant allele assessment
P0271,GBE1,232500,肝醣貯積病第 IV 型,Glycogen storage disease IV,先天性代謝疾病,AR,來源基因層級；疾病層級待核實,一般 AR 待審,未逐疾病審查,GenIE 彙整值待審,282,1838,441,348,名称已對接不等於頻率適用；按分流逐疾病審查。,272,232500,未啟用：尚缺適用頻率／assay DR確認,,,STANDARD_AR,HOLD,,PENDING_VALIDATION,MISSING,,
P0272,GCDH,231670,戊二酸尿症第 I 型,"Glutaricaciduria, type I",先天性代謝疾病,AR,來源基因層級；疾病層級待核實,一般 AR 待審,未逐疾病審查,GenIE 彙整值待審,217,317,442; 443,349,名称已對接不等於頻率適用；按分流逐疾病審查。,273,231670,未啟用：尚缺適用頻率／assay DR確認,,,STANDARD_AR,HOLD,,PENDING_VALIDATION,MISSING,,
P0273,GCH1,233910,BH4 缺乏型高苯丙胺酸血症 B 型,BH4-deficient hyperphenylalaninemia B,先天性代謝疾病,AR,來源基因層級；疾病層級待核實,多疾病／多機制待審,第一批初審,GenIE 彙整值待審,27174,,444,350,目標 AR；GenIE 變異範圍待查。PDF p.13 DR 本身錯誤，不自行推算。,274,233910,未啟用：尚缺適用頻率／assay DR確認,,,STANDARD_AR,HOLD,,PENDING_VALIDATION,MISSING,,
P0274,GDAP1,214400,Charcot-Marie-Tooth 氏症第 4A 型,Charcot-Marie-Tooth disease type 4A,腦部與神經疾病,AR,來源基因層級；疾病層級待核實,一般 AR 待審,未逐疾病審查,GenIE 彙整值待審,1407,1402,445,351,名称已對接不等於頻率適用；按分流逐疾病審查。,275,214400,未啟用：尚缺適用頻率／assay DR確認,,,STANDARD_AR,HOLD,,PENDING_VALIDATION,MISSING,,
P0275,GDF5,200700,肢端中段骨發育不良第 2A 型,Acromesomelic dysplasia 2A,骨骼疾病,AR,來源基因層級；疾病層級待核實,一般 AR 待審,未逐疾病審查,GenIE 彙整值待審,7969,7475,446,352,名称已對接不等於頻率適用；按分流逐疾病審查。,276,200700,未啟用：尚缺適用頻率／assay DR確認,,,STANDARD_AR,HOLD,,PENDING_VALIDATION,MISSING,,
P0276,GFM1,609060,氧化磷酸化缺失症第 1 型,Combined oxidative phosphorylation deficiency 1,先天性代謝疾病,AR,來源基因層級；疾病層級待核實,一般 AR 待審,未逐疾病審查,GenIE 彙整值待審,607,1309,447,353,名称已對接不等於頻率適用；按分流逐疾病審查。,277,609060,未啟用：尚缺適用頻率／assay DR確認,,,STANDARD_AR,HOLD,,PENDING_VALIDATION,MISSING,,
P0277,GH1,262400,生長激素缺乏症,"Growth hormone deficiency, isolated, type IA",內分泌疾病,AR,來源基因層級；疾病層級待核實,一般 AR 待審,未逐疾病審查,GenIE 彙整值待審,12046,7477,,354,名称已對接不等於頻率適用；按分流逐疾病審查。,278,262400,未啟用：尚缺適用頻率／assay DR確認,,,STANDARD_AR,HOLD,,PENDING_VALIDATION,MISSING,,
P0278,GHR,262500,Laron 症候群,Laron syndrome,內分泌疾病,AR,來源基因層級；疾病層級待核實,一般 AR 待審,未逐疾病審查,GenIE 彙整值待審,2243,4486,449,355,名称已對接不等於頻率適用；按分流逐疾病審查。,279,262500,未啟用：尚缺適用頻率／assay DR確認,,,STANDARD_AR,HOLD,,PENDING_VALIDATION,MISSING,,
P0279,GJA1,257850,眼牙指發育不良症,"Oculodentodigital dysplasia, autosomal recessive",多症狀疾病,AR,來源基因層級；疾病層級待核實,一般 AR 待審,未逐疾病審查,GenIE 彙整值待審,19210,22429,,,名称已對接不等於頻率適用；按分流逐疾病審查。,280,257850,未啟用：尚缺適用頻率／assay DR確認,,,STANDARD_AR,HOLD,,PENDING_VALIDATION,MISSING,,
P0280,GJB1,302800,Charcot-Marie-Tooth 氏症 X 性聯遺傳第 1 型,Charcot-Marie-Tooth disease X-linked dominant 1,腦部與神經疾病,XL,來源基因層級；疾病層級待核實,XL 待審,未逐疾病審查,補值來源待審,667,,451,356,名称已對接不等於頻率適用；按分流逐疾病審查。,281,302800,未啟用：尚缺適用頻率／assay DR確認,,,STANDARD_XL,HOLD,,PENDING_VALIDATION,MISSING,,
P0281,GJB2,220290,體染色體隱性非症候群性聽力損失 1A,Autosomal recessive nonsyndromic hearing loss 1A,耳部與聽覺疾病,AR,來源基因層級；疾病層級待核實,一般 AR 待審,未逐疾病審查,GenIE 彙整值待審,19,9,452; 453; 454; 455; 456; 457; 458,357; 358; 359,名称已對接不等於頻率適用；按分流逐疾病審查。,282,220290,未啟用：尚缺適用頻率／assay DR確認,,,STANDARD_AR,HOLD,,PENDING_VALIDATION,MISSING,,
P0282,GJB6,612645,體染色體隱性聽力損失,"Hearing loss, autosomal recessive",耳部與聽覺疾病,AR,來源基因層級；疾病層級待核實,多疾病／多機制待審,未逐疾病審查,GenIE 彙整值待審,396,22448,459,360,名称已對接不等於頻率適用；按分流逐疾病審查。,283,612645,未啟用：尚缺適用頻率／assay DR確認,,,STANDARD_AR,HOLD,,PENDING_VALIDATION,MISSING,,
P0283,GLA,301500,法布瑞氏症,Fabry disease,先天性代謝疾病,XL,來源基因層級；疾病層級待核實,XL 待審,未逐疾病審查,補值來源待審,25000,,460,361,名称已對接不等於頻率適用；按分流逐疾病審查。,284,301500,未啟用：尚缺適用頻率／assay DR確認,,,STANDARD_XL,HOLD,,PENDING_VALIDATION,MISSING,,
P0284,GLB1,253010,黏多醣症第 4B 型,Mucopolysaccharidosis type 4B,先天性代謝疾病,AR,來源基因層級；疾病層級待核實,一般 AR 待審,未逐疾病審查,GenIE 彙整值待審,344,394,461; 462; 463,362,名称已對接不等於頻率適用；按分流逐疾病審查。,285,253010,未啟用：尚缺適用頻率／assay DR確認,,,STANDARD_AR,HOLD,,PENDING_VALIDATION,MISSING,,
P0285,GLDC,605899,甘胺酸腦病變第 1 型,Glycine encephalopathy 1,先天性代謝疾病,AR,來源基因層級；疾病層級待核實,一般 AR 待審,未逐疾病審查,GenIE 彙整值待審,360,483,464; 465; 466,363,名称已對接不等於頻率適用；按分流逐疾病審查。,286,605899,未啟用：尚缺適用頻率／assay DR確認,,,STANDARD_AR,HOLD,,PENDING_VALIDATION,MISSING,,
P0286,GLE1,253310,致死先天性攣縮綜合症第 1 型,Lethal congenital contracture syndrome 1,腦部與神經疾病,AR,來源基因層級；疾病層級待核實,一般 AR 待審,未逐疾病審查,GenIE 彙整值待審,501,1172,467; 468,364,名称已對接不等於頻率適用；按分流逐疾病審查。,287,253310,未啟用：尚缺適用頻率／assay DR確認,,,STANDARD_AR,HOLD,,PENDING_VALIDATION,MISSING,,
P0287,GLIS2,611498,腎消耗病第7型,Nephronophthisis 7,腎臟泌尿疾病,AR,來源基因層級；疾病層級待核實,一般 AR 待審,未逐疾病審查,GenIE 彙整值待審,5539,20425,,,名称已對接不等於頻率適用；按分流逐疾病審查。,288,611498,未啟用：尚缺適用頻率／assay DR確認,,,STANDARD_AR,HOLD,,PENDING_VALIDATION,MISSING,,
P0288,GNE,605820,GNE 肌病變,GNE myopathy,肌肉疾病,AR,來源基因層級；疾病層級待核實,一般 AR 待審,未逐疾病審查,GenIE 彙整值待審,427,171,469; 470,365,名称已對接不等於頻率適用；按分流逐疾病審查。,289,605820,未啟用：尚缺適用頻率／assay DR確認,,,STANDARD_AR,HOLD,,PENDING_VALIDATION,MISSING,,
P0289,GNPAT,222765,肢近端型點狀軟骨發育不良第 2 型,Rhizomelic chondrodysplasia punctata type 2,先天性代謝疾病,AR,來源基因層級；疾病層級待核實,一般 AR 待審,未逐疾病審查,GenIE 彙整值待審,4380,11206,471,366,名称已對接不等於頻率適用；按分流逐疾病審查。,290,222765,未啟用：尚缺適用頻率／assay DR確認,,,STANDARD_AR,HOLD,,PENDING_VALIDATION,MISSING,,
P0290,GNPTAB,252500,黏脂質症第2型α/β,Mucolipidosis II alpha/beta,先天性代謝疾病,AR,來源基因層級；疾病層級待核實,多疾病／多機制待審,未逐疾病審查,GenIE 彙整值待審,354,316,472,367,名称已對接不等於頻率適用；按分流逐疾病審查。,291,252500,未啟用：尚缺適用頻率／assay DR確認,,,STANDARD_AR,HOLD,,PENDING_VALIDATION,MISSING,,
P0291,GNPTAB,252600,黏脂質症第3型α/β,Mucolipidosis III alpha/beta,先天性代謝疾病,AR,來源基因層級；疾病層級待核實,多疾病／多機制待審,未逐疾病審查,GenIE 彙整值待審,354,316,472,367,名称已對接不等於頻率適用；按分流逐疾病審查。,292,252600,未啟用：尚缺適用頻率／assay DR確認,,,STANDARD_AR,HOLD,,PENDING_VALIDATION,MISSING,,
P0292,GNPTG,252605,黏脂質症第3型γ,Mucolipidosis III gamma,先天性代謝疾病,AR,來源基因層級；疾病層級待核實,一般 AR 待審,未逐疾病審查,GenIE 彙整值待審,952,2244,473,368,名称已對接不等於頻率適用；按分流逐疾病審查。,293,252605,未啟用：尚缺適用頻率／assay DR確認,,,STANDARD_AR,HOLD,,PENDING_VALIDATION,MISSING,,
P0293,GNRHR,146110,促性腺激素不足性性腺功能低下症第 7 型,Hypogonadotropic hypogonadism 7 with or without anosmia,內分泌疾病,AR,來源基因層級；疾病層級待核實,一般 AR 待審,未逐疾病審查,GenIE 彙整值待審,90,1068,474,369,名称已對接不等於頻率適用；按分流逐疾病審查。,294,146110,未啟用：尚缺適用頻率／assay DR確認,,,STANDARD_AR,HOLD,,PENDING_VALIDATION,MISSING,,
P0294,GNS,252940,黏多醣症第 3D 型,Mucopolysaccharidosis type 3D,先天性代謝疾病,AR,來源基因層級；疾病層級待核實,一般 AR 待審,未逐疾病審查,GenIE 彙整值待審,3658,2774,475,370,名称已對接不等於頻率適用；按分流逐疾病審查。,295,252940,未啟用：尚缺適用頻率／assay DR確認,,,STANDARD_AR,HOLD,,PENDING_VALIDATION,MISSING,,
P0295,GORAB,231070,老年樣皮膚骨質發育不良,Geroderma osteodysplastica,結締組織疾病,AR,來源基因層級；疾病層級待核實,一般 AR 待審,未逐疾病審查,GenIE 彙整值待審,4270,5612,476,371,名称已對接不等於頻率適用；按分流逐疾病審查。,296,231070,未啟用：尚缺適用頻率／assay DR確認,,,STANDARD_AR,HOLD,,PENDING_VALIDATION,MISSING,,
P0296,GP1BA,231200,Bernard-Soulier 症候群,Bernard-soulier syndrome,血液疾病,AR,來源基因層級；疾病層級待核實,一般 AR 待審,未逐疾病審查,GenIE 彙整值待審,2453,1871,477,372; 373; 374; 375; 376; 377,名称已對接不等於頻率適用；按分流逐疾病審查。,297,231200,未啟用：尚缺適用頻率／assay DR確認,,,STANDARD_AR,HOLD,,PENDING_VALIDATION,MISSING,,
P0297,GP9,231200,Bernard-Soulier 症候群,Bernard-soulier syndrome,血液疾病,AR,來源基因層級；疾病層級待核實,一般 AR 待審,未逐疾病審查,GenIE 彙整值待審,622,2791,478,378; 379; 380; 381; 382; 383; 384,名称已對接不等於頻率適用；按分流逐疾病審查。,298,231200,未啟用：尚缺適用頻率／assay DR確認,,,STANDARD_AR,HOLD,,PENDING_VALIDATION,MISSING,,
P0298,GPR143,300500,X 性聯遺傳眼睛白化症,X-linked ocular albinism,眼部與視覺疾病,XL,來源基因層級；疾病層級待核實,XL 待審,未逐疾病審查,補值來源待審,25000,,480,385,名称已對接不等於頻率適用；按分流逐疾病審查。,299,300500,未啟用：尚缺適用頻率／assay DR確認,,,STANDARD_XL,HOLD,,PENDING_VALIDATION,MISSING,,
P0299,GRHPR,260000,原發性高草酸尿症第 2 型,Primary hyperoxaluria type 2,腎臟泌尿疾病,AR,來源基因層級；疾病層級待核實,一般 AR 待審,未逐疾病審查,GenIE 彙整值待審,496,624,481,386,名称已對接不等於頻率適用；按分流逐疾病審查。,300,260000,未啟用：尚缺適用頻率／assay DR確認,,,STANDARD_AR,HOLD,,PENDING_VALIDATION,MISSING,,
P0300,GRIP1,617667,Fraser 症候群第 3 型,Fraser syndrome 3,多症狀疾病,AR,來源基因層級；疾病層級待核實,一般 AR 待審,未逐疾病審查,GenIE 彙整值待審,2774,3456,482,387,名称已對接不等於頻率適用；按分流逐疾病審查。,301,617667,未啟用：尚缺適用頻率／assay DR確認,,,STANDARD_AR,HOLD,,PENDING_VALIDATION,MISSING,,
P0301,GRM6,257270,先天性靜止性夜盲症第1B型,"Night blindness, congenital stationary (complete), 1B, autosomal recessive",眼部與視覺疾病,AR,來源基因層級；疾病層級待核實,一般 AR 待審,未逐疾病審查,GenIE 彙整值待審,422,1006,,,名称已對接不等於頻率適用；按分流逐疾病審查。,302,257270,未啟用：尚缺適用頻率／assay DR確認,,,STANDARD_AR,HOLD,,PENDING_VALIDATION,MISSING,,
P0302,GSS,266130,穀胱甘肽合成酶缺乏症合併焦谷氨酸尿症,Glutathione synthetase deficiency with 5-oxoprolinuria,先天性代謝疾病,AR,來源基因層級；疾病層級待核實,一般 AR 待審,未逐疾病審查,GenIE 彙整值待審,889,1602,483,388,名称已對接不等於頻率適用；按分流逐疾病審查。,303,266130,未啟用：尚缺適用頻率／assay DR確認,,,STANDARD_AR,HOLD,,PENDING_VALIDATION,MISSING,,
P0303,GUCY2D,204000,萊伯氏先天性黑曚症第 1 型,Leber congenital amaurosis 1,眼部與視覺疾病,AR,來源基因層級；疾病層級待核實,一般 AR 待審,未逐疾病審查,GenIE 彙整值待審,401,819,484,389; 390; 391; 392; 393; 394; 395,名称已對接不等於頻率適用；按分流逐疾病審查。,304,204000,未啟用：尚缺適用頻率／assay DR確認,,,STANDARD_AR,HOLD,,PENDING_VALIDATION,MISSING,,
P0304,GUSB,253220,黏多醣症第 7 型,Mucopolysaccharidosis type 7,先天性代謝疾病,AR,來源基因層級；疾病層級待核實,一般 AR 待審,未逐疾病審查,GenIE 彙整值待審,1050,2992,485,396,名称已對接不等於頻率適用；按分流逐疾病審查。,305,253220,未啟用：尚缺適用頻率／assay DR確認,,,STANDARD_AR,HOLD,,PENDING_VALIDATION,MISSING,,
P0305,HADH,231530,3-羥脂醯輔酶 A 去氫酶缺乏症,3-hydroxyacyl-CoA dehydrogenase deficiency,先天性代謝疾病,AR,來源基因層級；疾病層級待核實,一般 AR 待審,未逐疾病審查,GenIE 彙整值待審,5180,22443,487,397,名称已對接不等於頻率適用；按分流逐疾病審查。,306,231530,未啟用：尚缺適用頻率／assay DR確認,,,STANDARD_AR,HOLD,,PENDING_VALIDATION,MISSING,,
P0306,HADHA,609016,長鏈-3-羥基乙醯輔酶A脫氫酶缺乏症,Long chain 3-hydroxyacyl-CoA dehydrogenase deficiency,先天性代謝疾病,AR,來源基因層級；疾病層級待核實,一般 AR 待審,未逐疾病審查,GenIE 彙整值待審,289,1870,488; 489,398,名称已對接不等於頻率適用；按分流逐疾病審查。,307,609016,未啟用：尚缺適用頻率／assay DR確認,,,STANDARD_AR,HOLD,,PENDING_VALIDATION,MISSING,,
P0307,HADHB,620300,粒線體三功能蛋白缺乏症,Mitochondrial trifunctional protein deficiency 2,先天性代謝疾病,AR,來源基因層級；疾病層級待核實,一般 AR 待審,未逐疾病審查,GenIE 彙整值待審,1291,623,490; 491,399,名称已對接不等於頻率適用；按分流逐疾病審查。,308,620300,未啟用：尚缺適用頻率／assay DR確認,,,STANDARD_AR,HOLD,,PENDING_VALIDATION,MISSING,,
P0308,HAMP,613313,血色素沉著症第 2B 型,Hemochromatosis type 2B,血液疾病,AR,來源基因層級；疾病層級待核實,一般 AR 待審,未逐疾病審查,GenIE 彙整值待審,10897,2040,492,400,名称已對接不等於頻率適用；按分流逐疾病審查。,309,613313,未啟用：尚缺適用頻率／assay DR確認,,,STANDARD_AR,HOLD,,PENDING_VALIDATION,MISSING,,
P0309,HAX1,610738,Kostmann 症候群,Kostmann syndrome,血液疾病,AR,來源基因層級；疾病層級待核實,一般 AR 待審,未逐疾病審查,GenIE 彙整值待審,719,341,493,401,名称已對接不等於頻率適用；按分流逐疾病審查。,310,610738,未啟用：尚缺適用頻率／assay DR確認,,,STANDARD_AR,HOLD,,PENDING_VALIDATION,MISSING,,
P0310,HBA1,604131,甲型地中海型貧血,Alpha thalassemia,血液疾病,AR,來源基因層級；疾病層級待核實,特殊模型待審,第一批初審,補值來源待審,20,8,494; 495; 496; 497; 498; 499; 500,402; 403; 404; 405; 406; 407,Jeen 補值 1/20、EAS 1/8 與提供 PDF 不符；來源版本及型態待查。,311,604131,未啟用：尚缺適用頻率／assay DR確認,,,SPECIAL_NGS_CHALLENGE,DEAD_PAGE,FIXED_NO_CALC,DISPLAY_ONLY,NOT_APPLICABLE,ALPHA_THAL_604131,HBA1/HBA2 deletion/duplication analysis ＋ sequence analysis（依族群及實驗室方法設計）
P0311,HBA1/HBA2,604131,甲型地中海型貧血,Alpha thalassemia,血液疾病,待確認,來源基因層級；疾病層級待核實,特殊模型待審,第一批初審,缺值,,,,,與 HBA1 列同 OMIM；保留兩列，不視為独立風險，不相加。,312,604131,未啟用：尚缺適用頻率／assay DR確認,,,SPECIAL_NGS_CHALLENGE,DEAD_PAGE,FIXED_NO_CALC,DISPLAY_ONLY,NOT_APPLICABLE,ALPHA_THAL_604131,HBA1/HBA2 deletion/duplication analysis ＋ sequence analysis；與 HBA1 列共用顯示群組
P0312,HBB,613985,乙型地中海型貧血,Beta thalassemia,血液疾病,AR,來源基因層級；疾病層級待核實,多疾病／多機制待審,未逐疾病審查,GenIE 彙整值待審,91,140,501; 502; 503; 504; 505; 506; 507; 508; 509; 510; 511; 512; 513; 514; 515; 516; 517; 518,414; 415; 416; 417,名称已對接不等於頻率適用；按分流逐疾病審查。,313,613985,未啟用：尚缺適用頻率／assay DR確認,,,STANDARD_AR,HOLD,,PENDING_VALIDATION,MISSING,,
P0313,HBB,603903,鐮刀型紅血球疾病,Sickle cell disease,血液疾病,AR,來源基因層級；疾病層級待核實,多疾病／多機制待審,未逐疾病審查,GenIE 彙整值待審,91,140,501; 502; 503; 504; 505; 506; 507; 508; 509; 510; 511; 512; 513; 514; 515; 516; 517; 518,414; 415; 416; 417,名称已對接不等於頻率適用；按分流逐疾病審查。,314,603903,未啟用：尚缺適用頻率／assay DR確認,,,STANDARD_AR,HOLD,,PENDING_VALIDATION,MISSING,,
P0314,HCFC1,309541,甲基丙二酸血症合併高胱胺酸尿症 cblX 型,"Methylmalonic acidemia with homocystinuria, type cblX",先天性代謝疾病,XL,來源基因層級；疾病層級待核實,XL 待審,未逐疾病審查,補值來源待審,50000,,519,418,名称已對接不等於頻率適用；按分流逐疾病審查。,315,309541,未啟用：尚缺適用頻率／assay DR確認,,,STANDARD_XL,HOLD,,PENDING_VALIDATION,MISSING,,
P0315,HESX1,182230,視中隔發育不全症,Septooptic dysplasia,腦部與神經疾病,AR,來源基因層級；疾病層級待核實,多疾病／多機制待審,未逐疾病審查,Source=OMIM；頻率来源角色待釐清,4632,5591,,,名称已對接不等於頻率適用；按分流逐疾病審查。,316,182230,未啟用：尚缺適用頻率／assay DR確認,,,STANDARD_AR,HOLD,,PENDING_VALIDATION,MISSING,,
P0316,HEXA,272800,戴薩克斯症,Tay-Sachs disease,先天性代謝疾病,AR,來源基因層級；疾病層級待核實,一般 AR 待審,未逐疾病審查,GenIE 彙整值待審,220,499,521; 522; 523,419,名称已對接不等於頻率適用；按分流逐疾病審查。,317,272800,未啟用：尚缺適用頻率／assay DR確認,,,STANDARD_AR,HOLD,,PENDING_VALIDATION,MISSING,,
P0317,HEXB,268800,Sandhoff 病,Sandhoff disease,腦部與神經疾病,AR,來源基因層級；疾病層級待核實,一般 AR 待審,未逐疾病審查,GenIE 彙整值待審,348,124,524,420,名称已對接不等於頻率適用；按分流逐疾病審查。,318,268800,未啟用：尚缺適用頻率／assay DR確認,,,STANDARD_AR,HOLD,,PENDING_VALIDATION,MISSING,,
P0318,HFE,235200,血色素沉著症第 1 型,Hemochromatosis type 1,血液疾病,AR,來源基因層級；疾病層級待核實,一般 AR 待審,未逐疾病審查,GenIE 彙整值待審,9,212,525; 526; 527; 528; 529,421,名称已對接不等於頻率適用；按分流逐疾病審查。,319,235200,未啟用：尚缺適用頻率／assay DR確認,,,STANDARD_AR,HOLD,,PENDING_VALIDATION,MISSING,,
P0319,HGD,203500,黑尿症,Alkaptonuria,先天性代謝疾病,AR,來源基因層級；疾病層級待核實,一般 AR 待審,未逐疾病審查,GenIE 彙整值待審,340,465,530,422,名称已對接不等於頻率適用；按分流逐疾病審查。,320,203500,未啟用：尚缺適用頻率／assay DR確認,,,STANDARD_AR,HOLD,,PENDING_VALIDATION,MISSING,,
P0320,HGSNAT,252930,黏多醣症第 3 型,Mucopolysaccharidosis type 3,先天性代謝疾病,AR,來源基因層級；疾病層級待核實,一般 AR 待審,未逐疾病審查,GenIE 彙整值待審,1083,1273,531; 532,423,名称已對接不等於頻率適用；按分流逐疾病審查。,321,252930,未啟用：尚缺適用頻率／assay DR確認,,,STANDARD_AR,HOLD,,PENDING_VALIDATION,MISSING,,
P0321,HJV,602390,血色素沉著症第 2A 型,Hemochromatosis type 2A,血液疾病,AR,來源基因層級；疾病層級待核實,一般 AR 待審,未逐疾病審查,GenIE 彙整值待審,741,2244,534,424,名称已對接不等於頻率適用；按分流逐疾病審查。,322,602390,未啟用：尚缺適用頻率／assay DR確認,,,STANDARD_AR,HOLD,,PENDING_VALIDATION,MISSING,,
P0322,HLCS,253270,全羧化酶合成酶缺乏症,Holocarboxylase synthetase deficiency,先天性代謝疾病,AR,來源基因層級；疾病層級待核實,一般 AR 待審,未逐疾病審查,GenIE 彙整值待審,751,302,535,425,名称已對接不等於頻率適用；按分流逐疾病審查。,323,253270,未啟用：尚缺適用頻率／assay DR確認,,,STANDARD_AR,HOLD,,PENDING_VALIDATION,MISSING,,
P0323,HMGCL,246450,3-羥基-3-甲基戊二酸尿症,3-hydroxy-3-methylglutaric aciduria,先天性代謝疾病,AR,來源基因層級；疾病層級待核實,一般 AR 待審,未逐疾病審查,GenIE 彙整值待審,1368,2449,536,426,名称已對接不等於頻率適用；按分流逐疾病審查。,324,246450,未啟用：尚缺適用頻率／assay DR確認,,,STANDARD_AR,HOLD,,PENDING_VALIDATION,MISSING,,
P0324,HMOX1,614034,血紅素氧化酶 1 缺乏症,Heme oxygenase 1 deficiency,血液疾病,AR,來源基因層級；疾病層級待核實,一般 AR 待審,未逐疾病審查,GenIE 彙整值待審,3666,11221,538,427,名称已對接不等於頻率適用；按分流逐疾病審查。,325,614034,未啟用：尚缺適用頻率／assay DR確認,,,STANDARD_AR,HOLD,,PENDING_VALIDATION,MISSING,,
P0325,HOGA1,613616,原發性高草酸尿症第 3 型,Primary hyperoxaluria type 3,腎臟泌尿疾病,AR,來源基因層級；疾病層級待核實,一般 AR 待審,未逐疾病審查,GenIE 彙整值待審,153,218,539,428,名称已對接不等於頻率適用；按分流逐疾病審查。,326,613616,未啟用：尚缺適用頻率／assay DR確認,,,STANDARD_AR,HOLD,,PENDING_VALIDATION,MISSING,,
P0326,HPD,276710,高酪胺酸血症第 III 型,Tyrosinemia type III,先天性代謝疾病,AR,來源基因層級；疾病層級待核實,一般 AR 待審,未逐疾病審查,GenIE 彙整值待審,3493,5610,540,429,名称已對接不等於頻率適用；按分流逐疾病審查。,327,276710,未啟用：尚缺適用頻率／assay DR確認,,,STANDARD_AR,HOLD,,PENDING_VALIDATION,MISSING,,
P0327,HPRT1,300322,Lesch-Nyhan 症候群,Lesch-Nyhan syndrome,先天性代謝疾病,XL,來源基因層級；疾病層級待核實,XL 待審,未逐疾病審查,補值來源待審,50000,,541,430,名称已對接不等於頻率適用；按分流逐疾病審查。,328,300322,未啟用：尚缺適用頻率／assay DR確認,,,STANDARD_XL,HOLD,,PENDING_VALIDATION,MISSING,,
P0328,HPS1,203300,Hermansky-Pudlak 症候群第 1 型,Hermansky-pudlak syndrome 1,多症狀疾病,AR,來源基因層級；疾病層級待核實,一般 AR 待審,未逐疾病審查,GenIE 彙整值待審,585,726,542; 543,431,名称已對接不等於頻率適用；按分流逐疾病審查。,329,203300,未啟用：尚缺適用頻率／assay DR確認,,,STANDARD_AR,HOLD,,PENDING_VALIDATION,MISSING,,
P0329,HPS3,614072,Hermansky-Pudlak 症候群第 3 型,Hermansky-pudlak syndrome 3,多症狀疾病,AR,來源基因層級；疾病層級待核實,一般 AR 待審,未逐疾病審查,GenIE 彙整值待審,784,415,544,432,名称已對接不等於頻率適用；按分流逐疾病審查。,330,614072,未啟用：尚缺適用頻率／assay DR確認,,,STANDARD_AR,HOLD,,PENDING_VALIDATION,MISSING,,
P0330,HPS4,614073,Hermansky-Pudlak 症候群第 4 型,Hermansky-pudlak syndrome 4,多症狀疾病,AR,來源基因層級；疾病層級待核實,一般 AR 待審,未逐疾病審查,GenIE 彙整值待審,1645,2245,545,433,名称已對接不等於頻率適用；按分流逐疾病審查。,331,614073,未啟用：尚缺適用頻率／assay DR確認,,,STANDARD_AR,HOLD,,PENDING_VALIDATION,MISSING,,
P0331,HPS5,614074,Hermansky-Pudlak 症候群第 5 型,Hermansky-pudlak syndrome 5,多症狀疾病,AR,來源基因層級；疾病層級待核實,一般 AR 待審,未逐疾病審查,GenIE 彙整值待審,1042,641,546,434,名称已對接不等於頻率適用；按分流逐疾病審查。,332,614074,未啟用：尚缺適用頻率／assay DR確認,,,STANDARD_AR,HOLD,,PENDING_VALIDATION,MISSING,,
P0332,HPS6,614075,Hermansky-Pudlak 症候群第 6 型,Hermansky-pudlak syndrome 6,多症狀疾病,AR,來源基因層級；疾病層級待核實,一般 AR 待審,未逐疾病審查,GenIE 彙整值待審,858,568,547,435,名称已對接不等於頻率適用；按分流逐疾病審查。,333,614075,未啟用：尚缺適用頻率／assay DR確認,,,STANDARD_AR,HOLD,,PENDING_VALIDATION,MISSING,,
P0333,HSD17B10,300438,HSD10 粒線體疾病,HSD10 mitochondrial disease,先天性代謝疾病,XL,來源基因層級；疾病層級待核實,XL 待審,未逐疾病審查,補值來源待審,50000,,548,436,名称已對接不等於頻率適用；按分流逐疾病審查。,334,300438,未啟用：尚缺適用頻率／assay DR確認,,,STANDARD_XL,HOLD,,PENDING_VALIDATION,MISSING,,
P0334,HSD17B3,264300,"46, XY 性發展障礙-HSD17B3 型","46,XY disorder of sex development due to 17-beta-hydroxysteroid dehydrogenase 3 deficiency",內分泌疾病,AR,來源基因層級；疾病層級待核實,一般 AR 待審,未逐疾病審查,GenIE 彙整值待審,317,774,549; 550,437,名称已對接不等於頻率適用；按分流逐疾病審查。,335,264300,未啟用：尚缺適用頻率／assay DR確認,,,STANDARD_AR,HOLD,,PENDING_VALIDATION,MISSING,,
P0335,HSD17B4,261515,D-雙功能蛋白缺乏症,D-bifunctional protein deficiency,先天性代謝疾病,AR,來源基因層級；疾病層級待核實,一般 AR 待審,未逐疾病審查,GenIE 彙整值待審,1253,882,551,438,名称已對接不等於頻率適用；按分流逐疾病審查。,336,261515,未啟用：尚缺適用頻率／assay DR確認,,,STANDARD_AR,HOLD,,PENDING_VALIDATION,MISSING,,
P0336,HSD3B2,201810,先天性腎上腺增生症-3b羥化酶缺失症,Congenital adrenal hyperplasia due to 3-beta-hydroxysteroid dehydrogenase deficiency,內分泌疾病,AR,來源基因層級；疾病層級待核實,一般 AR 待審,未逐疾病審查,GenIE 彙整值待審,1216,1496,552,439,名称已對接不等於頻率適用；按分流逐疾病審查。,337,201810,未啟用：尚缺適用頻率／assay DR確認,,,STANDARD_AR,HOLD,,PENDING_VALIDATION,MISSING,,
P0337,HSPD1,612233,髓鞘形成不良性白質營養不良第4型,"Leukodystrophy, hypomyelinating, 4",腦部與神經疾病,AR,來源基因層級；疾病層級待核實,一般 AR 待審,未逐疾病審查,GenIE 彙整值待審,34547,22223,,440,名称已對接不等於頻率適用；按分流逐疾病審查。,338,612233,未啟用：尚缺適用頻率／assay DR確認,,,STANDARD_AR,HOLD,,PENDING_VALIDATION,MISSING,,
P0338,HYAL1,601492,黏多醣症第 9 型,Mucopolysaccharidosis type 9,先天性代謝疾病,AR,來源基因層級；疾病層級待核實,一般 AR 待審,未逐疾病審查,GenIE 彙整值待審,5177,3206,554,441,名称已對接不等於頻率適用；按分流逐疾病審查。,339,601492,未啟用：尚缺適用頻率／assay DR確認,,,STANDARD_AR,HOLD,,PENDING_VALIDATION,MISSING,,
P0339,HYLS1,236680,Hydrolethalus症候群第 1 型,Hydrolethalus syndrome 1,多症狀疾病,AR,來源基因層級；疾病層級待核實,一般 AR 待審,未逐疾病審查,GenIE 彙整值待審,479,3207,555; 556,442,名称已對接不等於頻率適用；按分流逐疾病審查。,340,236680,未啟用：尚缺適用頻率／assay DR確認,,,STANDARD_AR,HOLD,,PENDING_VALIDATION,MISSING,,
P0340,IDH3B,612572,視網膜色素變性第 46 型,Retinitis pigmentosa 46,眼部與視覺疾病,AR,來源基因層級；疾病層級待核實,一般 AR 待審,未逐疾病審查,GenIE 彙整值待審,1506,1321,557,443,名称已對接不等於頻率適用；按分流逐疾病審查。,341,612572,未啟用：尚缺適用頻率／assay DR確認,,,STANDARD_AR,HOLD,,PENDING_VALIDATION,MISSING,,
P0341,IDS,309900,黏多醣症第 2 型,Mucopolysaccharidosis type 2,先天性代謝疾病,XL,來源基因層級；疾病層級待核實,XL 待審,未逐疾病審查,補值來源待審,50000,,558,444,名称已對接不等於頻率適用；按分流逐疾病審查。,342,309900,未啟用：尚缺適用頻率／assay DR確認,,,STANDARD_XL,HOLD,,PENDING_VALIDATION,MISSING,,
P0342,IDUA,607014,黏多醣症第 1 型,Mucopolysaccharidosis type 1,先天性代謝疾病,AR,來源基因層級；疾病層級待核實,一般 AR 待審,未逐疾病審查,GenIE 彙整值待審,175,452,559; 560,445; 446; 447; 448; 449; 450; 451,名称已對接不等於頻率適用；按分流逐疾病審查。,343,607014,未啟用：尚缺適用頻率／assay DR確認,,,STANDARD_AR,HOLD,,PENDING_VALIDATION,MISSING,,
P0343,IGF1,608747,類胰島素生長因子I缺乏症,Insulin-like growth factor I deficiency,內分泌疾病,AR,來源基因層級；疾病層級待核實,一般 AR 待審,未逐疾病審查,GenIE 彙整值待審,56813,,,,名称已對接不等於頻率適用；按分流逐疾病審查。,344,608747,未啟用：尚缺適用頻率／assay DR確認,,,STANDARD_AR,HOLD,,PENDING_VALIDATION,MISSING,,
P0344,IGHMBP2,604320,體染色體隱性遠端脊髓性肌肉萎縮症第 1 型,Autosomal recessive distal spinal muscular atrophy 1,腦部與神經疾病,AR,來源基因層級；疾病層級待核實,一般 AR 待審,未逐疾病審查,GenIE 彙整值待審,360,591,562,452,名称已對接不等於頻率適用；按分流逐疾病審查。,345,604320,未啟用：尚缺適用頻率／assay DR確認,,,STANDARD_AR,HOLD,,PENDING_VALIDATION,MISSING,,
P0345,IKBKB,615592,嚴重複合型免疫缺乏症-IKK2 缺乏,Severe combined immunodeficiency due to IKK2 deficiency,免疫疾病,AR,來源基因層級；疾病層級待核實,一般 AR 待審,未逐疾病審查,GenIE 彙整值待審,6488,11192,564,453,名称已對接不等於頻率適用；按分流逐疾病審查。,346,615592,未啟用：尚缺適用頻率／assay DR確認,,,STANDARD_AR,HOLD,,PENDING_VALIDATION,MISSING,,
P0346,IL1RAPL1,300143,X 性聯遺傳智能障礙第 21 型,"Intellectual disability, x-linked 21",腦部與神經疾病,XL,來源基因層級；疾病層級待核實,XL 待審,未逐疾病審查,補值來源待審,50000,,565,454,名称已對接不等於頻率適用；按分流逐疾病審查。,347,300143,未啟用：尚缺適用頻率／assay DR確認,,,STANDARD_XL,HOLD,,PENDING_VALIDATION,MISSING,,
P0347,IL2RG,300400,嚴重複合型免疫缺乏症-gamma 鏈缺乏,T-B+ severe combined immunodeficiency due to gamma chain deficiency,免疫疾病,XL,來源基因層級；疾病層級待核實,XL 待審,未逐疾病審查,補值來源待審,25000,,567,455,名称已對接不等於頻率適用；按分流逐疾病審查。,348,300400,未啟用：尚缺適用頻率／assay DR確認,,,STANDARD_XL,HOLD,,PENDING_VALIDATION,MISSING,,
P0348,IL7R,608971,免疫缺乏症第 104 型,Immunodeficiency 104,免疫疾病,AR,來源基因層級；疾病層級待核實,一般 AR 待審,未逐疾病審查,GenIE 彙整值待審,1226,3206,568,456; 457; 458; 459; 460,名称已對接不等於頻率適用；按分流逐疾病審查。,349,608971,未啟用：尚缺適用頻率／assay DR確認,,,STANDARD_AR,HOLD,,PENDING_VALIDATION,MISSING,,
P0349,INPP5E,213300,Joubert症候群第1型,Joubert syndrome 1,腦部與神經疾病,AR,來源基因層級；疾病層級待核實,多疾病／多機制待審,未逐疾病審查,GenIE 彙整值待審,1270,1920,569,461,名称已對接不等於頻率適用；按分流逐疾病審查。,350,213300,未啟用：尚缺適用頻率／assay DR確認,,,STANDARD_AR,HOLD,,PENDING_VALIDATION,MISSING,,
P0350,INPP5E,610156,MORM症候群,"Impaired intellectual development, truncal obesity, retinal dystrophy, and micropenis syndrome",腦部與神經疾病,AR,來源基因層級；疾病層級待核實,多疾病／多機制待審,未逐疾病審查,GenIE 彙整值待審,1270,1920,569,461,名称已對接不等於頻率適用；按分流逐疾病審查。,351,610156,未啟用：尚缺適用頻率／assay DR確認,,,STANDARD_AR,HOLD,,PENDING_VALIDATION,MISSING,,
P0351,INVS,602088,腎消耗病第 2 型,Nephronophthisis 2,腎臟泌尿疾病,AR,來源基因層級；疾病層級待核實,一般 AR 待審,未逐疾病審查,GenIE 彙整值待審,841,935,570,462,名称已對接不等於頻率適用；按分流逐疾病審查。,352,602088,未啟用：尚缺適用頻率／assay DR確認,,,STANDARD_AR,HOLD,,PENDING_VALIDATION,MISSING,,
P0352,ITGA6,619817,接合型表皮溶解水皰症合併幽門閉鎖,Junctional epidermolysis bullosa with pyloric atresia,皮膚與毛髮疾病,AR,來源基因層級；疾病層級待核實,一般 AR 待審,未逐疾病審查,GenIE 彙整值待審,2914,1863,571,463,名称已對接不等於頻率適用；按分流逐疾病審查。,353,619817,未啟用：尚缺適用頻率／assay DR確認,,,STANDARD_AR,HOLD,,PENDING_VALIDATION,MISSING,,
P0353,ITGB3,619267,Glanzmann氏血小板無力症,Glanzmann's thrombasthenia,血液疾病,AR,來源基因層級；疾病層級待核實,一般 AR 待審,未逐疾病審查,GenIE 彙整值待審,1087,535,572,464; 465; 466; 467; 468; 469,名称已對接不等於頻率適用；按分流逐疾病審查。,354,619267,未啟用：尚缺適用頻率／assay DR確認,,,STANDARD_AR,HOLD,,PENDING_VALIDATION,MISSING,,
P0354,ITGB4,619816,非赫氏接合型表皮溶解水皰症,"Junctional epidermolysis bullosa, non-Herlitz type",皮膚與毛髮疾病,AR,來源基因層級；疾病層級待核實,一般 AR 待審,未逐疾病審查,GenIE 彙整值待審,597,365,573,470,名称已對接不等於頻率適用；按分流逐疾病審查。,355,619816,未啟用：尚缺適用頻率／assay DR確認,,,STANDARD_AR,HOLD,,PENDING_VALIDATION,MISSING,,
P0355,IVD,243500,異戊酸血症,Isovaleric acidemia,先天性代謝疾病,AR,來源基因層級；疾病層級待核實,一般 AR 待審,未逐疾病審查,GenIE 彙整值待審,327,898,575; 576; 577; 578,471,名称已對接不等於頻率適用；按分流逐疾病審查。,356,243500,未啟用：尚缺適用頻率／assay DR確認,,,STANDARD_AR,HOLD,,PENDING_VALIDATION,MISSING,,
P0356,IYD,274800,甲狀腺素合成異常 4 型,Thyroid dyshormonogenesis 4,內分泌疾病,AR,來源基因層級；疾病層級待核實,一般 AR 待審,未逐疾病審查,GenIE 彙整值待審,1826,2805,579,472,名称已對接不等於頻率適用；按分流逐疾病審查。,357,274800,未啟用：尚缺適用頻率／assay DR確認,,,STANDARD_AR,HOLD,,PENDING_VALIDATION,MISSING,,
P0357,JAK3,600802,T-B+嚴重複合型免疫缺乏症-JAK3 缺乏,T-B+ severe combined immunodeficiency due to JAK3 deficiency,免疫疾病,AR,來源基因層級；疾病層級待核實,一般 AR 待審,未逐疾病審查,GenIE 彙整值待審,1377,1370,580,473; 474; 475; 476,名称已對接不等於頻率適用；按分流逐疾病審查。,358,600802,未啟用：尚缺適用頻率／assay DR確認,,,STANDARD_AR,HOLD,,PENDING_VALIDATION,MISSING,,
P0358,KCNJ1,241200,Bartter氏症候群第 2 型,Bartter syndrome type 2,腎臟泌尿疾病,AR,來源基因層級；疾病層級待核實,一般 AR 待審,未逐疾病審查,GenIE 彙整值待審,821,1182,581,477,名称已對接不等於頻率適用；按分流逐疾病審查。,359,241200,未啟用：尚缺適用頻率／assay DR確認,,,STANDARD_AR,HOLD,,PENDING_VALIDATION,MISSING,,
P0359,KCNJ11,601820,家族性高胰島素性低血糖症第 2 型,"Hyperinsulinemic hypoglycemia, familial, 2",內分泌疾病,AR,來源基因層級；疾病層級待核實,一般 AR 待審,未逐疾病審查,GenIE 彙整值待審,7269,2244,582; 583,478,名称已對接不等於頻率適用；按分流逐疾病審查。,360,601820,未啟用：尚缺適用頻率／assay DR確認,,,STANDARD_AR,HOLD,,PENDING_VALIDATION,MISSING,,
P0360,KDM5C,300534,症候群性 X 性聯遺傳智能障礙 Claes-Jensen 型,Syndromic X-linked intellectual disability Claes-Jensen type,腦部與神經疾病,XL,來源基因層級；疾病層級待核實,XL 待審,未逐疾病審查,補值來源待審,50000,,585,479,名称已對接不等於頻率適用；按分流逐疾病審查。,361,300534,未啟用：尚缺適用頻率／assay DR確認,,,STANDARD_XL,HOLD,,PENDING_VALIDATION,MISSING,,
P0361,L1CAM,303350,MASA 症候群,MASA syndrome,腦部與神經疾病,XL,來源基因層級；疾病層級待核實,多疾病／多機制待審,未逐疾病審查,補值來源待審,15000,,587,480,名称已對接不等於頻率適用；按分流逐疾病審查。,362,303350,未啟用：尚缺適用頻率／assay DR確認,,,STANDARD_XL,HOLD,,PENDING_VALIDATION,MISSING,,
P0362,L1CAM,307000,X 性聯遺傳先天性水腦症,Congenital X-linked hydrocephalus,腦部與神經疾病,XL,來源基因層級；疾病層級待核實,多疾病／多機制待審,未逐疾病審查,補值來源待審,15000,,587,480,名称已對接不等於頻率適用；按分流逐疾病審查。,363,307000,未啟用：尚缺適用頻率／assay DR確認,,,STANDARD_XL,HOLD,,PENDING_VALIDATION,MISSING,,
P0363,L1CAM,304100,X 性聯遺傳胼胝體部分缺如,"Partial agenesis of the corpus callosum, X-linked",腦部與神經疾病,XL,來源基因層級；疾病層級待核實,多疾病／多機制待審,未逐疾病審查,補值來源待審,15000,,587,480,名称已對接不等於頻率適用；按分流逐疾病審查。,364,304100,未啟用：尚缺適用頻率／assay DR確認,,,STANDARD_XL,HOLD,,PENDING_VALIDATION,MISSING,,
P0364,LAMA2,607855,先天性板素缺乏型肌肉失養症 1A 型,Congenital merosin-deficient muscular dystrophy 1A,肌肉疾病,AR,來源基因層級；疾病層級待核實,一般 AR 待審,未逐疾病審查,GenIE 彙整值待審,275,191,588; 589,481,名称已對接不等於頻率適用；按分流逐疾病審查。,365,607855,未啟用：尚缺適用頻率／assay DR確認,,,STANDARD_AR,HOLD,,PENDING_VALIDATION,MISSING,,
P0365,LAMA3,619783,接合型表皮溶解水皰症,Junctional epidermolysis bullosa,皮膚與毛髮疾病,AR,來源基因層級；疾病層級待核實,一般 AR 待審,未逐疾病審查,GenIE 彙整值待審,214,102,590,482,名称已對接不等於頻率適用；按分流逐疾病審查。,366,619783,未啟用：尚缺適用頻率／assay DR確認,,,STANDARD_AR,HOLD,,PENDING_VALIDATION,MISSING,,
P0366,LAMB3,226650,接合型表皮溶解水皰症,Junctional epidermolysis bullosa,皮膚與毛髮疾病,AR,來源基因層級；疾病層級待核實,一般 AR 待審,未逐疾病審查,GenIE 彙整值待審,355,1069,591,483,名称已對接不等於頻率適用；按分流逐疾病審查。,367,226650,未啟用：尚缺適用頻率／assay DR確認,,,STANDARD_AR,HOLD,,PENDING_VALIDATION,MISSING,,
P0367,LAMC2,619785,接合型表皮溶解水皰症,Junctional epidermolysis bullosa,皮膚與毛髮疾病,AR,來源基因層級；疾病層級待核實,一般 AR 待審,未逐疾病審查,GenIE 彙整值待審,1476,898,592,484,名称已對接不等於頻率適用；按分流逐疾病審查。,368,619785,未啟用：尚缺適用頻率／assay DR確認,,,STANDARD_AR,HOLD,,PENDING_VALIDATION,MISSING,,
P0368,LAMTOR2,610798,原發性免疫缺乏症候群-LAMTOR2 型,Immunodeficiency due to defect in MAPBP-interacting protein,免疫疾病,AR,來源基因層級；疾病層級待核實,一般 AR 待審,未逐疾病審查,GenIE 彙整值待審,44838,,,,名称已對接不等於頻率適用；按分流逐疾病審查。,369,610798,未啟用：尚缺適用頻率／assay DR確認,,,STANDARD_AR,HOLD,,PENDING_VALIDATION,MISSING,,
P0369,LARGE1,613154,肌失養症-肌醇糖蛋白病變 A6 型,"Muscular dystrophy-dystroglycanopathy, type A6",肌肉疾病,AR,來源基因層級；疾病層級待核實,一般 AR 待審,未逐疾病審查,GenIE 彙整值待審,5105,7479,594,485,名称已對接不等於頻率適用；按分流逐疾病審查。,370,613154,未啟用：尚缺適用頻率／assay DR確認,,,STANDARD_AR,HOLD,,PENDING_VALIDATION,MISSING,,
P0370,LCA5,604537,萊伯氏先天性黑曚症第 5 型,Leber congenital amaurosis 5,眼部與視覺疾病,AR,來源基因層級；疾病層級待核實,一般 AR 待審,未逐疾病審查,GenIE 彙整值待審,1654,1403,596,486,名称已對接不等於頻率適用；按分流逐疾病審查。,371,604537,未啟用：尚缺適用頻率／assay DR確認,,,STANDARD_AR,HOLD,,PENDING_VALIDATION,MISSING,,
P0371,LCAT,245900,卵磷脂膽固醇醯基轉移酶缺乏症,LCAT deficiency,先天性代謝疾病,AR,來源基因層級；疾病層級待核實,一般 AR 待審,未逐疾病審查,GenIE 彙整值待審,1795,2440,,,名称已對接不等於頻率適用；按分流逐疾病審查。,372,245900,未啟用：尚缺適用頻率／assay DR確認,,,STANDARD_AR,HOLD,,PENDING_VALIDATION,MISSING,,
P0372,LDLR,143890,家族性高膽固醇血症第 1 型,"Hypercholesterolemia, familial, 1",心血管疾病,AR,來源基因層級；疾病層級待核實,多疾病／多機制待審,未逐疾病審查,GenIE 彙整值待審,306,164,598; 599; 600; 601,487; 488; 489; 490; 491; 492; 493; 494,名称已對接不等於頻率適用；按分流逐疾病審查。,373,143890,未啟用：尚缺適用頻率／assay DR確認,,,STANDARD_AR,HOLD,,PENDING_VALIDATION,MISSING,,
P0373,LDLRAP1,603813,家族性高膽固醇血症第 4 型,"Hypercholesterolemia, familial, 4",心血管疾病,AR,來源基因層級；疾病層級待核實,一般 AR 待審,未逐疾病審查,GenIE 彙整值待審,2552,2635,602; 603; 604; 605,495,名称已對接不等於頻率適用；按分流逐疾病審查。,374,603813,未啟用：尚缺適用頻率／assay DR確認,,,STANDARD_AR,HOLD,,PENDING_VALIDATION,MISSING,,
P0374,LHX3,221750,腦下垂體激素缺失症第 3 型,"Pituitary hormone deficiency, combined, 3",內分泌疾病,AR,來源基因層級；疾病層級待核實,一般 AR 待審,未逐疾病審查,GenIE 彙整值待審,3311,5385,606,496,名称已對接不等於頻率適用；按分流逐疾病審查。,375,221750,未啟用：尚缺適用頻率／assay DR確認,,,STANDARD_AR,HOLD,,PENDING_VALIDATION,MISSING,,
P0375,LIFR,601559,Stüve-Wiedemann 症候群,Stüve-wiedemann syndrome,骨骼疾病,AR,來源基因層級；疾病層級待核實,一般 AR 待審,未逐疾病審查,GenIE 彙整值待審,1424,2038,607,497,名称已對接不等於頻率適用；按分流逐疾病審查。,376,601559,未啟用：尚缺適用頻率／assay DR確認,,,STANDARD_AR,HOLD,,PENDING_VALIDATION,MISSING,,
P0376,LIG4,606593,LIG4 症候群,LIG4 syndrome,免疫疾病,AR,來源基因層級；疾病層級待核實,一般 AR 待審,未逐疾病審查,GenIE 彙整值待審,614,1122,608,498,名称已對接不等於頻率適用；按分流逐疾病審查。,377,606593,未啟用：尚缺適用頻率／assay DR確認,,,STANDARD_AR,HOLD,,PENDING_VALIDATION,MISSING,,
P0377,LIPA,278000,溶酶體酸性脂肪酶缺乏症,Lysosomal acid lipase deficiency,先天性代謝疾病,AR,來源基因層級；疾病層級待核實,一般 AR 待審,未逐疾病審查,GenIE 彙整值待審,336,2802,609; 610; 611,499,名称已對接不等於頻率適用；按分流逐疾病審查。,378,278000,未啟用：尚缺適用頻率／assay DR確認,,,STANDARD_AR,HOLD,,PENDING_VALIDATION,MISSING,,
P0378,LIPH,604379,毛髮稀疏症；體染色體隱性羊毛狀頭髮第 2 型,"Hypotrichosis 7; Woolly hair, autosomal recessive 2",皮膚與毛髮疾病,AR,來源基因層級；疾病層級待核實,一般 AR 待審,未逐疾病審查,GenIE 彙整值待審,700,54,,500,名称已對接不等於頻率適用；按分流逐疾病審查。,379,604379,未啟用：尚缺適用頻率／assay DR確認,,,STANDARD_AR,HOLD,,PENDING_VALIDATION,MISSING,,
P0379,LMBRD1,277380,甲基丙二酸尿症合併高胱胺酸尿症 cblF 型,Methylmalonic aciduria and homocystinuria type cblF,先天性代謝疾病,AR,來源基因層級；疾病層級待核實,一般 AR 待審,未逐疾病審查,GenIE 彙整值待審,556,2801,614,501,名称已對接不等於頻率適用；按分流逐疾病審查。,380,277380,未啟用：尚缺適用頻率／assay DR確認,,,STANDARD_AR,HOLD,,PENDING_VALIDATION,MISSING,,
P0380,LOXHD1,613079,體染色體隱性非症候群性聽力損失 77,Autosomal recessive nonsyndromic hearing loss 77,耳部與聽覺疾病,AR,來源基因層級；疾病層級待核實,一般 AR 待審,未逐疾病審查,GenIE 彙整值待審,232,321,615; 616,502,名称已對接不等於頻率適用；按分流逐疾病審查。,381,613079,未啟用：尚缺適用頻率／assay DR確認,,,STANDARD_AR,HOLD,,PENDING_VALIDATION,MISSING,,
P0381,LPL,238600,家族性脂蛋白脂解酶缺乏症,Familial lipoprotein lipase deficiency,先天性代謝疾病,AR,來源基因層級；疾病層級待核實,一般 AR 待審,未逐疾病審查,GenIE 彙整值待審,551,274,618; 619,503,名称已對接不等於頻率適用；按分流逐疾病審查。,382,238600,未啟用：尚缺適用頻率／assay DR確認,,,STANDARD_AR,HOLD,,PENDING_VALIDATION,MISSING,,
P0382,LRAT,613341,萊伯氏先天性黑曚症第 14 型,Leber congenital amaurosis 14,眼部與視覺疾病,AR,來源基因層級；疾病層級待核實,一般 AR 待審,未逐疾病審查,GenIE 彙整值待審,4982,7480,620,504,名称已對接不等於頻率適用；按分流逐疾病審查。,383,613341,未啟用：尚缺適用頻率／assay DR確認,,,STANDARD_AR,HOLD,,PENDING_VALIDATION,MISSING,,
P0383,LRP2,222448,Donnai-Barrow症候群,Donnai-Barrow syndrome,多症狀疾病,AR,來源基因層級；疾病層級待核實,一般 AR 待審,未逐疾病審查,GenIE 彙整值待審,1012,408,621,505,名称已對接不等於頻率適用；按分流逐疾病審查。,384,222448,未啟用：尚缺適用頻率／assay DR確認,,,STANDARD_AR,HOLD,,PENDING_VALIDATION,MISSING,,
P0384,LRPPRC,220111,細胞色素 c 氧化酶缺乏症,Cytochrome-c oxidase deficiency disease,先天性代謝疾病,AR,來源基因層級；疾病層級待核實,一般 AR 待審,未逐疾病審查,GenIE 彙整值待審,1263,1834,622; 623; 624,506,名称已對接不等於頻率適用；按分流逐疾病審查。,385,220111,未啟用：尚缺適用頻率／assay DR確認,,,STANDARD_AR,HOLD,,PENDING_VALIDATION,MISSING,,
P0385,LYST,214500,Chediak-Higashi 症候群,Chediak-Higashi syndrome,免疫疾病,AR,來源基因層級；疾病層級待核實,一般 AR 待審,未逐疾病審查,GenIE 彙整值待審,1245,1320,626,507,名称已對接不等於頻率適用；按分流逐疾病審查。,386,214500,未啟用：尚缺適用頻率／assay DR確認,,,STANDARD_AR,HOLD,,PENDING_VALIDATION,MISSING,,
P0386,MAK,614181,視網膜色素變性第 62 型,Retinitis pigmentosa 62,眼部與視覺疾病,AR,來源基因層級；疾病層級待核實,一般 AR 待審,未逐疾病審查,GenIE 彙整值待審,1044,405,627,508,名称已對接不等於頻率適用；按分流逐疾病審查。,387,614181,未啟用：尚缺適用頻率／assay DR確認,,,STANDARD_AR,HOLD,,PENDING_VALIDATION,MISSING,,
P0387,MAN2B1,248500,α-甘露糖儲積症,Alpha-mannosidosis,先天性代謝疾病,AR,來源基因層級；疾病層級待核實,一般 AR 待審,未逐疾病審查,GenIE 彙整值待審,516,997,629; 630,509,名称已對接不等於頻率適用；按分流逐疾病審查。,388,248500,未啟用：尚缺適用頻率／assay DR確認,,,STANDARD_AR,HOLD,,PENDING_VALIDATION,MISSING,,
P0388,MANBA,248510,β-甘露糖儲積症,Beta-mannosidosis,先天性代謝疾病,AR,來源基因層級；疾病層級待核實,一般 AR 待審,未逐疾病審查,GenIE 彙整值待審,699,896,631,510,名称已對接不等於頻率適用；按分流逐疾病審查。,389,248510,未啟用：尚缺適用頻率／assay DR確認,,,STANDARD_AR,HOLD,,PENDING_VALIDATION,MISSING,,
P0389,MCCC1,210200,3-甲基巴豆醯輔酶 A 羧化酶 1 缺乏症,3-methylcrotonyl-CoA carboxylase 1 deficiency,先天性代謝疾病,AR,來源基因層級；疾病層級待核實,一般 AR 待審,未逐疾病審查,GenIE 彙整值待審,579,424,633,511,名称已對接不等於頻率適用；按分流逐疾病審查。,390,210200,未啟用：尚缺適用頻率／assay DR確認,,,STANDARD_AR,HOLD,,PENDING_VALIDATION,MISSING,,
P0390,MCCC2,210210,3-甲基巴豆醯輔酶 A 羧化酶 2 缺乏症,3-methylcrotonyl-CoA carboxylase 2 deficiency,先天性代謝疾病,AR,來源基因層級；疾病層級待核實,一般 AR 待審,未逐疾病審查,GenIE 彙整值待審,251,340,634,512,名称已對接不等於頻率適用；按分流逐疾病審查。,391,210210,未啟用：尚缺適用頻率／assay DR確認,,,STANDARD_AR,HOLD,,PENDING_VALIDATION,MISSING,,
P0391,MCEE,251120,甲基丙二酸單醯輔酶A異構酶缺乏症,Methylmalonyl-CoA epimerase deficiency,先天性代謝疾病,AR,來源基因層級；疾病層級待核實,一般 AR 待審,未逐疾病審查,GenIE 彙整值待審,992,3735,635,513,名称已對接不等於頻率適用；按分流逐疾病審查。,392,251120,未啟用：尚缺適用頻率／assay DR確認,,,STANDARD_AR,HOLD,,PENDING_VALIDATION,MISSING,,
P0392,MCOLN1,252650,黏脂質症第4型,Mucolipidosis type IV,先天性代謝疾病,AR,來源基因層級；疾病層級待核實,一般 AR 待審,未逐疾病審查,GenIE 彙整值待審,1174,2493,636; 637,514,名称已對接不等於頻率適用；按分流逐疾病審查。,393,252650,未啟用：尚缺適用頻率／assay DR確認,,,STANDARD_AR,HOLD,,PENDING_VALIDATION,MISSING,,
P0393,MCPH1,251200,體染色體隱性原發性小頭症第 1 型,"Microcephaly 1, primary, autosomal recessive",腦部與神經疾病,AR,來源基因層級；疾病層級待核實,一般 AR 待審,未逐疾病審查,GenIE 彙整值待審,286,278,638,515,名称已對接不等於頻率適用；按分流逐疾病審查。,394,251200,未啟用：尚缺適用頻率／assay DR確認,,,STANDARD_AR,HOLD,,PENDING_VALIDATION,MISSING,,
P0394,MECP2,312750,雷特氏症候群,Rett syndrome,腦部與神經疾病,XL,來源基因層級；疾病層級待核實,XL 待審,未逐疾病審查,補值來源待審,50000,,639,516; 517,名称已對接不等於頻率適用；按分流逐疾病審查。,395,312750,未啟用：尚缺適用頻率／assay DR確認,,,STANDARD_XL,HOLD,,PENDING_VALIDATION,MISSING,,
P0395,MECR,617282,肌張力不全症合併視神經萎縮及基底核異常,"Dystonia, childhood-onset, with optic atrophy and basal ganglia abnormalities",腦部與神經疾病,AR,來源基因層級；疾病層級待核實,一般 AR 待審,未逐疾病審查,GenIE 彙整值待審,1471,5605,640,518,名称已對接不等於頻率適用；按分流逐疾病審查。,396,617282,未啟用：尚缺適用頻率／assay DR確認,,,STANDARD_AR,HOLD,,PENDING_VALIDATION,MISSING,,
P0396,MED17,613668,產後進展性小頭畸形伴隨癲癇及腦萎縮,Postnatal progressive microcephaly withseizures and brain atrophy,腦部與神經疾病,AR,來源基因層級；疾病層級待核實,一般 AR 待審,未逐疾病審查,GenIE 彙整值待審,1958,2785,641; 642,519,名称已對接不等於頻率適用；按分流逐疾病審查。,397,613668,未啟用：尚缺適用頻率／assay DR確認,,,STANDARD_AR,HOLD,,PENDING_VALIDATION,MISSING,,
P0397,MEFV,249100,家族性地中海熱,Familial mediterranean fever,免疫疾病,AR,來源基因層級；疾病層級待核實,一般 AR 待審,未逐疾病審查,GenIE 彙整值待審,245,292,643; 644,520,名称已對接不等於頻率適用；按分流逐疾病審查。,398,249100,未啟用：尚缺適用頻率／assay DR確認,,,STANDARD_AR,HOLD,,PENDING_VALIDATION,MISSING,,
P0398,MESP2,608681,脊椎肋骨發育不全第 2 型,Spondylocostal dysostosis 2,骨骼疾病,AR,來源基因層級；疾病層級待核實,一般 AR 待審,未逐疾病審查,GenIE 彙整值待審,70,100,646,521,名称已對接不等於頻率適用；按分流逐疾病審查。,399,608681,未啟用：尚缺適用頻率／assay DR確認,,,STANDARD_AR,HOLD,,PENDING_VALIDATION,MISSING,,
P0399,MFSD8,610951,神經元蠟樣脂褐質沉著疾病 7 型,Neuronal ceroid lipofuscinosis 7,腦部與神經疾病,AR,來源基因層級；疾病層級待核實,一般 AR 待審,未逐疾病審查,GenIE 彙整值待審,1658,1723,647,522,名称已對接不等於頻率適用；按分流逐疾病審查。,400,610951,未啟用：尚缺適用頻率／assay DR確認,,,STANDARD_AR,HOLD,,PENDING_VALIDATION,MISSING,,
P0400,MID1,300000,Opitz GBBB 症候群,Opitz GBBB syndrome,多症狀疾病,XL,來源基因層級；疾病層級待核實,XL 待審,未逐疾病審查,補值來源待審,50000,,648,523,名称已對接不等於頻率適用；按分流逐疾病審查。,401,300000,未啟用：尚缺適用頻率／assay DR確認,,,STANDARD_XL,HOLD,,PENDING_VALIDATION,MISSING,,
P0401,MKKS,236700,McKusick-Kaufman 症候群,Mckusick-Kaufman syndrome,多症狀疾病,AR,來源基因層級；疾病層級待核實,一般 AR 待審,未逐疾病審查,GenIE 彙整值待審,1153,748,649,524,名称已對接不等於頻率適用；按分流逐疾病審查。,402,236700,未啟用：尚缺適用頻率／assay DR確認,,,STANDARD_AR,HOLD,,PENDING_VALIDATION,MISSING,,
P0402,MKS1,249000,Meckel 症候群第 1 型,"Meckel syndrome, type 1",多症狀疾病,AR,來源基因層級；疾病層級待核實,一般 AR 待審,未逐疾病審查,GenIE 彙整值待審,333,702,650; 651,525,名称已對接不等於頻率適用；按分流逐疾病審查。,403,249000,未啟用：尚缺適用頻率／assay DR確認,,,STANDARD_AR,HOLD,,PENDING_VALIDATION,MISSING,,
P0403,MLC1,604004,巨腦性腦白質病伴有皮層下囊腫第 1 型,Megalencephalic leukoencephalopathy with subcortical cysts 1,腦部與神經疾病,AR,來源基因層級；疾病層級待核實,一般 AR 待審,未逐疾病審查,GenIE 彙整值待審,1340,704,652; 653,526,名称已對接不等於頻率適用；按分流逐疾病審查。,404,604004,未啟用：尚缺適用頻率／assay DR確認,,,STANDARD_AR,HOLD,,PENDING_VALIDATION,MISSING,,
P0404,MLYCD,248360,丙二醯輔酶A脫羧酶缺乏症,Malonyl-CoA decarboxylase deficiency,先天性代謝疾病,AR,來源基因層級；疾病層級待核實,一般 AR 待審,未逐疾病審查,GenIE 彙整值待審,1396,2360,654,527,名称已對接不等於頻率適用；按分流逐疾病審查。,405,248360,未啟用：尚缺適用頻率／assay DR確認,,,STANDARD_AR,HOLD,,PENDING_VALIDATION,MISSING,,
P0405,MMAA,251100,甲基丙二酸尿症 cblA 型,"Methylmalonic aciduria, cblA type",先天性代謝疾病,AR,來源基因層級；疾病層級待核實,一般 AR 待審,未逐疾病審查,GenIE 彙整值待審,664,2041,655,528,名称已對接不等於頻率適用；按分流逐疾病審查。,406,251100,未啟用：尚缺適用頻率／assay DR確認,,,STANDARD_AR,HOLD,,PENDING_VALIDATION,MISSING,,
P0406,MMAB,251110,甲基丙二酸尿症 cblB 型,"Methylmalonic aciduria, cblB type",先天性代謝疾病,AR,來源基因層級；疾病層級待核實,一般 AR 待審,未逐疾病審查,GenIE 彙整值待審,569,3472,656,529,名称已對接不等於頻率適用；按分流逐疾病審查。,407,251110,未啟用：尚缺適用頻率／assay DR確認,,,STANDARD_AR,HOLD,,PENDING_VALIDATION,MISSING,,
P0407,MMACHC,277400,甲基丙二酸尿症合併高胱胺酸尿症 cblC 型,Methylmalonic aciduria and homocystinuria type cblC,先天性代謝疾病,AR,來源基因層級；疾病層級待核實,一般 AR 待審,未逐疾病審查,GenIE 彙整值待審,214,268,657,530,名称已對接不等於頻率適用；按分流逐疾病審查。,408,277400,未啟用：尚缺適用頻率／assay DR確認,,,STANDARD_AR,HOLD,,PENDING_VALIDATION,MISSING,,
P0408,MMADHC,277410,甲基丙二酸尿症合併高胱胺酸尿症 cblD 型,Methylmalonic aciduria and homocystinuria type cblD,先天性代謝疾病,AR,來源基因層級；疾病層級待核實,一般 AR 待審,未逐疾病審查,GenIE 彙整值待審,3124,7452,658,531,名称已對接不等於頻率適用；按分流逐疾病審查。,409,277410,未啟用：尚缺適用頻率／assay DR確認,,,STANDARD_AR,HOLD,,PENDING_VALIDATION,MISSING,,
P0409,MMUT,251000,甲基丙二酸尿症-MMUT型,"Methylmalonic aciduria, MMUT-Related",先天性代謝疾病,AR,來源基因層級；疾病層級待核實,一般 AR 待審,未逐疾病審查,GenIE 彙整值待審,282,125,676,,名称已對接不等於頻率適用；按分流逐疾病審查。,410,251000,未啟用：尚缺適用頻率／assay DR確認,,,STANDARD_AR,HOLD,,PENDING_VALIDATION,MISSING,,
P0410,MOCS1,252150,鉬輔脢缺乏症 A 型,Molybdenum cofactor deficiency A,先天性代謝疾病,AR,來源基因層級；疾病層級待核實,一般 AR 待審,未逐疾病審查,GenIE 彙整值待審,1227,3204,659,532,名称已對接不等於頻率適用；按分流逐疾病審查。,411,252150,未啟用：尚缺適用頻率／assay DR確認,,,STANDARD_AR,HOLD,,PENDING_VALIDATION,MISSING,,
P0411,MOCS2,252160,鉬輔脢缺乏症 B1 型,Molybdenum cofactor deficiency B1,先天性代謝疾病,AR,來源基因層級；疾病層級待核實,一般 AR 待審,未逐疾病審查,GenIE 彙整值待審,1707,1811,660,533,名称已對接不等於頻率適用；按分流逐疾病審查。,412,252160,未啟用：尚缺適用頻率／assay DR確認,,,STANDARD_AR,HOLD,,PENDING_VALIDATION,MISSING,,
P0412,MPI,602579,先天性醣基化障礙第 1b 型,"Congenital disorder of glycosylation, type Ib",先天性代謝疾病,AR,來源基因層級；疾病層級待核實,一般 AR 待審,未逐疾病審查,GenIE 彙整值待審,865,1871,661,534,名称已對接不等於頻率適用；按分流逐疾病審查。,413,602579,未啟用：尚缺適用頻率／assay DR確認,,,STANDARD_AR,HOLD,,PENDING_VALIDATION,MISSING,,
P0413,MPL,604498,先天性巨核細胞缺乏血小板低下症,Congenital amegakaryocytic thrombocytopenia,血液疾病,AR,來源基因層級；疾病層級待核實,一般 AR 待審,未逐疾病審查,GenIE 彙整值待審,343,832,662; 663,535,名称已對接不等於頻率適用；按分流逐疾病審查。,414,604498,未啟用：尚缺適用頻率／assay DR確認,,,STANDARD_AR,HOLD,,PENDING_VALIDATION,MISSING,,
P0414,MPV17,256810,粒線體DNA耗竭症候群第 6 型(肝腦病變型),Mitochondrial dna depletion syndrome 6 (hepatocerebral type),先天性代謝疾病,AR,來源基因層級；疾病層級待核實,一般 AR 待審,未逐疾病審查,GenIE 彙整值待審,1292,1182,664; 665,536,名称已對接不等於頻率適用；按分流逐疾病審查。,415,256810,未啟用：尚缺適用頻率／assay DR確認,,,STANDARD_AR,HOLD,,PENDING_VALIDATION,MISSING,,
P0415,MRE11,604391,共濟失調性類微血管擴張症候群第 1 型,Ataxia-telangiectasia-like disorder 1,腦部與神經疾病,AR,來源基因層級；疾病層級待核實,一般 AR 待審,未逐疾病審查,GenIE 彙整值待審,978,1119,666,537,名称已對接不等於頻率適用；按分流逐疾病審查。,416,604391,未啟用：尚缺適用頻率／assay DR確認,,,STANDARD_AR,HOLD,,PENDING_VALIDATION,MISSING,,
P0416,MTHFR,236250,高胱胺酸尿症-MTHFR 缺乏,Homocystinuria due to MTHFR deficiency,先天性代謝疾病,AR,來源基因層級；疾病層級待核實,一般 AR 待審,未逐疾病審查,GenIE 彙整值待審,715,1122,668,538,名称已對接不等於頻率適用；按分流逐疾病審查。,417,236250,未啟用：尚缺適用頻率／assay DR確認,,,STANDARD_AR,HOLD,,PENDING_VALIDATION,MISSING,,
P0417,MTM1,310400,X 性聯遺傳肌小管病變,X-linked myotubular myopathy,肌肉疾病,XL,來源基因層級；疾病層級待核實,XL 待審,未逐疾病審查,補值來源待審,25000,,669,539,名称已對接不等於頻率適用；按分流逐疾病審查。,418,310400,未啟用：尚缺適用頻率／assay DR確認,,,STANDARD_XL,HOLD,,PENDING_VALIDATION,MISSING,,
P0418,MTMR2,601382,Charcot-Marie-Tooth 氏症第 4B1 型,Charcot-Marie-Tooth disease type 4B1,腦部與神經疾病,AR,來源基因層級；疾病層級待核實,一般 AR 待審,未逐疾病審查,GenIE 彙整值待審,2100,1495,670,540,名称已對接不等於頻率適用；按分流逐疾病審查。,419,601382,未啟用：尚缺適用頻率／assay DR確認,,,STANDARD_AR,HOLD,,PENDING_VALIDATION,MISSING,,
P0419,MTR,250940,高胱胺酸尿症 cblG 型,"Homocystinuria-megaloblastic anemia, cblG complementation type",先天性代謝疾病,AR,來源基因層級；疾病層級待核實,一般 AR 待審,未逐疾病審查,GenIE 彙整值待審,726,1317,671,541,名称已對接不等於頻率適用；按分流逐疾病審查。,420,250940,未啟用：尚缺適用頻率／assay DR確認,,,STANDARD_AR,HOLD,,PENDING_VALIDATION,MISSING,,
P0420,MT-RNR1,580000,氨基糖苷類藥物性耳聾,"Deafness, aminoglycoside-induced",耳部與聽覺疾病,Mi,來源基因層級；疾病層級待核實,特殊模型待審,第一批初審,補值來源待審,500,,,,1/500 原始來源／位點範圍未提供；不計固定下一胎聽損率。,421,580000,未啟用：尚缺適用頻率／assay DR確認,,,SPECIAL_NGS_CHALLENGE,DEAD_PAGE,FIXED_NO_CALC,DISPLAY_ONLY,NOT_APPLICABLE,,經驗證的 mtDNA variant assay／mitochondrial sequencing；依變異、heteroplasmy 與藥物暴露解讀
P0421,MTRR,236270,高胱胺酸尿症 cblE 型,"Homocystinuria-megaloblastic anemia, cblE type",先天性代謝疾病,AR,來源基因層級；疾病層級待核實,一般 AR 待審,未逐疾病審查,GenIE 彙整值待審,802,1871,672,542,名称已對接不等於頻率適用；按分流逐疾病審查。,422,236270,未啟用：尚缺適用頻率／assay DR確認,,,STANDARD_AR,HOLD,,PENDING_VALIDATION,MISSING,,
P0422,MTTP,200100,無β脂蛋白血症,Abetalipoproteinemia,先天性代謝疾病,AR,來源基因層級；疾病層級待核實,一般 AR 待審,未逐疾病審查,GenIE 彙整值待審,1217,3739,673; 674,543,名称已對接不等於頻率適用；按分流逐疾病審查。,423,200100,未啟用：尚缺適用頻率／assay DR確認,,,STANDARD_AR,HOLD,,PENDING_VALIDATION,MISSING,,
P0423,MUSK,616325,先天性肌無力症候群第 9 型,Congenital myasthenic syndrome 9,肌肉疾病,AR,來源基因層級；疾病層級待核實,一般 AR 待審,未逐疾病審查,GenIE 彙整值待審,2284,1597,675,544,名称已對接不等於頻率適用；按分流逐疾病審查。,424,616325,未啟用：尚缺適用頻率／assay DR確認,,,STANDARD_AR,HOLD,,PENDING_VALIDATION,MISSING,,
P0424,MVK,610377,甲羥戊酸尿症,Mevalonic aciduria; Hyper-IgD syndrome,先天性代謝疾病,AR,來源基因層級；疾病層級待核實,多疾病／多機制待審,未逐疾病審查,GenIE 彙整值待審,174,1181,677,545,名称已對接不等於頻率適用；按分流逐疾病審查。,425,610377,未啟用：尚缺適用頻率／assay DR確認,,,STANDARD_AR,HOLD,,PENDING_VALIDATION,MISSING,,
P0425,MVK,260920,高免疫球蛋白D症候群,Mevalonic aciduria; Hyper-IgD syndrome,免疫疾病,AR,來源基因層級；疾病層級待核實,多疾病／多機制待審,未逐疾病審查,GenIE 彙整值待審,174,1181,677,545,名称已對接不等於頻率適用；按分流逐疾病審查。,426,260920,未啟用：尚缺適用頻率／assay DR確認,,,STANDARD_AR,HOLD,,PENDING_VALIDATION,MISSING,,
P0426,MYO15A,600316,體染色體隱性非症候群性聽力損失 3,Autosomal recessive nonsyndromic hearing loss 3,耳部與聽覺疾病,AR,來源基因層級；疾病層級待核實,一般 AR 待審,未逐疾病審查,GenIE 彙整值待審,152,84,678; 679; 680,546; 547; 548; 549,名称已對接不等於頻率適用；按分流逐疾病審查。,427,600316,未啟用：尚缺適用頻率／assay DR確認,,,STANDARD_AR,HOLD,,PENDING_VALIDATION,MISSING,,
P0427,MYO7A,276900,Usher 症候群第 1 型,Usher syndrome type 1,耳部與聽覺疾病,AR,來源基因層級；疾病層級待核實,一般 AR 待審,未逐疾病審查,GenIE 彙整值待審,191,333,681; 682,550; 551; 552; 553; 554; 555,名称已對接不等於頻率適用；按分流逐疾病審查。,428,276900,未啟用：尚缺適用頻率／assay DR確認,,,STANDARD_AR,HOLD,,PENDING_VALIDATION,MISSING,,
P0428,NAGA,609241,α-N-乙醯半乳糖胺酶缺乏症,Alpha-N-acetylgalactosaminidase deficiency,先天性代謝疾病,AR,來源基因層級；疾病層級待核實,一般 AR 待審,未逐疾病審查,GenIE 彙整值待審,2057,1402,683,556,名称已對接不等於頻率適用；按分流逐疾病審查。,429,609241,未啟用：尚缺適用頻率／assay DR確認,,,STANDARD_AR,HOLD,,PENDING_VALIDATION,MISSING,,
P0429,NAGLU,252920,黏多醣症第 3B 型,Mucopolysaccharidosis type 3B,先天性代謝疾病,AR,來源基因層級；疾病層級待核實,一般 AR 待審,未逐疾病審查,GenIE 彙整值待審,445,701,684; 685; 686,557,名称已對接不等於頻率適用；按分流逐疾病審查。,430,252920,未啟用：尚缺適用頻率／assay DR確認,,,STANDARD_AR,HOLD,,PENDING_VALIDATION,MISSING,,
P0430,NAGS,237310,N-乙醯穀胺酸合成酶缺乏症,N-acetylglutamate synthase deficiency,先天性代謝疾病,AR,來源基因層級；疾病層級待核實,一般 AR 待審,未逐疾病審查,GenIE 彙整值待審,2971,10991,687,558,名称已對接不等於頻率適用；按分流逐疾病審查。,431,237310,未啟用：尚缺適用頻率／assay DR確認,,,STANDARD_AR,HOLD,,PENDING_VALIDATION,MISSING,,
P0431,NBN,251260,Nijmegen斷裂症候群,Nijmegen breakage syndrome,免疫疾病,AR,來源基因層級；疾病層級待核實,一般 AR 待審,未逐疾病審查,GenIE 彙整值待審,593,1067,690,559,名称已對接不等於頻率適用；按分流逐疾病審查。,432,251260,未啟用：尚缺適用頻率／assay DR確認,,,STANDARD_AR,HOLD,,PENDING_VALIDATION,MISSING,,
P0432,NCF2,233710,慢性肉芽腫病第 2 型,Chronic granulomatous disease 2,免疫疾病,AR,來源基因層級；疾病層級待核實,一般 AR 待審,未逐疾病審查,GenIE 彙整值待審,2205,535,691,560,名称已對接不等於頻率適用；按分流逐疾病審查。,433,233710,未啟用：尚缺適用頻率／assay DR確認,,,STANDARD_AR,HOLD,,PENDING_VALIDATION,MISSING,,
P0433,NDP,310600,Norrie 氏病,Norrie disease,眼部與視覺疾病,XL,來源基因層級；疾病層級待核實,XL 待審,未逐疾病審查,補值來源待審,50000,,693,561,名称已對接不等於頻率適用；按分流逐疾病審查。,434,310600,未啟用：尚缺適用頻率／assay DR確認,,,STANDARD_XL,HOLD,,PENDING_VALIDATION,MISSING,,
P0434,NDRG1,601455,Charcot-Marie-Tooth 氏症第 4D 型,Charcot-Marie-Tooth disease type 4D,腦部與神經疾病,AR,來源基因層級；疾病層級待核實,一般 AR 待審,未逐疾病審查,GenIE 彙整值待審,3752,11218,694,562,名称已對接不等於頻率適用；按分流逐疾病審查。,435,601455,未啟用：尚缺適用頻率／assay DR確認,,,STANDARD_AR,HOLD,,PENDING_VALIDATION,MISSING,,
P0435,NDUFAF2,618233,粒線體複合體 1 缺乏症，核型 10,"Mitochondrial complex I deficiency, nuclear type 10",先天性代謝疾病,AR,來源基因層級；疾病層級待核實,一般 AR 待審,未逐疾病審查,GenIE 彙整值待審,2438,2485,696,563,名称已對接不等於頻率適用；按分流逐疾病審查。,436,618233,未啟用：尚缺適用頻率／assay DR確認,,,STANDARD_AR,HOLD,,PENDING_VALIDATION,MISSING,,
P0436,NDUFAF5,618238,粒線體複合體 1 缺乏症，核型 16,"Mitochondrial complex 1 deficiency, nuclear type 16",先天性代謝疾病,AR,來源基因層級；疾病層級待核實,一般 AR 待審,未逐疾病審查,GenIE 彙整值待審,528,702,697; 698,564,名称已對接不等於頻率適用；按分流逐疾病審查。,437,618238,未啟用：尚缺適用頻率／assay DR確認,,,STANDARD_AR,HOLD,,PENDING_VALIDATION,MISSING,,
P0437,NDUFS4,252010,粒線體複合體 1 缺乏症，核型 1,"Mitochondrial complex I deficiency, nuclear type 1",先天性代謝疾病,AR,來源基因層級；疾病層級待核實,一般 AR 待審,未逐疾病審查,GenIE 彙整值待審,2667,7466,699; 700,565,名称已對接不等於頻率適用；按分流逐疾病審查。,438,252010,未啟用：尚缺適用頻率／assay DR確認,,,STANDARD_AR,HOLD,,PENDING_VALIDATION,MISSING,,
P0438,NDUFS6,618232,粒線體複合體 1 缺乏症，核型 9,"Mitochondrial complex I deficiency, nuclear type 9",先天性代謝疾病,AR,來源基因層級；疾病層級待核實,一般 AR 待審,未逐疾病審查,GenIE 彙整值待審,10194,2493,701; 702,566,名称已對接不等於頻率適用；按分流逐疾病審查。,439,618232,未啟用：尚缺適用頻率／assay DR確認,,,STANDARD_AR,HOLD,,PENDING_VALIDATION,MISSING,,
P0439,NDUFS7,618224,粒線體複合體 1 缺乏症，核型 3,"Mitochondrial complex I deficiency, nuclear type 3",先天性代謝疾病,AR,來源基因層級；疾病層級待核實,一般 AR 待審,未逐疾病審查,GenIE 彙整值待審,7047,5528,703,567,名称已對接不等於頻率適用；按分流逐疾病審查。,440,618224,未啟用：尚缺適用頻率／assay DR確認,,,STANDARD_AR,HOLD,,PENDING_VALIDATION,MISSING,,
P0440,NDUFV1,618225,粒線體複合體 1 缺乏症，核型 4,"Mitochondrial complex 1 deficiency, nuclear type 4",先天性代謝疾病,AR,來源基因層級；疾病層級待核實,一般 AR 待審,未逐疾病審查,GenIE 彙整值待審,964,1181,704,568,名称已對接不等於頻率適用；按分流逐疾病審查。,441,618225,未啟用：尚缺適用頻率／assay DR確認,,,STANDARD_AR,HOLD,,PENDING_VALIDATION,MISSING,,
P0441,NEB,256030,線狀體肌肉病變第 2 型,Nemaline myopathy 2,肌肉疾病,AR,來源基因層級；疾病層級待核實,一般 AR 待審,未逐疾病審查,GenIE 彙整值待審,174,94,705; 706; 707; 708,569; 570; 571; 572; 573,名称已對接不等於頻率適用；按分流逐疾病審查。,442,256030,未啟用：尚缺適用頻率／assay DR確認,,,STANDARD_AR,HOLD,,PENDING_VALIDATION,MISSING,,
P0442,NEU1,256550,涎酸酵素缺乏症,Sialidosis,先天性代謝疾病,AR,來源基因層級；疾病層級待核實,一般 AR 待審,未逐疾病審查,GenIE 彙整值待審,1175,535,709,574,名称已對接不等於頻率適用；按分流逐疾病審查。,443,256550,未啟用：尚缺適用頻率／assay DR確認,,,STANDARD_AR,HOLD,,PENDING_VALIDATION,MISSING,,
P0443,NGLY1,615273,先天性去醣基化異常症第 1 型,Congenital disorder of deglycosylation 1,先天性代謝疾病,AR,來源基因層級；疾病層級待核實,一般 AR 待審,未逐疾病審查,GenIE 彙整值待審,691,683,710,575,名称已對接不等於頻率適用；按分流逐疾病審查。,444,615273,未啟用：尚缺適用頻率／assay DR確認,,,STANDARD_AR,HOLD,,PENDING_VALIDATION,MISSING,,
P0444,NHLRC1,620681,Lafora進行性肌陣攣癲癇,Myoclonic epilepsy of Lafora 2,腦部與神經疾病,AR,來源基因層級；疾病層級待核實,一般 AR 待審,未逐疾病審查,GenIE 彙整值待審,1735,1726,,,名称已對接不等於頻率適用；按分流逐疾病審查。,445,620681,未啟用：尚缺適用頻率／assay DR確認,,,STANDARD_AR,HOLD,,PENDING_VALIDATION,MISSING,,
P0445,NMNAT1,608553,Leber先天性黑矇第9型,Leber congenital amaurosis 9,眼部與視覺疾病,AR,來源基因層級；疾病層級待核實,一般 AR 待審,未逐疾病審查,GenIE 彙整值待審,365,702,,,名称已對接不等於頻率適用；按分流逐疾病審查。,446,608553,未啟用：尚缺適用頻率／assay DR確認,,,STANDARD_AR,HOLD,,PENDING_VALIDATION,MISSING,,
P0446,NPC1,257220,尼曼匹克症 C1 型,"Niemann-pick disease, type C1",先天性代謝疾病,AR,來源基因層級；疾病層級待核實,一般 AR 待審,未逐疾病審查,GenIE 彙整值待審,231,374,714,576,名称已對接不等於頻率適用；按分流逐疾病審查。,447,257220,未啟用：尚缺適用頻率／assay DR確認,,,STANDARD_AR,HOLD,,PENDING_VALIDATION,MISSING,,
P0447,NPC2,607625,尼曼匹克症 C2 型,"Niemann-pick disease, type C2",先天性代謝疾病,AR,來源基因層級；疾病層級待核實,一般 AR 待審,未逐疾病審查,GenIE 彙整值待審,77,7480,715,577,名称已對接不等於頻率適用；按分流逐疾病審查。,448,607625,未啟用：尚缺適用頻率／assay DR確認,,,STANDARD_AR,HOLD,,PENDING_VALIDATION,MISSING,,
P0448,NPHP1,609583,Joubert 症候群第 4 型,Joubert syndrome 4,腦部與神經疾病,AR,來源基因層級；疾病層級待核實,多疾病／多機制待審,未逐疾病審查,GenIE 彙整值待審,1020,1019,716; 717,578,名称已對接不等於頻率適用；按分流逐疾病審查。,449,609583,未啟用：尚缺適用頻率／assay DR確認,,,STANDARD_AR,HOLD,,PENDING_VALIDATION,MISSING,,
P0449,NPHP1,256100,腎消耗病第1型,Nephronophthisis 1,腎臟泌尿疾病,AR,來源基因層級；疾病層級待核實,多疾病／多機制待審,未逐疾病審查,GenIE 彙整值待審,1020,1019,716; 717,578,名称已對接不等於頻率適用；按分流逐疾病審查。,450,256100,未啟用：尚缺適用頻率／assay DR確認,,,STANDARD_AR,HOLD,,PENDING_VALIDATION,MISSING,,
P0450,NPHP3,604387,腎消耗病第3型,Nephronophthisis 3,腎臟泌尿疾病,AR,來源基因層級；疾病層級待核實,多疾病／多機制待審,未逐疾病審查,GenIE 彙整值待審,414,431,718,579,名称已對接不等於頻率適用；按分流逐疾病審查。,451,604387,未啟用：尚缺適用頻率／assay DR確認,,,STANDARD_AR,HOLD,,PENDING_VALIDATION,MISSING,,
P0451,NPHP3,267010,Meckel症候群第7型,Meckel syndrome 7,多症狀疾病,AR,來源基因層級；疾病層級待核實,多疾病／多機制待審,未逐疾病審查,GenIE 彙整值待審,414,431,718,579,名称已對接不等於頻率適用；按分流逐疾病審查。,452,267010,未啟用：尚缺適用頻率／assay DR確認,,,STANDARD_AR,HOLD,,PENDING_VALIDATION,MISSING,,
P0452,NPHP4,606966,腎消耗病第4型,Nephronophthisis 4,腎臟泌尿疾病,AR,來源基因層級；疾病層級待核實,多疾病／多機制待審,未逐疾病審查,GenIE 彙整值待審,487,569,,580,名称已對接不等於頻率適用；按分流逐疾病審查。,453,606966,未啟用：尚缺適用頻率／assay DR確認,,,STANDARD_AR,HOLD,,PENDING_VALIDATION,MISSING,,
P0453,NPHP4,606996,Senior-Løken症候群第4型,Senior-Loken syndrome 4,腎臟泌尿疾病,AR,來源基因層級；疾病層級待核實,多疾病／多機制待審,未逐疾病審查,GenIE 彙整值待審,487,569,,580,名称已對接不等於頻率適用；按分流逐疾病審查。,454,606996,未啟用：尚缺適用頻率／assay DR確認,,,STANDARD_AR,HOLD,,PENDING_VALIDATION,MISSING,,
P0454,NPHS1,256300,先天性腎病症候群第 1 型,"Nephrotic syndrome, type 1",腎臟泌尿疾病,AR,來源基因層級；疾病層級待核實,一般 AR 待審,未逐疾病審查,GenIE 彙整值待審,215,330,719; 720,581,名称已對接不等於頻率適用；按分流逐疾病審查。,455,256300,未啟用：尚缺適用頻率／assay DR確認,,,STANDARD_AR,HOLD,,PENDING_VALIDATION,MISSING,,
P0455,NPHS2,600995,腎病症候群第 2 型,"Nephrotic syndrome, type 2",腎臟泌尿疾病,AR,來源基因層級；疾病層級待核實,一般 AR 待審,未逐疾病審查,GenIE 彙整值待審,341,743,721; 722,582,名称已對接不等於頻率適用；按分流逐疾病審查。,456,600995,未啟用：尚缺適用頻率／assay DR確認,,,STANDARD_AR,HOLD,,PENDING_VALIDATION,MISSING,,
P0456,NR0B1,300200,X 性聯遺傳先天性腎上腺發育不良,X-linked congenital adrenal hypoplasia,內分泌疾病,XL,來源基因層級；疾病層級待核實,XL 待審,未逐疾病審查,補值來源待審,6250,,723,583,名称已對接不等於頻率適用；按分流逐疾病審查。,457,300200,未啟用：尚缺適用頻率／assay DR確認,,,STANDARD_XL,HOLD,,PENDING_VALIDATION,MISSING,,
P0457,NR1H4,617049,進行性家族性肝內膽汁滯留症第5型,"Cholestasis, progressive familial intrahepatic, 5",消化疾病,AR,來源基因層級；疾病層級待核實,一般 AR 待審,未逐疾病審查,GenIE 彙整值待審,5680,3701,,,名称已對接不等於頻率適用；按分流逐疾病審查。,458,617049,未啟用：尚缺適用頻率／assay DR確認,,,STANDARD_AR,HOLD,,PENDING_VALIDATION,MISSING,,
P0458,NR2E3,268100,增強型S-圓錐症候群,Enhanced S-cone syndrome,眼部與視覺疾病,AR,來源基因層級；疾病層級待核實,一般 AR 待審,未逐疾病審查,GenIE 彙整值待審,281,1070,724,584,名称已對接不等於頻率適用；按分流逐疾病審查。,459,268100,未啟用：尚缺適用頻率／assay DR確認,,,STANDARD_AR,HOLD,,PENDING_VALIDATION,MISSING,,
P0459,NSMCE3,617241,肺部疾病、免疫缺乏和染色體斷裂症候群,"Lung disease, immunodeficiency, and chromosome breakage syndrome",免疫疾病,AR,來源基因層級；疾病層級待核實,一般 AR 待審,未逐疾病審查,GenIE 彙整值待審,5045,,725,585,名称已對接不等於頻率適用；按分流逐疾病審查。,460,617241,未啟用：尚缺適用頻率／assay DR確認,,,STANDARD_AR,HOLD,,PENDING_VALIDATION,MISSING,,
P0460,NTRK1,256800,遺傳性感覺及自律神經病變第 4 型,Hereditary sensory and autonomic neuropathy type 4,肌肉疾病,AR,來源基因層級；疾病層級待核實,一般 AR 待審,未逐疾病審查,GenIE 彙整值待審,1529,287,726,586,名称已對接不等於頻率適用；按分流逐疾病審查。,461,256800,未啟用：尚缺適用頻率／assay DR確認,,,STANDARD_AR,HOLD,,PENDING_VALIDATION,MISSING,,
P0461,OAT,258870,鳥胺酸酮酸轉胺酶缺乏症,Ornithine aminotransferase deficiency,先天性代謝疾病,AR,來源基因層級；疾病層級待核實,一般 AR 待審,未逐疾病審查,GenIE 彙整值待審,688,1726,727,587,名称已對接不等於頻率適用；按分流逐疾病審查。,462,258870,未啟用：尚缺適用頻率／assay DR確認,,,STANDARD_AR,HOLD,,PENDING_VALIDATION,MISSING,,
P0462,OCA2,203200,眼睛皮膚白化症第 2 型,Oculocutaneous albinism type 2,皮膚與毛髮疾病,AR,來源基因層級；疾病層級待核實,一般 AR 待審,未逐疾病審查,GenIE 彙整值待審,62,394,729,588,名称已對接不等於頻率適用；按分流逐疾病審查。,463,203200,未啟用：尚缺適用頻率／assay DR確認,,,STANDARD_AR,HOLD,,PENDING_VALIDATION,MISSING,,
P0463,OCRL,300555,Dent氏病第 2 型,Dent disease 2,腎臟泌尿疾病,XL,來源基因層級；疾病層級待核實,多疾病／多機制待審,未逐疾病審查,補值來源待審,250000,,730,589,名称已對接不等於頻率適用；按分流逐疾病審查。,464,300555,未啟用：尚缺適用頻率／assay DR確認,,,STANDARD_XL,HOLD,,PENDING_VALIDATION,MISSING,,
P0464,OCRL,309000,Lowe氏症候群,Lowe syndrome,多症狀疾病,XL,來源基因層級；疾病層級待核實,多疾病／多機制待審,未逐疾病審查,補值來源待審,250000,,730,589,名称已對接不等於頻率適用；按分流逐疾病審查。,465,309000,未啟用：尚缺適用頻率／assay DR確認,,,STANDARD_XL,HOLD,,PENDING_VALIDATION,MISSING,,
P0465,ODAD3,616037,原發性纖毛運動障礙 30 型,Primary ciliary dyskinesia 30,呼吸疾病,AR,來源基因層級；疾病層級待核實,一般 AR 待審,未逐疾病審查,GenIE 彙整值待審,2132,3206,173,,名称已對接不等於頻率適用；按分流逐疾病審查。,466,616037,未啟用：尚缺適用頻率／assay DR確認,,,STANDARD_AR,HOLD,,PENDING_VALIDATION,MISSING,,
P0466,OPA3,258501,3-甲基戊烯二酸尿症第 3 型,3-methylglutaconic aciduria type 3,先天性代謝疾病,AR,來源基因層級；疾病層級待核實,一般 AR 待審,未逐疾病審查,GenIE 彙整值待審,22997,,731; 732,590,名称已對接不等於頻率適用；按分流逐疾病審查。,467,258501,未啟用：尚缺適用頻率／assay DR確認,,,STANDARD_AR,HOLD,,PENDING_VALIDATION,MISSING,,
P0467,OPHN1,300486,X 性聯遺傳智能障礙-小腦發育不全症候群,X-linked intellectual disability-cerebellar hypoplasia syndrome,腦部與神經疾病,XL,來源基因層級；疾病層級待核實,XL 待審,未逐疾病審查,補值來源待審,50000,,733,591,名称已對接不等於頻率適用；按分流逐疾病審查。,468,300486,未啟用：尚缺適用頻率／assay DR確認,,,STANDARD_XL,HOLD,,PENDING_VALIDATION,MISSING,,
P0468,OSTM1,259720,體染色體隱性骨質石化症第 5 型,Autosomal recessive osteopetrosis 5,骨骼疾病,AR,來源基因層級；疾病層級待核實,一般 AR 待審,未逐疾病審查,GenIE 彙整值待審,5777,11145,734,592,名称已對接不等於頻率適用；按分流逐疾病審查。,469,259720,未啟用：尚缺適用頻率／assay DR確認,,,STANDARD_AR,HOLD,,PENDING_VALIDATION,MISSING,,
P0469,OTC,311250,鳥胺酸氨甲醯基轉移酶缺乏症,Ornithine carbamoyltransferase deficiency,先天性代謝疾病,XL,來源基因層級；疾病層級待核實,XL 待審,未逐疾病審查,補值來源待審,7000,,735,593,名称已對接不等於頻率適用；按分流逐疾病審查。,470,311250,未啟用：尚缺適用頻率／assay DR確認,,,STANDARD_XL,HOLD,,PENDING_VALIDATION,MISSING,,
P0470,OTOA,607039,體染色體隱性非症候群性聽力損失 22,Autosomal recessive nonsyndromic hearing loss 22,耳部與聽覺疾病,AR,來源基因層級；疾病層級待核實,一般 AR 待審,未逐疾病審查,GenIE 彙整值待審,122,5,736,594,名称已對接不等於頻率適用；按分流逐疾病審查。,471,607039,未啟用：尚缺適用頻率／assay DR確認,,,STANDARD_AR,HOLD,,PENDING_VALIDATION,MISSING,,
P0471,OTOF,601071,體染色體隱性聽力損失,"Hearing loss, autosomal recessive",耳部與聽覺疾病,AR,來源基因層級；疾病層級待核實,一般 AR 待審,未逐疾病審查,GenIE 彙整值待審,255,42,737; 738,595; 596; 597; 598; 599,名称已對接不等於頻率適用；按分流逐疾病審查。,472,601071,未啟用：尚缺適用頻率／assay DR確認,,,STANDARD_AR,HOLD,,PENDING_VALIDATION,MISSING,,
P0472,P3H1,610915,成骨不全症第 8 型,Osteogenesis imperfecta type 8,骨骼疾病,AR,來源基因層級；疾病層級待核實,一般 AR 待審,未逐疾病審查,GenIE 彙整值待審,1157,766,739; 740; 741,600,名称已對接不等於頻率適用；按分流逐疾病審查。,473,610915,未啟用：尚缺適用頻率／assay DR確認,,,STANDARD_AR,HOLD,,PENDING_VALIDATION,MISSING,,
P0473,PAH,261600,苯酮尿症,Phenylketonuria,先天性代謝疾病,AR,來源基因層級；疾病層級待核實,一般 AR 待審,未逐疾病審查,GenIE 彙整值待審,44,82,742; 743; 744; 745,601; 602; 603; 604; 605; 606,名称已對接不等於頻率適用；按分流逐疾病審查。,474,261600,未啟用：尚缺適用頻率／assay DR確認,,,STANDARD_AR,HOLD,,PENDING_VALIDATION,MISSING,,
P0474,PAK3,300558,X 性聯遺傳智能障礙第 30 型,"Intellectual disability, x-linked 30",腦部與神經疾病,XL,來源基因層級；疾病層級待核實,XL 待審,未逐疾病審查,補值來源待審,50000,,746,607,名称已對接不等於頻率適用；按分流逐疾病審查。,475,300558,未啟用：尚缺適用頻率／assay DR確認,,,STANDARD_XL,HOLD,,PENDING_VALIDATION,MISSING,,
P0475,PANK2,234200,泛酸鹽激活酵素關聯之神經退化性疾病,Pantothenate kinase-associated neurodegeneration,腦部與神經疾病,AR,來源基因層級；疾病層級待核實,一般 AR 待審,未逐疾病審查,GenIE 彙整值待審,695,780,747,608,名称已對接不等於頻率適用；按分流逐疾病審查。,476,234200,未啟用：尚缺適用頻率／assay DR確認,,,STANDARD_AR,HOLD,,PENDING_VALIDATION,MISSING,,
P0476,PC,266150,丙酮酸羧化酶缺乏症,Pyruvate carboxylase deficiency disease,先天性代謝疾病,AR,來源基因層級；疾病層級待核實,一般 AR 待審,未逐疾病審查,GenIE 彙整值待審,3036,3200,748,609,名称已對接不等於頻率適用；按分流逐疾病審查。,477,266150,未啟用：尚缺適用頻率／assay DR確認,,,STANDARD_AR,HOLD,,PENDING_VALIDATION,MISSING,,
P0477,PCBD1,264070,BH4 缺乏型高苯丙胺酸血症 D 型,BH4-deficient hyperphenylalaninemia D,先天性代謝疾病,AR,來源基因層級；疾病層級待核實,一般 AR 待審,未逐疾病審查,GenIE 彙整值待審,1357,5610,749,610,名称已對接不等於頻率適用；按分流逐疾病審查。,478,264070,未啟用：尚缺適用頻率／assay DR確認,,,STANDARD_AR,HOLD,,PENDING_VALIDATION,MISSING,,
P0478,PCCA,606054,丙酸血症,Propionic acidemia,先天性代謝疾病,AR,來源基因層級；疾病層級待核實,一般 AR 待審,未逐疾病審查,GenIE 彙整值待審,798,506,750; 751,611,名称已對接不等於頻率適用；按分流逐疾病審查。,479,606054,未啟用：尚缺適用頻率／assay DR確認,,,STANDARD_AR,HOLD,,PENDING_VALIDATION,MISSING,,
P0479,PCCB,606054,丙酸血症,Propionic acidemia,先天性代謝疾病,AR,來源基因層級；疾病層級待核實,一般 AR 待審,未逐疾病審查,GenIE 彙整值待審,430,122,752; 753,612,名称已對接不等於頻率適用；按分流逐疾病審查。,480,606054,未啟用：尚缺適用頻率／assay DR確認,,,STANDARD_AR,HOLD,,PENDING_VALIDATION,MISSING,,
P0480,PCDH15,602083,Usher 症候群第 1F 型,Usher syndrome type 1F,耳部與聽覺疾病,AR,來源基因層級；疾病層級待核實,一般 AR 待審,未逐疾病審查,GenIE 彙整值待審,334,108,754; 755,613,名称已對接不等於頻率適用；按分流逐疾病審查。,481,602083,未啟用：尚缺適用頻率／assay DR確認,,,STANDARD_AR,HOLD,,PENDING_VALIDATION,MISSING,,
P0481,PCNT,210720,原始侏儒症第 II 型,Microcephalic osteodysplastic primordial dwarfism type II,骨骼疾病,AR,來源基因層級；疾病層級待核實,一般 AR 待審,未逐疾病審查,GenIE 彙整值待審,311,431,756,614,名称已對接不等於頻率適用；按分流逐疾病審查。,482,210720,未啟用：尚缺適用頻率／assay DR確認,,,STANDARD_AR,HOLD,,PENDING_VALIDATION,MISSING,,
P0482,PDE6A,613810,視網膜色素變性第 43 型,Retinitis pigmentosa 43,眼部與視覺疾病,AR,來源基因層級；疾病層級待核實,一般 AR 待審,未逐疾病審查,GenIE 彙整值待審,651,534,757,615,名称已對接不等於頻率適用；按分流逐疾病審查。,483,613810,未啟用：尚缺適用頻率／assay DR確認,,,STANDARD_AR,HOLD,,PENDING_VALIDATION,MISSING,,
P0483,PDE6B,613801,視網膜色素變性第 40 型,Retinitis pigmentosa-40,眼部與視覺疾病,AR,來源基因層級；疾病層級待核實,一般 AR 待審,未逐疾病審查,GenIE 彙整值待審,388,295,,,名称已對接不等於頻率適用；按分流逐疾病審查。,484,613801,未啟用：尚缺適用頻率／assay DR確認,,,STANDARD_AR,HOLD,,PENDING_VALIDATION,MISSING,,
P0484,PDE6C,613093,視錐細胞失養症第 4 型,Cone dystrophy 4,眼部與視覺疾病,AR,來源基因層級；疾病層級待核實,一般 AR 待審,未逐疾病審查,GenIE 彙整值待審,1450,895,,,名称已對接不等於頻率適用；按分流逐疾病審查。,485,613093,未啟用：尚缺適用頻率／assay DR確認,,,STANDARD_AR,HOLD,,PENDING_VALIDATION,MISSING,,
P0485,PDHA1,312170,丙酮酸鹽脫氫酶E1-alpha缺乏症,Pyruvate dehydrogenase E1-alpha deficiency,先天性代謝疾病,XL,來源基因層級；疾病層級待核實,XL 待審,未逐疾病審查,補值來源待審,250000,,758,616,名称已對接不等於頻率適用；按分流逐疾病審查。,486,312170,未啟用：尚缺適用頻率／assay DR確認,,,STANDARD_XL,HOLD,,PENDING_VALIDATION,MISSING,,
P0486,PDHB,614111,丙酮酸鹽脫氫酶E1-beta缺乏症,Pyruvate dehydrogenase E1-beta deficiency,先天性代謝疾病,AR,來源基因層級；疾病層級待核實,一般 AR 待審,未逐疾病審查,GenIE 彙整值待審,7801,4474,759,617,名称已對接不等於頻率適用；按分流逐疾病審查。,487,614111,未啟用：尚缺適用頻率／assay DR確認,,,STANDARD_AR,HOLD,,PENDING_VALIDATION,MISSING,,
P0487,PEPD,170100,脯胺酸酶缺乏症,Prolidase deficiency,先天性代謝疾病,AR,來源基因層級；疾病層級待核實,一般 AR 待審,未逐疾病審查,GenIE 彙整值待審,651,2467,762,618,名称已對接不等於頻率適用；按分流逐疾病審查。,488,170100,未啟用：尚缺適用頻率／assay DR確認,,,STANDARD_AR,HOLD,,PENDING_VALIDATION,MISSING,,
P0488,PET100,619055,粒線體複合體 4 缺乏症，核型 12,"Mitochondrial complex 4 deficiency, nuclear type 12",先天性代謝疾病,AR,來源基因層級；疾病層級待核實,一般 AR 待審,未逐疾病審查,GenIE 彙整值待審,5054,,763,619,名称已對接不等於頻率適用；按分流逐疾病審查。,489,619055,未啟用：尚缺適用頻率／assay DR確認,,,STANDARD_AR,HOLD,,PENDING_VALIDATION,MISSING,,
P0489,PEX1,214100,過氧化物生成障礙疾病 1A (Zellweger 型),Peroxisome biogenesis disorder 1A (zellweger),先天性代謝疾病,AR,來源基因層級；疾病層級待核實,一般 AR 待審,未逐疾病審查,GenIE 彙整值待審,235,316,764,620,名称已對接不等於頻率適用；按分流逐疾病審查。,490,214100,未啟用：尚缺適用頻率／assay DR確認,,,STANDARD_AR,HOLD,,PENDING_VALIDATION,MISSING,,
P0490,PEX10,614870,過氧化物生成障礙疾病 6A (Zellweger 型),Peroxisome biogenesis disorder 6A (zellweger),先天性代謝疾病,AR,來源基因層級；疾病層級待核實,一般 AR 待審,未逐疾病審查,GenIE 彙整值待審,1278,829,765; 766,621,名称已對接不等於頻率適用；按分流逐疾病審查。,491,614870,未啟用：尚缺適用頻率／assay DR確認,,,STANDARD_AR,HOLD,,PENDING_VALIDATION,MISSING,,
P0491,PEX12,614859,過氧化物生成障礙疾病 3A (Zellweger 型),Peroxisome biogenesis disorder 3A (zellweger),先天性代謝疾病,AR,來源基因層級；疾病層級待核實,一般 AR 待審,未逐疾病審查,GenIE 彙整值待審,747,2245,768,622,名称已對接不等於頻率適用；按分流逐疾病審查。,492,614859,未啟用：尚缺適用頻率／assay DR確認,,,STANDARD_AR,HOLD,,PENDING_VALIDATION,MISSING,,
P0492,PEX13,614883,過氧化物生成障礙疾病 11A (Zellweger 型),Peroxisome biogenesis disorder 11A (zellweger),先天性代謝疾病,AR,來源基因層級；疾病層級待核實,一般 AR 待審,未逐疾病審查,GenIE 彙整值待審,4581,2245,769,623,名称已對接不等於頻率適用；按分流逐疾病審查。,493,614883,未啟用：尚缺適用頻率／assay DR確認,,,STANDARD_AR,HOLD,,PENDING_VALIDATION,MISSING,,
P0493,PEX16,614877,過氧化物生成障礙疾病 8B,Peroxisome biogenesis disorder 8B,先天性代謝疾病,AR,來源基因層級；疾病層級待核實,一般 AR 待審,未逐疾病審查,GenIE 彙整值待審,4425,2805,771,624,名称已對接不等於頻率適用；按分流逐疾病審查。,494,614877,未啟用：尚缺適用頻率／assay DR確認,,,STANDARD_AR,HOLD,,PENDING_VALIDATION,MISSING,,
P0494,PEX2,614866,過氧化物生成障礙疾病 5A (Zellweger 型),Peroxisome biogenesis disorder 5A (zellweger),先天性代謝疾病,AR,來源基因層級；疾病層級待核實,一般 AR 待審,未逐疾病審查,GenIE 彙整值待審,2108,1870,773; 774,625,名称已對接不等於頻率適用；按分流逐疾病審查。,495,614866,未啟用：尚缺適用頻率／assay DR確認,,,STANDARD_AR,HOLD,,PENDING_VALIDATION,MISSING,,
P0495,PEX26,614873,過氧化物生成障礙疾病 7B,Peroxisome biogenesis disorder 7B,先天性代謝疾病,AR,來源基因層級；疾病層級待核實,一般 AR 待審,未逐疾病審查,GenIE 彙整值待審,1663,2235,775,626,名称已對接不等於頻率適用；按分流逐疾病審查。,496,614873,未啟用：尚缺適用頻率／assay DR確認,,,STANDARD_AR,HOLD,,PENDING_VALIDATION,MISSING,,
P0496,PEX5,214110,過氧化物生成障礙疾病 2A (Zellweger 型),Peroxisome biogenesis disorder 2A (zellweger),先天性代謝疾病,AR,來源基因層級；疾病層級待核實,一般 AR 待審,未逐疾病審查,GenIE 彙整值待審,3257,2494,777,627,名称已對接不等於頻率適用；按分流逐疾病審查。,497,214110,未啟用：尚缺適用頻率／assay DR確認,,,STANDARD_AR,HOLD,,PENDING_VALIDATION,MISSING,,
P0497,PEX6,614862,過氧化物生成障礙疾病 4A (Zellweger 型),Peroxisome biogenesis disorder 4A (zellweger),先天性代謝疾病,AR,來源基因層級；疾病層級待核實,一般 AR 待審,未逐疾病審查,GenIE 彙整值待審,518,1081,778; 779,628,名称已對接不等於頻率適用；按分流逐疾病審查。,498,614862,未啟用：尚缺適用頻率／assay DR確認,,,STANDARD_AR,HOLD,,PENDING_VALIDATION,MISSING,,
P0498,PEX7,215100,肢近端型點狀軟骨發育不良第 1 型,Rhizomelic chondrodysplasia punctata type 1,先天性代謝疾病,AR,來源基因層級；疾病層級待核實,一般 AR 待審,未逐疾病審查,GenIE 彙整值待審,437,1726,780,629,名称已對接不等於頻率適用；按分流逐疾病審查。,499,215100,未啟用：尚缺適用頻率／assay DR確認,,,STANDARD_AR,HOLD,,PENDING_VALIDATION,MISSING,,
P0499,PFKM,232800,肝醣貯積病第 VII 型,Glycogen storage disease VII,先天性代謝疾病,AR,來源基因層級；疾病層級待核實,一般 AR 待審,未逐疾病審查,GenIE 彙整值待審,1303,1603,781; 782,630,名称已對接不等於頻率適用；按分流逐疾病審查。,500,232800,未啟用：尚缺適用頻率／assay DR確認,,,STANDARD_AR,HOLD,,PENDING_VALIDATION,MISSING,,
P0500,PGK1,300653,磷酸甘油酸激酶1缺乏症,Phosphoglycerate kinase 1 deficiency,先天性代謝疾病,XL,來源基因層級；疾病層級待核實,XL 待審,未逐疾病審查,補值來源待審,50000,,783,631,名称已對接不等於頻率適用；按分流逐疾病審查。,501,300653,未啟用：尚缺適用頻率／assay DR確認,,,STANDARD_XL,HOLD,,PENDING_VALIDATION,MISSING,,
P0501,PGM3,615816,免疫缺乏症第 23 型,Immunodeficiency 23,免疫疾病,AR,來源基因層級；疾病層級待核實,一般 AR 待審,未逐疾病審查,GenIE 彙整值待審,1620,5569,784,632,名称已對接不等於頻率適用；按分流逐疾病審查。,502,615816,未啟用：尚缺適用頻率／assay DR確認,,,STANDARD_AR,HOLD,,PENDING_VALIDATION,MISSING,,
P0502,PHF8,300263,症候群性 X 性聯遺傳智能障礙 Siderius 型,Syndromic X-linked intellectual disability Siderius type,腦部與神經疾病,XL,來源基因層級；疾病層級待核實,XL 待審,未逐疾病審查,補值來源待審,50000,,785,633,名称已對接不等於頻率適用；按分流逐疾病審查。,503,300263,未啟用：尚缺適用頻率／assay DR確認,,,STANDARD_XL,HOLD,,PENDING_VALIDATION,MISSING,,
P0503,PHGDH,601815,磷酸脫氫酶缺乏症,PHGDH deficiency,腦部與神經疾病,AR,來源基因層級；疾病層級待核實,一般 AR 待審,未逐疾病審查,GenIE 彙整值待審,1780,1717,786; 787,634,名称已對接不等於頻率適用；按分流逐疾病審查。,504,601815,未啟用：尚缺適用頻率／assay DR確認,,,STANDARD_AR,HOLD,,PENDING_VALIDATION,MISSING,,
P0504,PHKB,261750,肝醣貯積病第 IXb 型,Glycogen storage disease IXb,先天性代謝疾病,AR,來源基因層級；疾病層級待核實,一般 AR 待審,未逐疾病審查,GenIE 彙整值待審,421,969,790,635,名称已對接不等於頻率適用；按分流逐疾病審查。,505,261750,未啟用：尚缺適用頻率／assay DR確認,,,STANDARD_AR,HOLD,,PENDING_VALIDATION,MISSING,,
P0505,PHKG2,613027,肝醣貯積病第 IXc 型,Glycogen storage disease IXc,先天性代謝疾病,AR,來源基因層級；疾病層級待核實,一般 AR 待審,未逐疾病審查,GenIE 彙整值待審,2228,2041,791,636,名称已對接不等於頻率適用；按分流逐疾病審查。,506,613027,未啟用：尚缺適用頻率／assay DR確認,,,STANDARD_AR,HOLD,,PENDING_VALIDATION,MISSING,,
P0506,PHYH,266500,Refsum氏病,Refsum disease,先天性代謝疾病,AR,來源基因層級；疾病層級待核實,一般 AR 待審,未逐疾病審查,GenIE 彙整值待審,989,1494,792,637,名称已對接不等於頻率適用；按分流逐疾病審查。,507,266500,未啟用：尚缺適用頻率／assay DR確認,,,STANDARD_AR,HOLD,,PENDING_VALIDATION,MISSING,,
P0507,PIGN,614080,多發性先天異常-低張力-癲癇症候群第 1 型,Multiple congenital anomalies-hypotonia-seizures syndrome 1,腦部與神經疾病,AR,來源基因層級；疾病層級待核實,一般 AR 待審,未逐疾病審查,GenIE 彙整值待審,372,295,793,638,名称已對接不等於頻率適用；按分流逐疾病審查。,508,614080,未啟用：尚缺適用頻率／assay DR確認,,,STANDARD_AR,HOLD,,PENDING_VALIDATION,MISSING,,
P0508,PJVK,610220,體染色體隱性聽力損失,"Hearing loss, autosomal recessive",耳部與聽覺疾病,AR,來源基因層級；疾病層級待核實,一般 AR 待審,未逐疾病審查,GenIE 彙整值待審,1793,3739,795,639,名称已對接不等於頻率適用；按分流逐疾病審查。,509,610220,未啟用：尚缺適用頻率／assay DR確認,,,STANDARD_AR,HOLD,,PENDING_VALIDATION,MISSING,,
P0509,PKHD1,263200,體染色體隱性多囊腎病,Autosomal recessive polycystic kidney disease,腎臟泌尿疾病,AR,來源基因層級；疾病層級待核實,一般 AR 待審,未逐疾病審查,GenIE 彙整值待審,111,231,796; 797,640,名称已對接不等於頻率適用；按分流逐疾病審查。,510,263200,未啟用：尚缺適用頻率／assay DR確認,,,STANDARD_AR,HOLD,,PENDING_VALIDATION,MISSING,,
P0510,PLA2G6,256600,腦部鐵質沉積神經退化症 2A 型,Neurodegeneration with brain iron accumulation 2A,腦部與神經疾病,AR,來源基因層級；疾病層級待核實,一般 AR 待審,未逐疾病審查,GenIE 彙整值待審,589,231,798,641,名称已對接不等於頻率適用；按分流逐疾病審查。,511,256600,未啟用：尚缺適用頻率／assay DR確認,,,STANDARD_AR,HOLD,,PENDING_VALIDATION,MISSING,,
P0511,PLEKHG5,615376,Charcot-Marie-Tooth 氏症隱性中間型 C,Charcot-Marie-Tooth disease recessive intermediate C,腦部與神經疾病,AR,來源基因層級；疾病層級待核實,一般 AR 待審,未逐疾病審查,GenIE 彙整值待審,1543,2013,799,642,名称已對接不等於頻率適用；按分流逐疾病審查。,512,615376,未啟用：尚缺適用頻率／assay DR確認,,,STANDARD_AR,HOLD,,PENDING_VALIDATION,MISSING,,
P0512,PLOD1,225400,Ehlers-Danlos症候群-脊柱後側凸型,"Ehlers-Danlos syndrome, kyphoscoliotic type 1",結締組織疾病,AR,來源基因層級；疾病層級待核實,一般 AR 待審,未逐疾病審查,GenIE 彙整值待審,1160,1867,800,643,名称已對接不等於頻率適用；按分流逐疾病審查。,513,225400,未啟用：尚缺適用頻率／assay DR確認,,,STANDARD_AR,HOLD,,PENDING_VALIDATION,MISSING,,
P0513,PLP1,312080,Pelizaeus-Merzbacher 病,Pelizaeus-Merzbacher disease,腦部與神經疾病,XL,來源基因層級；疾病層級待核實,XL 待審,未逐疾病審查,補值來源待審,50000,,802,644,名称已對接不等於頻率適用；按分流逐疾病審查。,514,312080,未啟用：尚缺適用頻率／assay DR確認,,,STANDARD_XL,HOLD,,PENDING_VALIDATION,MISSING,,
P0514,PMM2,212065,先天性醣基化障礙第 1a 型,Congenital disorder of glycosylation type Ia,先天性代謝疾病,AR,來源基因層級；疾病層級待核實,一般 AR 待審,未逐疾病審查,GenIE 彙整值待審,67,230,803; 804; 805,645,名称已對接不等於頻率適用；按分流逐疾病審查。,515,212065,未啟用：尚缺適用頻率／assay DR確認,,,STANDARD_AR,HOLD,,PENDING_VALIDATION,MISSING,,
P0515,PNPO,610090,吡哆胺 5'-磷酸氧化酶缺乏症,Pyridoxamine 5'-phosphate oxidase deficiency,先天性代謝疾病,AR,來源基因層級；疾病層級待核實,一般 AR 待審,未逐疾病審查,GenIE 彙整值待審,1059,1403,808,646,名称已對接不等於頻率適用；按分流逐疾病審查。,516,610090,未啟用：尚缺適用頻率／assay DR確認,,,STANDARD_AR,HOLD,,PENDING_VALIDATION,MISSING,,
P0516,POLG,203700,粒線體DNA耗竭症候群第 4A 型,Mitochondrial DNA depletion syndrome 4A,先天性代謝疾病,AR,來源基因層級；疾病層級待核實,多疾病／多機制待審,未逐疾病審查,GenIE 彙整值待審,104,861,810,647; 648; 649; 650; 651,名称已對接不等於頻率適用；按分流逐疾病審查。,517,203700,未啟用：尚缺適用頻率／assay DR確認,,,STANDARD_AR,HOLD,,PENDING_VALIDATION,MISSING,,
P0517,POLG,258450,進行性外眼肌麻痺,Progressive external ophthalmoplegia,先天性代謝疾病,AR,來源基因層級；疾病層級待核實,多疾病／多機制待審,未逐疾病審查,GenIE 彙整值待審,104,861,810,647; 648; 649; 650; 651,名称已對接不等於頻率適用；按分流逐疾病審查。,518,258450,未啟用：尚缺適用頻率／assay DR確認,,,STANDARD_AR,HOLD,,PENDING_VALIDATION,MISSING,,
P0518,POLH,278750,著色性乾皮症變異型,Xeroderma pigmentosum variant type,皮膚與毛髮疾病,AR,來源基因層級；疾病層級待核實,一般 AR 待審,未逐疾病審查,GenIE 彙整值待審,1615,488,811,652,名称已對接不等於頻率適用；按分流逐疾病審查。,519,278750,未啟用：尚缺適用頻率／assay DR確認,,,STANDARD_AR,HOLD,,PENDING_VALIDATION,MISSING,,
P0519,POLR1C,616494,髓鞘形成不足型白質失養症第 11 型,Hypomyelinating leukodystrophy 11,腦部與神經疾病,AR,來源基因層級；疾病層級待核實,一般 AR 待審,未逐疾病審查,GenIE 彙整值待審,761,607,812,653,名称已對接不等於頻率適用；按分流逐疾病審查。,520,616494,未啟用：尚缺適用頻率／assay DR確認,,,STANDARD_AR,HOLD,,PENDING_VALIDATION,MISSING,,
P0520,POLR3A,607694,髓鞘形成不良性白質營養不良第7型,"Leukodystrophy, hypomyelinating, 7, with or without oligodontia and/or hypogonadotropic hypogonadism",腦部與神經疾病,AR,來源基因層級；疾病層級待核實,多疾病／多機制待審,未逐疾病審查,GenIE 彙整值待審,617,547,,,名称已對接不等於頻率適用；按分流逐疾病審查。,521,607694,未啟用：尚缺適用頻率／assay DR確認,,,STANDARD_AR,HOLD,,PENDING_VALIDATION,MISSING,,
P0521,POLR3A,264090,Wiedemann-Rautenstrauch症候群,Wiedemann-Rautenstrauch syndrome,多症狀疾病,AR,來源基因層級；疾病層級待核實,多疾病／多機制待審,未逐疾病審查,GenIE 彙整值待審,617,547,,,名称已對接不等於頻率適用；按分流逐疾病審查。,522,264090,未啟用：尚缺適用頻率／assay DR確認,,,STANDARD_AR,HOLD,,PENDING_VALIDATION,MISSING,,
P0522,POMGNT1,253280,先天性肌肉失養症伴隨醣基化功能缺陷A3型（合併腦部與眼部異常）,"Muscular dystrophy-dystroglycanopathy (congenital with brain and eye anomalies), type A, 3",肌肉疾病,AR,來源基因層級；疾病層級待核實,多疾病／多機制待審,未逐疾病審查,GenIE 彙整值待審,542,832,813; 814,654,名称已對接不等於頻率適用；按分流逐疾病審查。,523,253280,未啟用：尚缺適用頻率／assay DR確認,,,STANDARD_AR,HOLD,,PENDING_VALIDATION,MISSING,,
P0523,POMGNT1,613151,先天性肌肉失養症伴隨醣基化功能缺陷B3型（合併智能發展障礙）,"Muscular dystrophy-dystroglycanopathy (congenital with impaired intellectual development), type B, 3",肌肉疾病,AR,來源基因層級；疾病層級待核實,多疾病／多機制待審,未逐疾病審查,GenIE 彙整值待審,542,832,813; 814,654,名称已對接不等於頻率適用；按分流逐疾病審查。,524,613151,未啟用：尚缺適用頻率／assay DR確認,,,STANDARD_AR,HOLD,,PENDING_VALIDATION,MISSING,,
P0524,POMGNT1,613157,肢帶型肌肉失養症伴隨醣基化功能缺陷C3型,"Muscular dystrophy-dystroglycanopathy (limb-girdle), type C, 3",肌肉疾病,AR,來源基因層級；疾病層級待核實,多疾病／多機制待審,未逐疾病審查,GenIE 彙整值待審,542,832,813; 814,654,名称已對接不等於頻率適用；按分流逐疾病審查。,525,613157,未啟用：尚缺適用頻率／assay DR確認,,,STANDARD_AR,HOLD,,PENDING_VALIDATION,MISSING,,
P0525,POMGNT1,617123,視網膜色素變性第 76 型,Retinitis pigmentosa 76,眼部與視覺疾病,AR,來源基因層級；疾病層級待核實,多疾病／多機制待審,未逐疾病審查,GenIE 彙整值待審,542,832,813; 814,654,名称已對接不等於頻率適用；按分流逐疾病審查。,526,617123,未啟用：尚缺適用頻率／assay DR確認,,,STANDARD_AR,HOLD,,PENDING_VALIDATION,MISSING,,
P0526,POMT1,236670,肌失養症-肌醇糖蛋白病變 A1 型,"Muscular dystrophy-dystroglycanopathy, type A1",肌肉疾病,AR,來源基因層級；疾病層級待核實,一般 AR 待審,未逐疾病審查,GenIE 彙整值待審,494,1069,816,655,名称已對接不等於頻率適用；按分流逐疾病審查。,527,236670,未啟用：尚缺適用頻率／assay DR確認,,,STANDARD_AR,HOLD,,PENDING_VALIDATION,MISSING,,
P0527,POMT2,613150,肌失養症-肌醇糖蛋白病變 A2 型,"Muscular dystrophy-dystroglycanopathy, type A2",肌肉疾病,AR,來源基因層級；疾病層級待核實,一般 AR 待審,未逐疾病審查,GenIE 彙整值待審,963,1111,817,656,名称已對接不等於頻率適用；按分流逐疾病審查。,528,613150,未啟用：尚缺適用頻率／assay DR確認,,,STANDARD_AR,HOLD,,PENDING_VALIDATION,MISSING,,
P0528,POR,201750,Antley-Bixler症候群合併生殖器異常及類固醇生成障礙,Antley-bixler syndrome with genital anomalies and disordered steroidogenesis,內分泌疾病,AR,來源基因層級；疾病層級待核實,一般 AR 待審,未逐疾病審查,GenIE 彙整值待審,437,238,818,657,名称已對接不等於頻率適用；按分流逐疾病審查。,529,201750,未啟用：尚缺適用頻率／assay DR確認,,,STANDARD_AR,HOLD,,PENDING_VALIDATION,MISSING,,
P0529,POU1F1,613038,腦下垂體激素缺失症第 1 型,"Pituitary hormone deficiency, combined, 1",內分泌疾病,AR,來源基因層級；疾病層級待核實,一般 AR 待審,未逐疾病審查,GenIE 彙整值待審,3037,7442,819,658,名称已對接不等於頻率適用；按分流逐疾病審查。,530,613038,未啟用：尚缺適用頻率／assay DR確認,,,STANDARD_AR,HOLD,,PENDING_VALIDATION,MISSING,,
P0530,POU3F4,304400,X 性聯遺傳聽力損失-POU3F4型,"X-linked hearing loss, POU3F4-related",耳部與聽覺疾病,XL,來源基因層級；疾病層級待核實,XL 待審,未逐疾病審查,補值來源待審,50000,,820,659,名称已對接不等於頻率適用；按分流逐疾病審查。,531,304400,未啟用：尚缺適用頻率／assay DR確認,,,STANDARD_XL,HOLD,,PENDING_VALIDATION,MISSING,,
P0531,PPT1,256730,神經元蠟樣脂褐質沉著疾病 1 型,Neuronal ceroid lipofuscinosis 1,腦部與神經疾病,AR,來源基因層級；疾病層級待核實,一般 AR 待審,未逐疾病審查,GenIE 彙整值待審,386,1403,822; 823; 824,660,名称已對接不等於頻率適用；按分流逐疾病審查。,532,256730,未啟用：尚缺適用頻率／assay DR確認,,,STANDARD_AR,HOLD,,PENDING_VALIDATION,MISSING,,
P0532,PQBP1,309500,Renpenning 症候群,Renpenning syndrome,腦部與神經疾病,XL,來源基因層級；疾病層級待核實,XL 待審,未逐疾病審查,補值來源待審,500,,825,661,名称已對接不等於頻率適用；按分流逐疾病審查。,533,309500,未啟用：尚缺適用頻率／assay DR確認,,,STANDARD_XL,HOLD,,PENDING_VALIDATION,MISSING,,
P0533,PRCD,610599,視網膜色素變性第 36 型,Retinitis pigmentosa 36,眼部與視覺疾病,AR,來源基因層級；疾病層級待核實,一般 AR 待審,未逐疾病審查,GenIE 彙整值待審,8373,1432,826,662,名称已對接不等於頻率適用；按分流逐疾病審查。,534,610599,未啟用：尚缺適用頻率／assay DR確認,,,STANDARD_AR,HOLD,,PENDING_VALIDATION,MISSING,,
P0534,PRDM5,614170,脆性角膜症候群第 2 型,Brittle cornea syndrome 2,結締組織疾病,AR,來源基因層級；疾病層級待核實,一般 AR 待審,未逐疾病審查,GenIE 彙整值待審,2207,3194,827,663,名称已對接不等於頻率適用；按分流逐疾病審查。,535,614170,未啟用：尚缺適用頻率／assay DR確認,,,STANDARD_AR,HOLD,,PENDING_VALIDATION,MISSING,,
P0535,PRF1,603553,家族性噬血球性淋巴組織球增多症第 2 型,Familial hemophagocytic lymphohistiocytosis 2,免疫疾病,AR,來源基因層級；疾病層級待核實,一般 AR 待審,未逐疾病審查,GenIE 彙整值待審,580,424,828,664,名称已對接不等於頻率適用；按分流逐疾病審查。,536,603553,未啟用：尚缺適用頻率／assay DR確認,,,STANDARD_AR,HOLD,,PENDING_VALIDATION,MISSING,,
P0536,PROM1,612095,視網膜色素變性第41型,Retinitis pigmentosa 41,眼部與視覺疾病,AR,來源基因層級；疾病層級待核實,一般 AR 待審,未逐疾病審查,GenIE 彙整值待審,404,819,,,名称已對接不等於頻率適用；按分流逐疾病審查。,537,612095,未啟用：尚缺適用頻率／assay DR確認,,,STANDARD_AR,HOLD,,PENDING_VALIDATION,MISSING,,
P0537,PROP1,262600,腦下垂體激素缺失症第 2 型,"Pituitary hormone deficiency, combined, 2",內分泌疾病,AR,來源基因層級；疾病層級待核實,一般 AR 待審,未逐疾病審查,GenIE 彙整值待審,706,1494,831,665,名称已對接不等於頻率適用；按分流逐疾病審查。,538,262600,未啟用：尚缺適用頻率／assay DR確認,,,STANDARD_AR,HOLD,,PENDING_VALIDATION,MISSING,,
P0538,PRPS1,304500,X 性聯遺傳聽力損失-PRPS1型,"X-linked hearing loss, PRPS1-related",耳部與聽覺疾病,XL,來源基因層級；疾病層級待核實,多疾病／多機制待審,第一批初審,缺值,,,832,666,PDF p.24 <1/250000 指疾病群，尚未確認等於 OMIM 304500。,539,304500,未啟用：尚缺適用頻率／assay DR確認,,,STANDARD_XL,HOLD,,PENDING_VALIDATION,MISSING,,
P0539,PSAP,611722,Krabbe 氏症-Saposin A 缺乏,Krabbe disease due to saposin A deficiency,腦部與神經疾病,AR,來源基因層級；疾病層級待核實,一般 AR 待審,未逐疾病審查,GenIE 彙整值待審,3026,4404,833,667,名称已對接不等於頻率適用；按分流逐疾病審查。,540,611722,未啟用：尚缺適用頻率／assay DR確認,,,STANDARD_AR,HOLD,,PENDING_VALIDATION,MISSING,,
P0540,PTPRC,619924,免疫缺乏症第 105 型,Immunodeficiency 105,免疫疾病,AR,來源基因層級；疾病層級待核實,一般 AR 待審,未逐疾病審查,GenIE 彙整值待審,2774,2457,834,668,名称已對接不等於頻率適用；按分流逐疾病審查。,541,619924,未啟用：尚缺適用頻率／assay DR確認,,,STANDARD_AR,HOLD,,PENDING_VALIDATION,MISSING,,
P0541,PTS,261640,BH4 缺乏型高苯丙胺酸血症 A 型,BH4-deficient hyperphenylalaninemia A,先天性代謝疾病,AR,來源基因層級；疾病層級待核實,一般 AR 待審,未逐疾病審查,GenIE 彙整值待審,1199,362,835,669,名称已對接不等於頻率適用；按分流逐疾病審查。,542,261640,未啟用：尚缺適用頻率／assay DR確認,,,STANDARD_AR,HOLD,,PENDING_VALIDATION,MISSING,,
P0542,PUS1,600462,粒線體病變合併鐵粒幼紅細胞性貧血,Mitochondrial myopathy and sideroblastic anemia 1,先天性代謝疾病,AR,來源基因層級；疾病層級待核實,一般 AR 待審,未逐疾病審查,GenIE 彙整值待審,3591,818,836,670,名称已對接不等於頻率適用；按分流逐疾病審查。,543,600462,未啟用：尚缺適用頻率／assay DR確認,,,STANDARD_AR,HOLD,,PENDING_VALIDATION,MISSING,,
P0543,PYGM,232600,肝醣貯積病第 V 型,Glycogen storage disease V,先天性代謝疾病,AR,來源基因層級；疾病層級待核實,一般 AR 待審,未逐疾病審查,GenIE 彙整值待審,120,330,839; 840,671,名称已對接不等於頻率適用；按分流逐疾病審查。,544,232600,未啟用：尚缺適用頻率／assay DR確認,,,STANDARD_AR,HOLD,,PENDING_VALIDATION,MISSING,,
P0544,QDPR,261630,BH4 缺乏型高苯丙胺酸血症 C 型,BH4-deficient hyperphenylalaninemia C,先天性代謝疾病,AR,來源基因層級；疾病層級待核實,一般 AR 待審,未逐疾病審查,GenIE 彙整值待審,2742,3203,841,672,名称已對接不等於頻率適用；按分流逐疾病審查。,545,261630,未啟用：尚缺適用頻率／assay DR確認,,,STANDARD_AR,HOLD,,PENDING_VALIDATION,MISSING,,
P0545,RAB23,201000,Carpenter症候群,Carpenter syndrome,多症狀疾病,AR,來源基因層級；疾病層級待核實,一般 AR 待審,未逐疾病審查,GenIE 彙整值待審,756,5611,842,673,名称已對接不等於頻率適用；按分流逐疾病審查。,546,201000,未啟用：尚缺適用頻率／assay DR確認,,,STANDARD_AR,HOLD,,PENDING_VALIDATION,MISSING,,
P0546,RAG1,603554,Omenn 氏症候群,Omenn syndrome,免疫疾病,AR,來源基因層級；疾病層級待核實,一般 AR 待審,未逐疾病審查,GenIE 彙整值待審,486,702,843,674; 675; 676; 677,名称已對接不等於頻率適用；按分流逐疾病審查。,547,603554,未啟用：尚缺適用頻率／assay DR確認,,,STANDARD_AR,HOLD,,PENDING_VALIDATION,MISSING,,
P0547,RAG2,603554,Omenn 氏症候群,Omenn syndrome,免疫疾病,AR,來源基因層級；疾病層級待核實,一般 AR 待審,未逐疾病審查,GenIE 彙整值待審,1036,3206,844,678; 679; 680; 681; 682; 683; 684,名称已對接不等於頻率適用；按分流逐疾病審查。,548,603554,未啟用：尚缺適用頻率／assay DR確認,,,STANDARD_AR,HOLD,,PENDING_VALIDATION,MISSING,,
P0548,RAPSN,616326,先天性肌無力症候群第 11 型,Congenital myasthenic syndrome 11,肌肉疾病,AR,來源基因層級；疾病層級待核實,一般 AR 待審,未逐疾病審查,GenIE 彙整值待審,207,1311,845,685,名称已對接不等於頻率適用；按分流逐疾病審查。,549,616326,未啟用：尚缺適用頻率／assay DR確認,,,STANDARD_AR,HOLD,,PENDING_VALIDATION,MISSING,,
P0549,RARS2,611523,橋腦小腦發育不全第 6 型,Pontocerebellar hypoplasia type 6,腦部與神經疾病,AR,來源基因層級；疾病層級待核實,一般 AR 待審,未逐疾病審查,GenIE 彙整值待審,396,340,846,686,名称已對接不等於頻率適用；按分流逐疾病審查。,550,611523,未啟用：尚缺適用頻率／assay DR確認,,,STANDARD_AR,HOLD,,PENDING_VALIDATION,MISSING,,
P0550,RAX,611038,小眼球症第 3 型,"Microphthalmia, isolated 3",眼部與視覺疾病,AR,來源基因層級；疾病層級待核實,一般 AR 待審,未逐疾病審查,GenIE 彙整值待審,5897,,847,687,名称已對接不等於頻率適用；按分流逐疾病審查。,551,611038,未啟用：尚缺適用頻率／assay DR確認,,,STANDARD_AR,HOLD,,PENDING_VALIDATION,MISSING,,
P0551,RDH12,612712,萊伯氏先天性黑曚症第 13 型,Leber congenital amaurosis 13,眼部與視覺疾病,AR,來源基因層級；疾病層級待核實,一般 AR 待審,未逐疾病審查,GenIE 彙整值待審,642,802,849; 850,688,名称已對接不等於頻率適用；按分流逐疾病審查。,552,612712,未啟用：尚缺適用頻率／assay DR確認,,,STANDARD_AR,HOLD,,PENDING_VALIDATION,MISSING,,
P0552,RELN,257320,無腦迴症第2型,Lissencephaly 2 (Norman-Roberts type),腦部與神經疾病,AR,來源基因層級；疾病層級待核實,一般 AR 待審,未逐疾病審查,GenIE 彙整值待審,2402,2804,,,名称已對接不等於頻率適用；按分流逐疾病審查。,553,257320,未啟用：尚缺適用頻率／assay DR確認,,,STANDARD_AR,HOLD,,PENDING_VALIDATION,MISSING,,
P0553,RLBP1,607475,Bothnia 視網膜失養症,Bothnia retinal dystrophy,眼部與視覺疾病,AR,來源基因層級；疾病層級待核實,一般 AR 待審,未逐疾病審查,GenIE 彙整值待審,1164,1021,856; 857,689,名称已對接不等於頻率適用；按分流逐疾病審查。,554,607475,未啟用：尚缺適用頻率／assay DR確認,,,STANDARD_AR,HOLD,,PENDING_VALIDATION,MISSING,,
P0554,RMRP,250250,軟骨-毛髮發育不全,Cartilage-hair hypoplasia,骨骼疾病,AR,來源基因層級；疾病層級待核實,一般 AR 待審,未逐疾病審查,GenIE 彙整值待審,430,,858; 859; 860,690; 691; 692; 693; 694; 695; 696,名称已對接不等於頻率適用；按分流逐疾病審查。,555,250250,未啟用：尚缺適用頻率／assay DR確認,,,STANDARD_AR,HOLD,,PENDING_VALIDATION,MISSING,,
P0555,RNASEH2A,610333,Aicardi-Goutières 症候群第 4 型,Aicardi-goutieres syndrome 4,腦部與神經疾病,AR,來源基因層級；疾病層級待核實,一般 AR 待審,未逐疾病審查,GenIE 彙整值待審,2125,2453,861,697,名称已對接不等於頻率適用；按分流逐疾病審查。,556,610333,未啟用：尚缺適用頻率／assay DR確認,,,STANDARD_AR,HOLD,,PENDING_VALIDATION,MISSING,,
P0556,RNASEH2B,610181,Aicardi-Goutières 症候群第 2 型,Aicardi-goutieres syndrome 2,腦部與神經疾病,AR,來源基因層級；疾病層級待核實,一般 AR 待審,未逐疾病審查,GenIE 彙整值待審,166,458,862,698,名称已對接不等於頻率適用；按分流逐疾病審查。,557,610181,未啟用：尚缺適用頻率／assay DR確認,,,STANDARD_AR,HOLD,,PENDING_VALIDATION,MISSING,,
P0557,RNASEH2C,610329,Aicardi-Goutières 症候群第 3 型,Aicardi-goutieres syndrome 3,腦部與神經疾病,AR,來源基因層級；疾病層級待核實,一般 AR 待審,未逐疾病審查,GenIE 彙整值待審,4276,5549,863,699,名称已對接不等於頻率適用；按分流逐疾病審查。,558,610329,未啟用：尚缺適用頻率／assay DR確認,,,STANDARD_AR,HOLD,,PENDING_VALIDATION,MISSING,,
P0558,ROBO3,607313,家族性水平凝視麻痺併漸進性脊柱側彎第 1 型,"Gaze palsy, familial horizontal, with progressive scoliosis 1",腦部與神經疾病,AR,來源基因層級；疾病層級待核實,一般 AR 待審,未逐疾病審查,GenIE 彙整值待審,839,908,,,名称已對接不等於頻率適用；按分流逐疾病審查。,559,607313,未啟用：尚缺適用頻率／assay DR確認,,,STANDARD_AR,HOLD,,PENDING_VALIDATION,MISSING,,
P0559,RP2,312600,視網膜色素變性第 2 型,Retinitis pigmentosa 2,眼部與視覺疾病,XL,來源基因層級；疾病層級待核實,XL 待審,未逐疾病審查,補值來源待審,4000,,865,700,名称已對接不等於頻率適用；按分流逐疾病審查。,560,312600,未啟用：尚缺適用頻率／assay DR確認,,,STANDARD_XL,HOLD,,PENDING_VALIDATION,MISSING,,
P0560,RPE65,204100,萊伯氏先天性黑曚症第 2 型,Leber congenital amaurosis 2,眼部與視覺疾病,AR,來源基因層級；疾病層級待核實,多疾病／多機制待審,未逐疾病審查,GenIE 彙整值待審,415,424,866,701; 702; 703; 704; 705; 706; 707; 708,名称已對接不等於頻率適用；按分流逐疾病審查。,561,204100,未啟用：尚缺適用頻率／assay DR確認,,,STANDARD_AR,HOLD,,PENDING_VALIDATION,MISSING,,
P0561,RPE65,613794,視網膜色素變性第 20 型,Retinitis pigmentosa 20,眼部與視覺疾病,AR,來源基因層級；疾病層級待核實,多疾病／多機制待審,未逐疾病審查,GenIE 彙整值待審,415,424,866,701; 702; 703; 704; 705; 706; 707; 708,名称已對接不等於頻率適用；按分流逐疾病審查。,562,613794,未啟用：尚缺適用頻率／assay DR確認,,,STANDARD_AR,HOLD,,PENDING_VALIDATION,MISSING,,
P0562,RPGR,300029,視網膜色素變性第 3 型,Retinitis pigmentosa 3,眼部與視覺疾病,XL,來源基因層級；疾病層級待核實,XL 待審,未逐疾病審查,補值來源待審,3000,,867,709; 710,名称已對接不等於頻率適用；按分流逐疾病審查。,563,300029,未啟用：尚缺適用頻率／assay DR確認,,,STANDARD_XL,HOLD,,PENDING_VALIDATION,MISSING,,
P0563,RPGRIP1,613826,Leber先天性黑矇第6型,Leber congenital amaurosis 6,眼部與視覺疾病,AR,來源基因層級；疾病層級待核實,一般 AR 待審,未逐疾病審查,GenIE 彙整值待審,550,355,868,711,名称已對接不等於頻率適用；按分流逐疾病審查。,564,613826,未啟用：尚缺適用頻率／assay DR確認,,,STANDARD_AR,HOLD,,PENDING_VALIDATION,MISSING,,
P0564,RPGRIP1L,611561,Meckel 症候群第 5 型,"Meckel syndrome, type 5",多症狀疾病,AR,來源基因層級；疾病層級待核實,一般 AR 待審,未逐疾病審查,GenIE 彙整值待審,565,289,869,712,名称已對接不等於頻率適用；按分流逐疾病審查。,565,611561,未啟用：尚缺適用頻率／assay DR確認,,,STANDARD_AR,HOLD,,PENDING_VALIDATION,MISSING,,
P0565,RS1,312700,X 性聯遺傳視網膜劈裂症,X-linked retinoschisis,眼部與視覺疾病,XL,來源基因層級；疾病層級待核實,XL 待審,未逐疾病審查,補值來源待審,2500,,871,713; 714; 715,名称已對接不等於頻率適用；按分流逐疾病審查。,566,312700,未啟用：尚缺適用頻率／assay DR確認,,,STANDARD_XL,HOLD,,PENDING_VALIDATION,MISSING,,
P0566,RTEL1,615190,體染色體隱性先天性角化不良症第 5 型,"Dyskeratosis congenita, autosomal recessive 5",血液疾病,AR,來源基因層級；疾病層級待核實,一般 AR 待審,未逐疾病審查,GenIE 彙整值待審,1006,1600,873; 874,716,名称已對接不等於頻率適用；按分流逐疾病審查。,567,615190,未啟用：尚缺適用頻率／assay DR確認,,,STANDARD_AR,HOLD,,PENDING_VALIDATION,MISSING,,
P0567,RXYLT1,615041,肌失養症-肌醇糖蛋白病變 A10 型,"Muscular dystrophy-dystroglycanopathy, type A, 10",肌肉疾病,AR,來源基因層級；疾病層級待核實,一般 AR 待審,未逐疾病審查,GenIE 彙整值待審,1543,11113,875,717,名称已對接不等於頻率適用；按分流逐疾病審查。,568,615041,未啟用：尚缺適用頻率／assay DR確認,,,STANDARD_AR,HOLD,,PENDING_VALIDATION,MISSING,,
P0568,RYR1,255320,先天性多重核心肌病合併外眼肌麻痺,Congenital multicore myopathy with external ophthalmoplegia,肌肉疾病,AR,來源基因層級；疾病層級待核實,一般 AR 待審,未逐疾病審查,GenIE 彙整值待審,183,273,876,718; 719; 720; 721; 722; 723; 724,名称已對接不等於頻率適用；按分流逐疾病審查。,569,255320,未啟用：尚缺適用頻率／assay DR確認,,,STANDARD_AR,HOLD,,PENDING_VALIDATION,MISSING,,
P0569,SACS,270550,Charlevoix-Saguenay 痙攣性共濟失調症,Charlevoix-saguenay spastic ataxia,腦部與神經疾病,AR,來源基因層級；疾病層級待核實,一般 AR 待審,未逐疾病審查,GenIE 彙整值待審,402,561,877; 878,725,名称已對接不等於頻率適用；按分流逐疾病審查。,570,270550,未啟用：尚缺適用頻率／assay DR確認,,,STANDARD_AR,HOLD,,PENDING_VALIDATION,MISSING,,
P0570,SAMD9,610455,正常血磷家族性腫瘤鈣化症,Normophosphatemic familial tumoral calcinosis,皮膚與毛髮疾病,AR,來源基因層級；疾病層級待核實,一般 AR 待審,未逐疾病審查,GenIE 彙整值待審,7205,,880; 881,726,名称已對接不等於頻率適用；按分流逐疾病審查。,571,610455,未啟用：尚缺適用頻率／assay DR確認,,,STANDARD_AR,HOLD,,PENDING_VALIDATION,MISSING,,
P0571,SAMHD1,612952,Aicardi-Goutières 症候群第 5 型,Aicardi-goutieres syndrome 5,腦部與神經疾病,AR,來源基因層級；疾病層級待核實,一般 AR 待審,未逐疾病審查,GenIE 彙整值待審,980,4488,882,727,名称已對接不等於頻率適用；按分流逐疾病審查。,572,612952,未啟用：尚缺適用頻率／assay DR確認,,,STANDARD_AR,HOLD,,PENDING_VALIDATION,MISSING,,
P0572,SBDS,260400,Shwachman-Diamond 症候群 1 型,Shwachman-Diamond syndrome 1,血液疾病,AR,來源基因層級；疾病層級待核實,一般 AR 待審,未逐疾病審查,GenIE 彙整值待審,119,100,884,728,名称已對接不等於頻率適用；按分流逐疾病審查。,573,260400,未啟用：尚缺適用頻率／assay DR確認,,,STANDARD_AR,HOLD,,PENDING_VALIDATION,MISSING,,
P0573,SCO2,604377,致死性嬰兒期心腦肌病變第 1 型,"Cardioencephalomyopathy, fatal infantile, due to cytochrome c oxidase deficiency 1",先天性代謝疾病,AR,來源基因層級；疾病層級待核實,一般 AR 待審,未逐疾病審查,GenIE 彙整值待審,743,1021,886,729,名称已對接不等於頻率適用；按分流逐疾病審查。,574,604377,未啟用：尚缺適用頻率／assay DR確認,,,STANDARD_AR,HOLD,,PENDING_VALIDATION,MISSING,,
P0574,SEC23B,224100,先天性紅血球生成性貧血第 2 型,Congenital dyserythropoietic anemia type 2,血液疾病,AR,來源基因層級；疾病層級待核實,一般 AR 待審,未逐疾病審查,GenIE 彙整值待審,465,774,889,730,名称已對接不等於頻率適用；按分流逐疾病審查。,575,224100,未啟用：尚缺適用頻率／assay DR確認,,,STANDARD_AR,HOLD,,PENDING_VALIDATION,MISSING,,
P0575,SEMA4A,610283,視錐-視桿細胞失養症第10型,Cone-rod dystrophy 10,眼部與視覺疾病,AR,來源基因層級；疾病層級待核實,多疾病／多機制待審,未逐疾病審查,GenIE 彙整值待審,1723,1556,,,名称已對接不等於頻率適用；按分流逐疾病審查。,576,610283,未啟用：尚缺適用頻率／assay DR確認,,,STANDARD_AR,HOLD,,PENDING_VALIDATION,MISSING,,
P0576,SEMA4A,610282,視網膜色素變性第 35 型,Retinitis pigmentosa 35,眼部與視覺疾病,AR,來源基因層級；疾病層級待核實,多疾病／多機制待審,未逐疾病審查,GenIE 彙整值待審,1723,1556,,,名称已對接不等於頻率適用；按分流逐疾病審查。,577,610282,未啟用：尚缺適用頻率／assay DR確認,,,STANDARD_AR,HOLD,,PENDING_VALIDATION,MISSING,,
P0577,SEPSECS,613811,橋腦小腦發育不全第 2D 型,Pontocerebellar hypoplasia type 2D,腦部與神經疾病,AR,來源基因層級；疾病層級待核實,一般 AR 待審,未逐疾病審查,GenIE 彙整值待審,995,1703,891; 892,731,名称已對接不等於頻率適用；按分流逐疾病審查。,578,613811,未啟用：尚缺適用頻率／assay DR確認,,,STANDARD_AR,HOLD,,PENDING_VALIDATION,MISSING,,
P0578,SERPINA1,613490,Alpha-1 抗胰蛋白酶缺乏症,Alpha 1-antitrypsin deficiency,呼吸疾病,AR,來源基因層級；疾病層級待核實,一般 AR 待審,未逐疾病審查,GenIE 彙整值待審,10,488,893; 894,732; 733; 734; 735; 736; 737; 738; 739,名称已對接不等於頻率適用；按分流逐疾病審查。,579,613490,未啟用：尚缺適用頻率／assay DR確認,,,STANDARD_AR,HOLD,,PENDING_VALIDATION,MISSING,,
P0579,SFTPB,265120,肺部表面張力素代謝異常第1型,"Surfactant metabolism dysfunction, pulmonary, 1",呼吸疾病,AR,來源基因層級；疾病層級待核實,一般 AR 待審,未逐疾病審查,GenIE 彙整值待審,911,3654,,,名称已對接不等於頻率適用；按分流逐疾病審查。,580,265120,未啟用：尚缺適用頻率／assay DR確認,,,STANDARD_AR,HOLD,,PENDING_VALIDATION,MISSING,,
P0580,SGCA,608099,肢帶型肌肉失養症第 2D 型,Limb-girdle muscular dystrophy type 2D,肌肉疾病,AR,來源基因層級；疾病層級待核實,一般 AR 待審,未逐疾病審查,GenIE 彙整值待審,363,161,896; 897; 898,740; 741; 742; 743; 744; 745; 746,名称已對接不等於頻率適用；按分流逐疾病審查。,581,608099,未啟用：尚缺適用頻率／assay DR確認,,,STANDARD_AR,HOLD,,PENDING_VALIDATION,MISSING,,
P0581,SGCB,604286,肢帶型肌肉失養症第 2E 型,Limb-girdle muscular dystrophy type 2E,肌肉疾病,AR,來源基因層級；疾病層級待核實,一般 AR 待審,未逐疾病審查,GenIE 彙整值待審,658,1666,,747; 748; 749; 750,名称已對接不等於頻率適用；按分流逐疾病審查。,582,604286,未啟用：尚缺適用頻率／assay DR確認,,,STANDARD_AR,HOLD,,PENDING_VALIDATION,MISSING,,
P0582,SGCD,601287,肢帶型肌肉失養症第 2F 型,Limb-girdle muscular dystrophy type 2F,肌肉疾病,AR,來源基因層級；疾病層級待核實,一般 AR 待審,未逐疾病審查,GenIE 彙整值待審,5644,5474,899,751; 752; 753,名称已對接不等於頻率適用；按分流逐疾病審查。,583,601287,未啟用：尚缺適用頻率／assay DR確認,,,STANDARD_AR,HOLD,,PENDING_VALIDATION,MISSING,,
P0583,SGCG,253700,肢帶型肌肉失養症第 2C 型,Limb-girdle muscular dystrophy type 2C,肌肉疾病,AR,來源基因層級；疾病層級待核實,一般 AR 待審,未逐疾病審查,GenIE 彙整值待審,1639,4487,900; 901; 902,754; 755,名称已對接不等於頻率適用；按分流逐疾病審查。,584,253700,未啟用：尚缺適用頻率／assay DR確認,,,STANDARD_AR,HOLD,,PENDING_VALIDATION,MISSING,,
P0584,SGSH,252900,黏多醣症第 3A 型,Mucopolysaccharidosis type 3A,先天性代謝疾病,AR,來源基因層級；疾病層級待核實,一般 AR 待審,未逐疾病審查,GenIE 彙整值待審,247,897,903; 904,756,名称已對接不等於頻率適用；按分流逐疾病審查。,585,252900,未啟用：尚缺適用頻率／assay DR確認,,,STANDARD_AR,HOLD,,PENDING_VALIDATION,MISSING,,
P0585,SH3TC2,601596,Charcot-Marie-Tooth 氏症第 4C 型,Charcot-Marie-Tooth disease type 4C,腦部與神經疾病,AR,來源基因層級；疾病層級待核實,一般 AR 待審,未逐疾病審查,GenIE 彙整值待審,308,680,905,757,名称已對接不等於頻率適用；按分流逐疾病審查。,586,601596,未啟用：尚缺適用頻率／assay DR確認,,,STANDARD_AR,HOLD,,PENDING_VALIDATION,MISSING,,
P0586,SKIC2,614602,毛肝腸症候群第 2 型,Trichohepatoenteric syndrome 2,消化疾病,AR,來源基因層級；疾病層級待核實,一般 AR 待審,未逐疾病審查,GenIE 彙整值待審,490,477,906,,名称已對接不等於頻率適用；按分流逐疾病審查。,587,614602,未啟用：尚缺適用頻率／assay DR確認,,,STANDARD_AR,HOLD,,PENDING_VALIDATION,MISSING,,
P0587,SKIC3,222470,毛肝腸症候群第 1 型,Trichohepatoenteric syndrome 1,消化疾病,AR,來源基因層級；疾病層級待核實,一般 AR 待審,未逐疾病審查,GenIE 彙整值待審,475,330,1049,,名称已對接不等於頻率適用；按分流逐疾病審查。,588,222470,未啟用：尚缺適用頻率／assay DR確認,,,STANDARD_AR,HOLD,,PENDING_VALIDATION,MISSING,,
P0588,SLC12A1,601678,Bartter氏症候群第 1 型,"Bartter syndrome, type 1",腎臟泌尿疾病,AR,來源基因層級；疾病層級待核實,一般 AR 待審,未逐疾病審查,GenIE 彙整值待審,798,800,907,758,名称已對接不等於頻率適用；按分流逐疾病審查。,589,601678,未啟用：尚缺適用頻率／assay DR確認,,,STANDARD_AR,HOLD,,PENDING_VALIDATION,MISSING,,
P0589,SLC12A3,263800,Gitelman氏症候群,Gitelman syndrome,腎臟泌尿疾病,AR,來源基因層級；疾病層級待核實,一般 AR 待審,未逐疾病審查,GenIE 彙整值待審,96,26,908,759,名称已對接不等於頻率適用；按分流逐疾病審查。,590,263800,未啟用：尚缺適用頻率／assay DR確認,,,STANDARD_AR,HOLD,,PENDING_VALIDATION,MISSING,,
P0590,SLC12A6,218000,胼胝體發育不全合併周邊神經病變,Agenesis of the corpus callosum with peripheral neuropathy,腦部與神經疾病,AR,來源基因層級；疾病層級待核實,一般 AR 待審,未逐疾病審查,GenIE 彙整值待審,2256,2235,909; 910,760,名称已對接不等於頻率適用；按分流逐疾病審查。,591,218000,未啟用：尚缺適用頻率／assay DR確認,,,STANDARD_AR,HOLD,,PENDING_VALIDATION,MISSING,,
P0591,SLC16A2,300523,Allan-Herndon-Dudley 症候群,Allan-Herndon-Dudley syndrome,腦部與神經疾病,XL,來源基因層級；疾病層級待核實,XL 待審,未逐疾病審查,補值來源待審,500,,911,761,名称已對接不等於頻率適用；按分流逐疾病審查。,592,300523,未啟用：尚缺適用頻率／assay DR確認,,,STANDARD_XL,HOLD,,PENDING_VALIDATION,MISSING,,
P0592,SLC17A5,269920,唾液酸儲存症,Sialic acid storage disorder,腦部與神經疾病,AR,來源基因層級；疾病層級待核實,一般 AR 待審,未逐疾病審查,GenIE 彙整值待審,478,1313,912; 913,762,名称已對接不等於頻率適用；按分流逐疾病審查。,593,269920,未啟用：尚缺適用頻率／assay DR確認,,,STANDARD_AR,HOLD,,PENDING_VALIDATION,MISSING,,
P0593,SLC19A2,249270,硫胺素-巨母紅血球性貧血症候群,Thiamine-responsive megaloblastic anemia syndrome,血液疾病,AR,來源基因層級；疾病層級待核實,一般 AR 待審,未逐疾病審查,GenIE 彙整值待審,3486,3178,914,763,名称已對接不等於頻率適用；按分流逐疾病審查。,594,249270,未啟用：尚缺適用頻率／assay DR確認,,,STANDARD_AR,HOLD,,PENDING_VALIDATION,MISSING,,
P0594,SLC19A3,607483,硫胺素(維生素 B1)代謝功能障礙症候群第 2 型,Thiamine metabolism dysfunction syndrome 2,腦部與神經疾病,AR,來源基因層級；疾病層級待核實,一般 AR 待審,未逐疾病審查,GenIE 彙整值待審,1500,2494,915,764,名称已對接不等於頻率適用；按分流逐疾病審查。,595,607483,未啟用：尚缺適用頻率／assay DR確認,,,STANDARD_AR,HOLD,,PENDING_VALIDATION,MISSING,,
P0595,SLC1A4,616657,痙攣性四肢麻痺-薄胼胝體-產後進行性小頭症候群,Spastic tetraplegia-thin corpus callosum-progressive postnatal microcephaly syndrome,腦部與神經疾病,AR,來源基因層級；疾病層級待核實,一般 AR 待審,未逐疾病審查,GenIE 彙整值待審,2101,4263,916; 917,765,名称已對接不等於頻率適用；按分流逐疾病審查。,596,616657,未啟用：尚缺適用頻率／assay DR確認,,,STANDARD_AR,HOLD,,PENDING_VALIDATION,MISSING,,
P0596,SLC22A5,212140,原發性肉鹼缺乏症,Systemic primary carnitine deficiency disease,先天性代謝疾病,AR,來源基因層級；疾病層級待核實,一般 AR 待審,未逐疾病審查,GenIE 彙整值待審,105,105,918; 919; 920; 921; 922; 923,766,名称已對接不等於頻率適用；按分流逐疾病審查。,597,212140,未啟用：尚缺適用頻率／assay DR確認,,,STANDARD_AR,HOLD,,PENDING_VALIDATION,MISSING,,
P0597,SLC25A13,605814,瓜胺酸血症第 II 型,Citrullinemia type II,先天性代謝疾病,AR,來源基因層級；疾病層級待核實,一般 AR 待審,未逐疾病審查,GenIE 彙整值待審,577,57,924; 925,767,名称已對接不等於頻率適用；按分流逐疾病審查。,598,605814,未啟用：尚缺適用頻率／assay DR確認,,,STANDARD_AR,HOLD,,PENDING_VALIDATION,MISSING,,
P0598,SLC25A15,238970,高鳥氨酸-高血氨-高瓜胺酸綜合症候群,Hyperornithinemia-hyperammonemia-homocitrullinemia syndrome,先天性代謝疾病,AR,來源基因層級；疾病層級待核實,一般 AR 待審,未逐疾病審查,GenIE 彙整值待審,1926,1497,926; 927,768,名称已對接不等於頻率適用；按分流逐疾病審查。,599,238970,未啟用：尚缺適用頻率／assay DR確認,,,STANDARD_AR,HOLD,,PENDING_VALIDATION,MISSING,,
P0599,SLC25A20,212138,肉鹼轉位酶缺乏症,Carnitine-acylcarnitine translocase deficiency,先天性代謝疾病,AR,來源基因層級；疾病層級待核實,一般 AR 待審,未逐疾病審查,GenIE 彙整值待審,1601,522,928,769,名称已對接不等於頻率適用；按分流逐疾病審查。,600,212138,未啟用：尚缺適用頻率／assay DR確認,,,STANDARD_AR,HOLD,,PENDING_VALIDATION,MISSING,,
P0600,SLC26A2,600972,軟骨形成不全症第 IB 型,Achondrogenesis type IB,骨骼疾病,AR,來源基因層級；疾病層級待核實,一般 AR 待審,未逐疾病審查,GenIE 彙整值待審,185,297,929; 930,770,名称已對接不等於頻率適用；按分流逐疾病審查。,601,600972,未啟用：尚缺適用頻率／assay DR確認,,,STANDARD_AR,HOLD,,PENDING_VALIDATION,MISSING,,
P0601,SLC26A3,214700,先天性分泌性氯離子腹瀉第 1 型,Congenital secretory chloride diarrhea 1,消化疾病,AR,來源基因層級；疾病層級待核實,一般 AR 待審,未逐疾病審查,GenIE 彙整值待審,720,468,931; 932,771,名称已對接不等於頻率適用；按分流逐疾病審查。,602,214700,未啟用：尚缺適用頻率／assay DR確認,,,STANDARD_AR,HOLD,,PENDING_VALIDATION,MISSING,,
P0602,SLC26A4,600791,體染色體隱性非症候群性聽力損失 4,Autosomal recessive nonsyndromic hearing loss 4,耳部與聽覺疾病,AR,來源基因層級；疾病層級待核實,一般 AR 待審,未逐疾病審查,GenIE 彙整值待審,74,74,933; 934; 935; 936,772; 773; 774; 775; 776; 777; 778; 779; 780,名称已對接不等於頻率適用；按分流逐疾病審查。,603,600791,未啟用：尚缺適用頻率／assay DR確認,,,STANDARD_AR,HOLD,,PENDING_VALIDATION,MISSING,,
P0603,SLC27A4,608649,魚鱗癬早產兒症候群,Ichthyosis prematurity syndrome,皮膚與毛髮疾病,AR,來源基因層級；疾病層級待核實,一般 AR 待審,未逐疾病審查,GenIE 彙整值待審,1003,2799,937,781,名称已對接不等於頻率適用；按分流逐疾病審查。,604,608649,未啟用：尚缺適用頻率／assay DR確認,,,STANDARD_AR,HOLD,,PENDING_VALIDATION,MISSING,,
P0604,SLC35A3,615553,自閉症類群障礙-癲癇-多發性關節攣縮症候群,Autism spectrum disorder - epilepsy - arthrogryposis syndrome,腦部與神經疾病,AR,來源基因層級；疾病層級待核實,一般 AR 待審,未逐疾病審查,GenIE 彙整值待審,3308,3140,941; 942,782,名称已對接不等於頻率適用；按分流逐疾病審查。,605,615553,未啟用：尚缺適用頻率／assay DR確認,,,STANDARD_AR,HOLD,,PENDING_VALIDATION,MISSING,,
P0605,SLC37A4,232220,肝醣貯積病第 Ib 型,Glycogen storage disease Ib,先天性代謝疾病,AR,來源基因層級；疾病層級待核實,一般 AR 待審,未逐疾病審查,補值來源待審,158,,943; 944,783,名称已對接不等於頻率適用；按分流逐疾病審查。,606,232220,未啟用：尚缺適用頻率／assay DR確認,,,STANDARD_AR,HOLD,,PENDING_VALIDATION,MISSING,,
P0606,SLC38A8,609218,中央凹發育不全-視神經交叉缺陷-眼前段發育不全症候群,Foveal hypoplasia - optic nerve decussation defect - anterior segment dysgenesis syndrome,眼部與視覺疾病,AR,來源基因層級；疾病層級待核實,一般 AR 待審,未逐疾病審查,GenIE 彙整值待審,1326,432,945,784,名称已對接不等於頻率適用；按分流逐疾病審查。,607,609218,未啟用：尚缺適用頻率／assay DR確認,,,STANDARD_AR,HOLD,,PENDING_VALIDATION,MISSING,,
P0607,SLC39A4,201100,腸病性肢端皮膚炎,Acrodermatitis enteropathica,皮膚與毛髮疾病,AR,來源基因層級；疾病層級待核實,一般 AR 待審,未逐疾病審查,GenIE 彙整值待審,721,1153,946,785,名称已對接不等於頻率適用；按分流逐疾病審查。,608,201100,未啟用：尚缺適用頻率／assay DR確認,,,STANDARD_AR,HOLD,,PENDING_VALIDATION,MISSING,,
P0608,SLC45A2,606574,眼睛皮膚白化症第 4 型,Oculocutaneous albinism type 4,皮膚與毛髮疾病,AR,來源基因層級；疾病層級待核實,一般 AR 待審,未逐疾病審查,GenIE 彙整值待審,339,548,949; 950,786,名称已對接不等於頻率適用；按分流逐疾病審查。,609,606574,未啟用：尚缺適用頻率／assay DR確認,,,STANDARD_AR,HOLD,,PENDING_VALIDATION,MISSING,,
P0609,SLC46A1,229050,遺傳性葉酸吸收不良,Hereditary folate malabsorption,先天性代謝疾病,AR,來源基因層級；疾病層級待核實,一般 AR 待審,未逐疾病審查,GenIE 彙整值待審,3764,2480,951; 952,787,名称已對接不等於頻率適用；按分流逐疾病審查。,610,229050,未啟用：尚缺適用頻率／assay DR確認,,,STANDARD_AR,HOLD,,PENDING_VALIDATION,MISSING,,
P0610,SLC4A11,217700,眼角膜內皮細胞失養症,Corneal endothelial dystrophy,眼部與視覺疾病,AR,來源基因層級；疾病層級待核實,一般 AR 待審,未逐疾病審查,GenIE 彙整值待審,1037,679,954,788,名称已對接不等於頻率適用；按分流逐疾病審查。,611,217700,未啟用：尚缺適用頻率／assay DR確認,,,STANDARD_AR,HOLD,,PENDING_VALIDATION,MISSING,,
P0611,SLC51A,619484,有機溶質轉運蛋白α缺乏症,"Cholestasis, progressive familial intrahepatic, 6",消化疾病,AR,來源基因層級；疾病層級待核實,一般 AR 待審,未逐疾病審查,缺值,,,,,名称已對接不等於頻率適用；按分流逐疾病審查。,612,619484,未啟用：尚缺適用頻率／assay DR確認,,,STANDARD_AR,HOLD,,PENDING_VALIDATION,MISSING,,
P0612,SLC5A5,274400,甲狀腺素合成異常 1 型,Thyroid dyshormonogenesis 1,內分泌疾病,AR,來源基因層級；疾病層級待核實,一般 AR 待審,未逐疾病審查,GenIE 彙整值待審,1852,976,955,789,名称已對接不等於頻率適用；按分流逐疾病審查。,613,274400,未啟用：尚缺適用頻率／assay DR確認,,,STANDARD_AR,HOLD,,PENDING_VALIDATION,MISSING,,
P0613,SLC6A19,234500,Hartnup 病,Hartnup disease,先天性代謝疾病,AR,來源基因層級；疾病層級待核實,一般 AR 待審,未逐疾病審查,GenIE 彙整值待審,123,640,956,790,名称已對接不等於頻率適用；按分流逐疾病審查。,614,234500,未啟用：尚缺適用頻率／assay DR確認,,,STANDARD_AR,HOLD,,PENDING_VALIDATION,MISSING,,
P0614,SLC6A8,300352,肌酸缺乏症候群,Creatine transporter deficiency,腦部與神經疾病,XL,來源基因層級；疾病層級待核實,XL 待審,未逐疾病審查,補值來源待審,3434,,957,791,名称已對接不等於頻率適用；按分流逐疾病審查。,615,300352,未啟用：尚缺適用頻率／assay DR確認,,,STANDARD_XL,HOLD,,PENDING_VALIDATION,MISSING,,
P0615,SLC7A7,222700,離胺酸尿性蛋白質耐受不良症,Lysinuric protein intolerance,先天性代謝疾病,AR,來源基因層級；疾病層級待核實,一般 AR 待審,未逐疾病審查,GenIE 彙整值待審,984,576,958; 959; 960,792,名称已對接不等於頻率適用；按分流逐疾病審查。,616,222700,未啟用：尚缺適用頻率／assay DR確認,,,STANDARD_AR,HOLD,,PENDING_VALIDATION,MISSING,,
P0616,SMARCAL1,242900,Schimke 免疫骨骼發育不良,Schimke immunoosseous dysplasia,骨骼疾病,AR,來源基因層級；疾病層級待核實,一般 AR 待審,未逐疾病審查,GenIE 彙整值待審,760,2237,962,793,名称已對接不等於頻率適用；按分流逐疾病審查。,617,242900,未啟用：尚缺適用頻率／assay DR確認,,,STANDARD_AR,HOLD,,PENDING_VALIDATION,MISSING,,
P0617,SMPD1,257200,尼曼匹克症 A 型,"Niemann-Pick disease, type A",先天性代謝疾病,AR,來源基因層級；疾病層級待核實,多疾病／多機制待審,未逐疾病審查,GenIE 彙整值待審,395,844,971; 972; 973,794,名称已對接不等於頻率適用；按分流逐疾病審查。,618,257200,未啟用：尚缺適用頻率／assay DR確認,,,STANDARD_AR,HOLD,,PENDING_VALIDATION,MISSING,,
P0618,SMPD1,607616,尼曼匹克症 B 型,"Niemann-Pick disease, type B",先天性代謝疾病,AR,來源基因層級；疾病層級待核實,多疾病／多機制待審,未逐疾病審查,GenIE 彙整值待審,395,844,971; 972; 973,794,名称已對接不等於頻率適用；按分流逐疾病審查。,619,607616,未啟用：尚缺適用頻率／assay DR確認,,,STANDARD_AR,HOLD,,PENDING_VALIDATION,MISSING,,
P0619,SNAP29,609528,Cednik 症候群,Cednik syndrome,多症狀疾病,AR,來源基因層級；疾病層級待核實,一般 AR 待審,未逐疾病審查,GenIE 彙整值待審,4334,1247,974,795,名称已對接不等於頻率適用；按分流逐疾病審查。,620,609528,未啟用：尚缺適用頻率／assay DR確認,,,STANDARD_AR,HOLD,,PENDING_VALIDATION,MISSING,,
P0620,SPATA7,604232,Leber先天性黑矇第3型；幼年型視網膜色素變性,Leber congenital amaurosis 3,眼部與視覺疾病,AR,來源基因層級；疾病層級待核實,一般 AR 待審,未逐疾病審查,GenIE 彙整值待審,617,59,977,796,名称已對接不等於頻率適用；按分流逐疾病審查。,621,604232,未啟用：尚缺適用頻率／assay DR確認,,,STANDARD_AR,HOLD,,PENDING_VALIDATION,MISSING,,
P0621,SPG11,604360,遺傳性痙攣性下身麻痺第 11 型,Hereditary spastic paraplegia 11,腦部與神經疾病,AR,來源基因層級；疾病層級待核實,一般 AR 待審,未逐疾病審查,GenIE 彙整值待審,264,351,978,797,名称已對接不等於頻率適用；按分流逐疾病審查。,622,604360,未啟用：尚缺適用頻率／assay DR確認,,,STANDARD_AR,HOLD,,PENDING_VALIDATION,MISSING,,
P0622,SPG7,607259,遺傳性痙攣性下肢麻痺第 7 型,Hereditary spastic paraplegia 7,腦部與神經疾病,AR,來源基因層級；疾病層級待核實,一般 AR 待審,未逐疾病審查,GenIE 彙整值待審,136,539,980,798,名称已對接不等於頻率適用；按分流逐疾病審查。,623,607259,未啟用：尚缺適用頻率／assay DR確認,,,STANDARD_AR,HOLD,,PENDING_VALIDATION,MISSING,,
P0623,SPR,612716,多巴胺反應性肌張力不全症,Dopa-responsive dystonia due to sepiapterin reductase deficiency,腦部與神經疾病,AR,來源基因層級；疾病層級待核實,一般 AR 待審,未逐疾病審查,GenIE 彙整值待審,1556,2077,982,799,名称已對接不等於頻率適用；按分流逐疾病審查。,624,612716,未啟用：尚缺適用頻率／assay DR確認,,,STANDARD_AR,HOLD,,PENDING_VALIDATION,MISSING,,
P0624,SRD5A2,264600,"46, XY 性發展障礙-SRD5A2 型","46,XY disorder of sex development due to 5-alpha-reductase 2 deficiency",內分泌疾病,AR,來源基因層級；疾病層級待核實,一般 AR 待審,未逐疾病審查,GenIE 彙整值待審,400,98,983,800,名称已對接不等於頻率適用；按分流逐疾病審查。,625,264600,未啟用：尚缺適用頻率／assay DR確認,,,STANDARD_AR,HOLD,,PENDING_VALIDATION,MISSING,,
P0625,ST3GAL5,609056,GM3 合成酶缺乏症,GM3 synthase deficiency,先天性代謝疾病,AR,來源基因層級；疾病層級待核實,一般 AR 待審,未逐疾病審查,GenIE 彙整值待審,1551,517,984,801,名称已對接不等於頻率適用；按分流逐疾病審查。,626,609056,未啟用：尚缺適用頻率／assay DR確認,,,STANDARD_AR,HOLD,,PENDING_VALIDATION,MISSING,,
P0626,STAR,201710,脂質先天性腎上腺發育不全,Lipoid congenital adrenal hyperplasia,內分泌疾病,AR,來源基因層級；疾病層級待核實,一般 AR 待審,未逐疾病審查,GenIE 彙整值待審,1133,379,985,802,名称已對接不等於頻率適用；按分流逐疾病審查。,627,201710,未啟用：尚缺適用頻率／assay DR確認,,,STANDARD_AR,HOLD,,PENDING_VALIDATION,MISSING,,
P0627,STX11,603552,家族性噬血球性淋巴組織球增多症第 4 型,Familial hemophagocytic lymphohistiocytosis 4,免疫疾病,AR,來源基因層級；疾病層級待核實,一般 AR 待審,未逐疾病審查,GenIE 彙整值待審,7829,22444,987,803,名称已對接不等於頻率適用；按分流逐疾病審查。,628,603552,未啟用：尚缺適用頻率／assay DR確認,,,STANDARD_AR,HOLD,,PENDING_VALIDATION,MISSING,,
P0628,STXBP2,613101,家族性噬血球性淋巴組織球增多症第 5 型,Familial hemophagocytic lymphohistiocytosis 5,免疫疾病,AR,來源基因層級；疾病層級待核實,一般 AR 待審,未逐疾病審查,GenIE 彙整值待審,549,1510,988,804,名称已對接不等於頻率適用；按分流逐疾病審查。,629,613101,未啟用：尚缺適用頻率／assay DR確認,,,STANDARD_AR,HOLD,,PENDING_VALIDATION,MISSING,,
P0629,SUMF1,272200,多發性硫酸脂酶缺乏症,Multiple sulfatase deficiency,先天性代謝疾病,AR,來源基因層級；疾病層級待核實,一般 AR 待審,未逐疾病審查,GenIE 彙整值待審,1100,2245,990; 991,805,名称已對接不等於頻率適用；按分流逐疾病審查。,630,272200,未啟用：尚缺適用頻率／assay DR確認,,,STANDARD_AR,HOLD,,PENDING_VALIDATION,MISSING,,
P0630,SUOX,272300,亞硫酸鹽氧化酶缺乏症,Sulfite oxidase deficiency,先天性代謝疾病,AR,來源基因層級；疾病層級待核實,一般 AR 待審,未逐疾病審查,GenIE 彙整值待審,1498,576,992,806,名称已對接不等於頻率適用；按分流逐疾病審查。,631,272300,未啟用：尚缺適用頻率／assay DR確認,,,STANDARD_AR,HOLD,,PENDING_VALIDATION,MISSING,,
P0631,SURF1,220110,粒線體複合體 4 缺乏症，核型 1,"Mitochondrial complex IV deficiency, nuclear type 1",先天性代謝疾病,AR,來源基因層級；疾病層級待核實,多疾病／多機制待審,未逐疾病審查,GenIE 彙整值待審,367,666,993,807,名称已對接不等於頻率適用；按分流逐疾病審查。,632,220110,未啟用：尚缺適用頻率／assay DR確認,,,STANDARD_AR,HOLD,,PENDING_VALIDATION,MISSING,,
P0632,SURF1,616684,Charcot-Marie-Tooth 氏症第 4K 型,"Charcot-Marie-Tooth disease, type 4K",腦部與神經疾病,AR,來源基因層級；疾病層級待核實,多疾病／多機制待審,未逐疾病審查,GenIE 彙整值待審,367,666,993,807,名称已對接不等於頻率適用；按分流逐疾病審查。,633,616684,未啟用：尚缺適用頻率／assay DR確認,,,STANDARD_AR,HOLD,,PENDING_VALIDATION,MISSING,,
P0633,SYN1,300491,X染色體性聯遺傳癲癇伴隨多樣性學習障礙,X-linked epilepsy with variable learning disabilities and behavior disorders,腦部與神經疾病,XL,來源基因層級；疾病層級待核實,XL 待審,未逐疾病審查,補值來源待審,50000,,994,808,名称已對接不等於頻率適用；按分流逐疾病審查。,634,300491,未啟用：尚缺適用頻率／assay DR確認,,,STANDARD_XL,HOLD,,PENDING_VALIDATION,MISSING,,
P0634,SYNE4,615540,體染色體隱性非症候群性聽力損失 76,Autosomal recessive nonsyndromic hearing loss 76,耳部與聽覺疾病,AR,來源基因層級；疾病層級待核實,一般 AR 待審,未逐疾病審查,GenIE 彙整值待審,398,1599,995,809,名称已對接不等於頻率適用；按分流逐疾病審查。,635,615540,未啟用：尚缺適用頻率／assay DR確認,,,STANDARD_AR,HOLD,,PENDING_VALIDATION,MISSING,,
P0635,TAFAZZIN,302060,巴氏症候群,Barth syndrome,先天性代謝疾病,XL,來源基因層級；疾病層級待核實,XL 待審,未逐疾病審查,補值來源待審,225000,,998,,名称已對接不等於頻率適用；按分流逐疾病審查。,636,302060,未啟用：尚缺適用頻率／assay DR確認,,,STANDARD_XL,HOLD,,PENDING_VALIDATION,MISSING,,
P0636,TANGO2,616878,復發性代謝性腦肌病危象-橫紋肌溶解-心律不整-智能障礙症候群,Recurrent metabolic encephalomyopathic crises-rhabdomyolysis-cardiac arrhythmia-intellectual disability syndrome,先天性代謝疾病,AR,來源基因層級；疾病層級待核實,一般 AR 待審,未逐疾病審查,GenIE 彙整值待審,2368,5476,996,810,名称已對接不等於頻率適用；按分流逐疾病審查。,637,616878,未啟用：尚缺適用頻率／assay DR確認,,,STANDARD_AR,HOLD,,PENDING_VALIDATION,MISSING,,
P0637,TAT,276600,高酪胺酸血症第 II 型,Tyrosinemia type II,先天性代謝疾病,AR,來源基因層級；疾病層級待核實,一般 AR 待審,未逐疾病審查,GenIE 彙整值待審,1891,2398,997,811,名称已對接不等於頻率適用；按分流逐疾病審查。,638,276600,未啟用：尚缺適用頻率／assay DR確認,,,STANDARD_AR,HOLD,,PENDING_VALIDATION,MISSING,,
P0638,TBC1D24,220500,DOORS症候群,DOORS syndrome,多症狀疾病,AR,來源基因層級；疾病層級待核實,多疾病／多機制待審,未逐疾病審查,GenIE 彙整值待審,903,879,,,名称已對接不等於頻率適用；按分流逐疾病審查。,639,220500,未啟用：尚缺適用頻率／assay DR確認,,,STANDARD_AR,HOLD,,PENDING_VALIDATION,MISSING,,
P0639,TBC1D24,615338,早發性癲癇性腦病變第16型,Developmental and epileptic encephalopathy 16,腦部與神經疾病,AR,來源基因層級；疾病層級待核實,多疾病／多機制待審,未逐疾病審查,GenIE 彙整值待審,903,879,,,名称已對接不等於頻率適用；按分流逐疾病審查。,640,615338,未啟用：尚缺適用頻率／assay DR確認,,,STANDARD_AR,HOLD,,PENDING_VALIDATION,MISSING,,
P0640,TBCD,617193,早發性進行性彌漫性腦萎縮-小頭症-肌無力-視神經萎縮症候群,Early-onset progressive diffuse brain atrophy-microcephaly-muscle weakness-optic atrophy syndrome,腦部與神經疾病,AR,來源基因層級；疾病層級待核實,一般 AR 待審,未逐疾病審查,GenIE 彙整值待審,1127,1353,999,812,名称已對接不等於頻率適用；按分流逐疾病審查。,641,617193,未啟用：尚缺適用頻率／assay DR確認,,,STANDARD_AR,HOLD,,PENDING_VALIDATION,MISSING,,
P0641,TBCE,241410,副甲狀腺功能低下症併智能發展遲緩和發育異常症候群,Hypoparathyroidism-retardation-dysmorphism syndrome,內分泌疾病,AR,來源基因層級；疾病層級待核實,一般 AR 待審,未逐疾病審查,GenIE 彙整值待審,995,1247,1000,813,名称已對接不等於頻率適用；按分流逐疾病審查。,642,241410,未啟用：尚缺適用頻率／assay DR確認,,,STANDARD_AR,HOLD,,PENDING_VALIDATION,MISSING,,
P0642,TCIRG1,259700,體染色體隱性骨質石化症,Autosomal recessive osteopetrosis,骨骼疾病,AR,來源基因層級；疾病層級待核實,一般 AR 待審,未逐疾病審查,GenIE 彙整值待審,601,768,1002,814,名称已對接不等於頻率適用；按分流逐疾病審查。,643,259700,未啟用：尚缺適用頻率／assay DR確認,,,STANDARD_AR,HOLD,,PENDING_VALIDATION,MISSING,,
P0643,TCN2,275350,轉鈷胺素 II 缺乏症,Transcobalamin II deficiency,先天性代謝疾病,AR,來源基因層級；疾病層級待核實,一般 AR 待審,未逐疾病審查,GenIE 彙整值待審,944,2806,1003,815,名称已對接不等於頻率適用；按分流逐疾病審查。,644,275350,未啟用：尚缺適用頻率／assay DR確認,,,STANDARD_AR,HOLD,,PENDING_VALIDATION,MISSING,,
P0644,TECPR2,615031,遺傳性痙攣性下肢麻痺第 49 型,Hereditary spastic paraplegia 49,腦部與神經疾病,AR,來源基因層級；疾病層級待核實,一般 AR 待審,未逐疾病審查,GenIE 彙整值待審,1682,1867,1008,816,名称已對接不等於頻率適用；按分流逐疾病審查。,645,615031,未啟用：尚缺適用頻率／assay DR確認,,,STANDARD_AR,HOLD,,PENDING_VALIDATION,MISSING,,
P0645,TECTA,603629,遺傳性聽損第21型；遺傳性聽損第12型,"Deafness, autosomal recessive 21",耳部與聽覺疾病,AR,來源基因層級；疾病層級待核實,多疾病／多機制待審,未逐疾病審查,GenIE 彙整值待審,584,680,,817; 818,名称已對接不等於頻率適用；按分流逐疾病審查。,646,603629,未啟用：尚缺適用頻率／assay DR確認,,,STANDARD_AR,HOLD,,PENDING_VALIDATION,MISSING,,
P0646,TECTA,601543,遺傳性聽損第21型；遺傳性聽損第12型,"Deafness, autosomal dominant 8/12",耳部與聽覺疾病,AR,來源基因層級；疾病層級待核實,多疾病／多機制待審,未逐疾病審查,GenIE 彙整值待審,584,680,,817; 818,名称已對接不等於頻率適用；按分流逐疾病審查。,647,601543,未啟用：尚缺適用頻率／assay DR確認,,,STANDARD_AR,HOLD,,PENDING_VALIDATION,MISSING,,
P0647,TERT,613989,體染色體隱性先天性角化不良症第 4 型,"Dyskeratosis congenita, autosomal recessive 4",血液疾病,AR,來源基因層級；疾病層級待核實,一般 AR 待審,未逐疾病審查,GenIE 彙整值待審,2533,4139,1009,819,名称已對接不等於頻率適用；按分流逐疾病審查。,648,613989,未啟用：尚缺適用頻率／assay DR確認,,,STANDARD_AR,HOLD,,PENDING_VALIDATION,MISSING,,
P0648,TF,209300,先天性無運鐵蛋白症,Atransferrinemia,血液疾病,AR,來源基因層級；疾病層級待核實,一般 AR 待審,未逐疾病審查,GenIE 彙整值待審,3000,5611,1010,820,名称已對接不等於頻率適用；按分流逐疾病審查。,649,209300,未啟用：尚缺適用頻率／assay DR確認,,,STANDARD_AR,HOLD,,PENDING_VALIDATION,MISSING,,
P0649,TFR2,604250,血色素沉著症第 3 型,Hemochromatosis type 3,血液疾病,AR,來源基因層級；疾病層級待核實,一般 AR 待審,未逐疾病審查,GenIE 彙整值待審,899,2219,1011,821,名称已對接不等於頻率適用；按分流逐疾病審查。,650,604250,未啟用：尚缺適用頻率／assay DR確認,,,STANDARD_AR,HOLD,,PENDING_VALIDATION,MISSING,,
P0650,TG,274700,甲狀腺素合成異常 3 型,Thyroid dyshormonogenesis 3,內分泌疾病,AR,來源基因層級；疾病層級待核實,一般 AR 待審,未逐疾病審查,GenIE 彙整值待審,225,247,1012,822,名称已對接不等於頻率適用；按分流逐疾病審查。,651,274700,未啟用：尚缺適用頻率／assay DR確認,,,STANDARD_AR,HOLD,,PENDING_VALIDATION,MISSING,,
P0651,TGM1,242300,體染色體隱性先天性魚鱗癬第 1 型,Autosomal recessive congenital ichthyosis 1,皮膚與毛髮疾病,AR,來源基因層級；疾病層級待核實,一般 AR 待審,未逐疾病審查,GenIE 彙整值待審,260,258,1013,823,名称已對接不等於頻率適用；按分流逐疾病審查。,652,242300,未啟用：尚缺適用頻率／assay DR確認,,,STANDARD_AR,HOLD,,PENDING_VALIDATION,MISSING,,
P0652,TH,605407,Segawa症候群,Segawa syndrome,腦部與神經疾病,AR,來源基因層級；疾病層級待核實,一般 AR 待審,未逐疾病審查,GenIE 彙整值待審,885,387,1014,824,名称已對接不等於頻率適用；按分流逐疾病審查。,653,605407,未啟用：尚缺適用頻率／assay DR確認,,,STANDARD_AR,HOLD,,PENDING_VALIDATION,MISSING,,
P0653,THOC2,300957,X 性聯遺傳智能障礙-身材矮小-體重過重症候群,X-linked intellectual disability-short stature-overweight syndrome,腦部與神經疾病,XL,來源基因層級；疾病層級待核實,XL 待審,未逐疾病審查,補值來源待審,50000,,1015,825,名称已對接不等於頻率適用；按分流逐疾病審查。,654,300957,未啟用：尚缺適用頻率／assay DR確認,,,STANDARD_XL,HOLD,,PENDING_VALIDATION,MISSING,,
P0654,TJP2,615878,進行性家族性肝內膽汁滯留症第4型,"Cholestasis, progressive familial intrahepatic 4",消化疾病,AR,來源基因層級；疾病層級待核實,多疾病／多機制待審,未逐疾病審查,GenIE 彙整值待審,1104,1066,,826,名称已對接不等於頻率適用；按分流逐疾病審查。,655,615878,未啟用：尚缺適用頻率／assay DR確認,,,STANDARD_AR,HOLD,,PENDING_VALIDATION,MISSING,,
P0655,TJP2,607748,家族性高膽汁酸血症第1型,"Hypercholanemia, familial 1",消化疾病,AR,來源基因層級；疾病層級待核實,多疾病／多機制待審,未逐疾病審查,GenIE 彙整值待審,1104,1066,,826,名称已對接不等於頻率適用；按分流逐疾病審查。,656,607748,未啟用：尚缺適用頻率／assay DR確認,,,STANDARD_AR,HOLD,,PENDING_VALIDATION,MISSING,,
P0656,TK2,609560,粒線體DNA耗竭症候群第 2 型(肌肉病變型),Mitochondrial DNA depletion syndrome 2 (myopathic type),先天性代謝疾病,AR,來源基因層級；疾病層級待核實,一般 AR 待審,未逐疾病審查,GenIE 彙整值待審,819,856,1016,827,名称已對接不等於頻率適用；按分流逐疾病審查。,657,609560,未啟用：尚缺適用頻率／assay DR確認,,,STANDARD_AR,HOLD,,PENDING_VALIDATION,MISSING,,
P0657,TMC1,600974,體染色體隱性非症候群性聽力損失 7,Autosomal recessive nonsyndromic hearing loss 7,耳部與聽覺疾病,AR,來源基因層級；疾病層級待核實,一般 AR 待審,未逐疾病審查,GenIE 彙整值待審,308,394,1017,828,名称已對接不等於頻率適用；按分流逐疾病審查。,658,600974,未啟用：尚缺適用頻率／assay DR確認,,,STANDARD_AR,HOLD,,PENDING_VALIDATION,MISSING,,
P0658,TMEM216,608091,Joubert 症候群第 2 型,Joubert syndrome 2,腦部與神經疾病,AR,來源基因層級；疾病層級待核實,一般 AR 待審,未逐疾病審查,GenIE 彙整值待審,1496,3742,1019; 1020,829,名称已對接不等於頻率適用；按分流逐疾病審查。,659,608091,未啟用：尚缺適用頻率／assay DR確認,,,STANDARD_AR,HOLD,,PENDING_VALIDATION,MISSING,,
P0659,TMEM67,216360,COACH 症候群第 1 型,COACH syndrome 1,腦部與神經疾病,AR,來源基因層級；疾病層級待核實,多疾病／多機制待審,未逐疾病審查,GenIE 彙整值待審,285,302,1024,830,名称已對接不等於頻率適用；按分流逐疾病審查。,660,216360,未啟用：尚缺適用頻率／assay DR確認,,,STANDARD_AR,HOLD,,PENDING_VALIDATION,MISSING,,
P0660,TMEM67,607361,Meckel 症候群第 3 型,"Meckel syndrome, type 3",多症狀疾病,AR,來源基因層級；疾病層級待核實,多疾病／多機制待審,未逐疾病審查,GenIE 彙整值待審,285,302,1024,830,名称已對接不等於頻率適用；按分流逐疾病審查。,661,607361,未啟用：尚缺適用頻率／assay DR確認,,,STANDARD_AR,HOLD,,PENDING_VALIDATION,MISSING,,
P0661,TMEM67,610688,Joubert氏症候群第 6 型,Joubert syndrome 6,腦部與神經疾病,AR,來源基因層級；疾病層級待核實,多疾病／多機制待審,未逐疾病審查,GenIE 彙整值待審,285,302,1024,830,名称已對接不等於頻率適用；按分流逐疾病審查。,662,610688,未啟用：尚缺適用頻率／assay DR確認,,,STANDARD_AR,HOLD,,PENDING_VALIDATION,MISSING,,
P0662,TMPRSS3,601072,體染色體隱性非症候群性聽力損失 8,Autosomal recessive nonsyndromic hearing loss 8,耳部與聽覺疾病,AR,來源基因層級；疾病層級待核實,一般 AR 待審,未逐疾病審查,GenIE 彙整值待審,91,271,1026,831,名称已對接不等於頻率適用；按分流逐疾病審查。,663,601072,未啟用：尚缺適用頻率／assay DR確認,,,STANDARD_AR,HOLD,,PENDING_VALIDATION,MISSING,,
P0663,TNXB,606408,Ehlers-Danlos症候群,Ehlers-Danlos syndrome due to tenascin-X deficiency,結締組織疾病,AR,來源基因層級；疾病層級待核實,一般 AR 待審,未逐疾病審查,GenIE 彙整值待審,394,279,1028,832,名称已對接不等於頻率適用；按分流逐疾病審查。,664,606408,未啟用：尚缺適用頻率／assay DR確認,,,STANDARD_AR,HOLD,,PENDING_VALIDATION,MISSING,,
P0664,TPO,274500,甲狀腺素合成異常 2A 型,Thyroid dyshormonogenesis 2A,內分泌疾病,AR,來源基因層級；疾病層級待核實,一般 AR 待審,未逐疾病審查,GenIE 彙整值待審,247,267,1029,833,名称已對接不等於頻率適用；按分流逐疾病審查。,665,274500,未啟用：尚缺適用頻率／assay DR確認,,,STANDARD_AR,HOLD,,PENDING_VALIDATION,MISSING,,
P0665,TPP1,204500,神經元蠟樣脂褐質沉著疾病 2 型,Neuronal ceroid lipofuscinosis 2,腦部與神經疾病,AR,來源基因層級；疾病層級待核實,一般 AR 待審,未逐疾病審查,GenIE 彙整值待審,241,1321,1030; 1031,834,名称已對接不等於頻率適用；按分流逐疾病審查。,666,204500,未啟用：尚缺適用頻率／assay DR確認,,,STANDARD_AR,HOLD,,PENDING_VALIDATION,MISSING,,
P0666,TRDN,615441,兒茶酚胺敏感性多形性室性心搏過速(CPVT)第 5 型,Catecholaminergic polymorphic ventricular tachycardia 5,心血管疾病,AR,來源基因層級；疾病層級待核實,一般 AR 待審,未逐疾病審查,GenIE 彙整值待審,274,364,1033,835,名称已對接不等於頻率適用；按分流逐疾病審查。,667,615441,未啟用：尚缺適用頻率／assay DR確認,,,STANDARD_AR,HOLD,,PENDING_VALIDATION,MISSING,,
P0667,TREX1,225750,Aicardi-Goutières 症候群第 1 型,Aicardi-goutieres syndrome 1,腦部與神經疾病,AR,來源基因層級；疾病層級待核實,一般 AR 待審,未逐疾病審查,GenIE 彙整值待審,521,607,1034,836,名称已對接不等於頻率適用；按分流逐疾病審查。,668,225750,未啟用：尚缺適用頻率／assay DR確認,,,STANDARD_AR,HOLD,,PENDING_VALIDATION,MISSING,,
P0668,TRIM32,254110,肢帶型肌肉失養症第 2H 型,Limb-girdle muscular dystrophy type 2H,肌肉疾病,AR,來源基因層級；疾病層級待核實,一般 AR 待審,未逐疾病審查,GenIE 彙整值待審,3322,3740,1036; 1037,837,名称已對接不等於頻率適用；按分流逐疾病審查。,669,254110,未啟用：尚缺適用頻率／assay DR確認,,,STANDARD_AR,HOLD,,PENDING_VALIDATION,MISSING,,
P0669,TRIM37,253250,Mulibrey 侏儒症,Mulibrey nanism,多症狀疾病,AR,來源基因層級；疾病層級待核實,一般 AR 待審,未逐疾病審查,GenIE 彙整值待審,728,924,1038,838,名称已對接不等於頻率適用；按分流逐疾病審查。,670,253250,未啟用：尚缺適用頻率／assay DR確認,,,STANDARD_AR,HOLD,,PENDING_VALIDATION,MISSING,,
P0670,TRIP11,200600,軟骨發生不全症第1A型,"Achondrogenesis, type IA",骨骼疾病,AR,來源基因層級；疾病層級待核實,多疾病／多機制待審,未逐疾病審查,GenIE 彙整值待審,453,935,,839,名称已對接不等於頻率適用；按分流逐疾病審查。,671,200600,未啟用：尚缺適用頻率／assay DR確認,,,STANDARD_AR,HOLD,,PENDING_VALIDATION,MISSING,,
P0671,TRIP11,184260,牙齒軟骨發育不良症第1型,Odontochondrodysplasia 1,骨骼疾病,AR,來源基因層級；疾病層級待核實,多疾病／多機制待審,未逐疾病審查,GenIE 彙整值待審,453,935,,839,名称已對接不等於頻率適用；按分流逐疾病審查。,672,184260,未啟用：尚缺適用頻率／assay DR確認,,,STANDARD_AR,HOLD,,PENDING_VALIDATION,MISSING,,
P0672,TRMU,613070,嬰兒暫時性肝衰竭,"Liver failure, transient infantile",先天性代謝疾病,AR,來源基因層級；疾病層級待核實,一般 AR 待審,未逐疾病審查,GenIE 彙整值待審,764,1592,1039; 1040,840,名称已對接不等於頻率適用；按分流逐疾病審查。,673,613070,未啟用：尚缺適用頻率／assay DR確認,,,STANDARD_AR,HOLD,,PENDING_VALIDATION,MISSING,,
P0673,TRPM1,613216,先天性靜止性夜盲症第1C型,"Night blindness, congenital stationary (complete), 1C, autosomal recessive",眼部與視覺疾病,AR,來源基因層級；疾病層級待核實,一般 AR 待審,未逐疾病審查,GenIE 彙整值待審,499,271,,,名称已對接不等於頻率適用；按分流逐疾病審查。,674,613216,未啟用：尚缺適用頻率／assay DR確認,,,STANDARD_AR,HOLD,,PENDING_VALIDATION,MISSING,,
P0674,TSEN54,277470,橋腦小腦發育不全第 2 型,Pontocerebellar hypoplasia type 2,腦部與神經疾病,AR,來源基因層級；疾病層級待核實,一般 AR 待審,未逐疾病審查,GenIE 彙整值待審,303,1200,1044,841,名称已對接不等於頻率適用；按分流逐疾病審查。,675,277470,未啟用：尚缺適用頻率／assay DR確認,,,STANDARD_AR,HOLD,,PENDING_VALIDATION,MISSING,,
P0675,TSFM,610505,氧化磷酸化缺失症第 3 型,Combined oxidative phosphorylation deficiency 3,先天性代謝疾病,AR,來源基因層級；疾病層級待核實,一般 AR 待審,未逐疾病審查,GenIE 彙整值待審,543,2036,1045; 1046,842,名称已對接不等於頻率適用；按分流逐疾病審查。,676,610505,未啟用：尚缺適用頻率／assay DR確認,,,STANDARD_AR,HOLD,,PENDING_VALIDATION,MISSING,,
P0676,TSHB,275100,先天性甲狀腺低功能症-TSHB型,"Hypothyroidism, congenital, nongoitrous 4",內分泌疾病,AR,來源基因層級；疾病層級待核實,一般 AR 待審,未逐疾病審查,GenIE 彙整值待審,1267,2493,1047,843,名称已對接不等於頻率適用；按分流逐疾病審查。,677,275100,未啟用：尚缺適用頻率／assay DR確認,,,STANDARD_AR,HOLD,,PENDING_VALIDATION,MISSING,,
P0677,TSHR,275200,先天性甲狀腺機能低下症-TSHR型,"Hypothyroidism, congenital, nongoitrous, 1",內分泌疾病,AR,來源基因層級；疾病層級待核實,一般 AR 待審,未逐疾病審查,GenIE 彙整值待審,424,122,1048,844,名称已對接不等於頻率適用；按分流逐疾病審查。,678,275200,未啟用：尚缺適用頻率／assay DR確認,,,STANDARD_AR,HOLD,,PENDING_VALIDATION,MISSING,,
P0678,TTN,608807,體染色體隱性遺傳肢帶型肌肉失養症第10型,"Muscular dystrophy, limb-girdle, autosomal recessive 10",肌肉疾病,AR,來源基因層級；疾病層級待核實,一般 AR 待審,未逐疾病審查,GenIE 彙整值待審,77,64,,845,名称已對接不等於頻率適用；按分流逐疾病審查。,679,608807,未啟用：尚缺適用頻率／assay DR確認,,,STANDARD_AR,HOLD,,PENDING_VALIDATION,MISSING,,
P0679,TTPA,277460,維他命E缺乏共濟失調症,Ataxia with isolated vitamin E deficiency,腦部與神經疾病,AR,來源基因層級；疾病層級待核實,一般 AR 待審,未逐疾病審查,GenIE 彙整值待審,967,2454,1052; 1053,846,名称已對接不等於頻率適用；按分流逐疾病審查。,680,277460,未啟用：尚缺適用頻率／assay DR確認,,,STANDARD_AR,HOLD,,PENDING_VALIDATION,MISSING,,
P0680,TULP1,613843,萊伯氏先天性黑曚症第 15 型,Leber congenital amaurosis 15,眼部與視覺疾病,AR,來源基因層級；疾病層級待核實,多疾病／多機制待審,未逐疾病審查,GenIE 彙整值待審,840,637,1054,847,名称已對接不等於頻率適用；按分流逐疾病審查。,681,613843,未啟用：尚缺適用頻率／assay DR確認,,,STANDARD_AR,HOLD,,PENDING_VALIDATION,MISSING,,
P0681,TULP1,600132,視網膜色素變性第 14 型,Retinitis pigmentosa 14,眼部與視覺疾病,AR,來源基因層級；疾病層級待核實,多疾病／多機制待審,未逐疾病審查,GenIE 彙整值待審,840,637,1054,847,名称已對接不等於頻率適用；按分流逐疾病審查。,682,600132,未啟用：尚缺適用頻率／assay DR確認,,,STANDARD_AR,HOLD,,PENDING_VALIDATION,MISSING,,
P0682,TYMP,603041,粒線體DNA耗竭症候群第 1 型 (MNGIE型),Mitochondrial DNA depletion syndrome 1 (MNGIE type),先天性代謝疾病,AR,來源基因層級；疾病層級待核實,一般 AR 待審,未逐疾病審查,GenIE 彙整值待審,570,3598,1055,848,名称已對接不等於頻率適用；按分流逐疾病審查。,683,603041,未啟用：尚缺適用頻率／assay DR確認,,,STANDARD_AR,HOLD,,PENDING_VALIDATION,MISSING,,
P0683,TYR,203100,眼睛皮膚白化症第 1a 型,Oculocutaneous albinism type 1a,皮膚與毛髮疾病,AR,來源基因層級；疾病層級待核實,一般 AR 待審,未逐疾病審查,GenIE 彙整值待審,119,120,1056,849,名称已對接不等於頻率適用；按分流逐疾病審查。,684,203100,未啟用：尚缺適用頻率／assay DR確認,,,STANDARD_AR,HOLD,,PENDING_VALIDATION,MISSING,,
P0684,TYRP1,203290,眼睛皮膚白化症第 3 型,Oculocutaneous albinism type 3,皮膚與毛髮疾病,AR,來源基因層級；疾病層級待核實,一般 AR 待審,未逐疾病審查,GenIE 彙整值待審,633,1181,1057; 1058,850,名称已對接不等於頻率適用；按分流逐疾病審查。,685,203290,未啟用：尚缺適用頻率／assay DR確認,,,STANDARD_AR,HOLD,,PENDING_VALIDATION,MISSING,,
P0685,UBR1,243800,Johanson-Blizzard 症候群,Johanson-Blizzard syndrome,多症狀疾病,AR,來源基因層級；疾病層級待核實,一般 AR 待審,未逐疾病審查,GenIE 彙整值待審,1711,5605,1059,851,名称已對接不等於頻率適用；按分流逐疾病審查。,686,243800,未啟用：尚缺適用頻率／assay DR確認,,,STANDARD_AR,HOLD,,PENDING_VALIDATION,MISSING,,
P0686,UGT1A1,218800,Crigler-Najjar 症候群第I型,"Crigler-Najjar syndrome, type I",先天性代謝疾病,AR,來源基因層級；疾病層級待核實,多疾病／多機制待審,未逐疾病審查,GenIE 彙整值待審,992,229,1060,852,名称已對接不等於頻率適用；按分流逐疾病審查。,687,218800,未啟用：尚缺適用頻率／assay DR確認,,,STANDARD_AR,HOLD,,PENDING_VALIDATION,MISSING,,
P0687,UGT1A1,606785,Crigler-Najjar 症候群第II型,"Crigler-Najjar syndrome, type II",先天性代謝疾病,AR,來源基因層級；疾病層級待核實,多疾病／多機制待審,未逐疾病審查,GenIE 彙整值待審,992,229,1060,852,名称已對接不等於頻率適用；按分流逐疾病審查。,688,606785,未啟用：尚缺適用頻率／assay DR確認,,,STANDARD_AR,HOLD,,PENDING_VALIDATION,MISSING,,
P0688,UGT1A1,143500,Gilbert 症候群,Gilbert syndrome,先天性代謝疾病,AR,來源基因層級；疾病層級待核實,多疾病／多機制待審,未逐疾病審查,GenIE 彙整值待審,992,229,1060,852,名称已對接不等於頻率適用；按分流逐疾病審查。,689,143500,未啟用：尚缺適用頻率／assay DR確認,,,STANDARD_AR,HOLD,,PENDING_VALIDATION,MISSING,,
P0689,UNC13D,608898,家族性噬血球性淋巴組織球增多症第 3 型,Familial hemophagocytic lymphohistiocytosis 3,免疫疾病,AR,來源基因層級；疾病層級待核實,一般 AR 待審,未逐疾病審查,GenIE 彙整值待審,408,542,1061,853,名称已對接不等於頻率適用；按分流逐疾病審查。,690,608898,未啟用：尚缺適用頻率／assay DR確認,,,STANDARD_AR,HOLD,,PENDING_VALIDATION,MISSING,,
P0690,UPF3B,300676,X 性聯遺傳智能障礙合併類馬凡氏體態,X-linked intellectual disability with marfanoid habitus,腦部與神經疾病,XL,來源基因層級；疾病層級待核實,XL 待審,未逐疾病審查,補值來源待審,50000,,1063,854,名称已對接不等於頻率適用；按分流逐疾病審查。,691,300676,未啟用：尚缺適用頻率／assay DR確認,,,STANDARD_XL,HOLD,,PENDING_VALIDATION,MISSING,,
P0691,USH1C,276904,Usher 症候群第 1C 型,Usher syndrome type 1C,耳部與聽覺疾病,AR,來源基因層級；疾病層級待核實,一般 AR 待審,未逐疾病審查,GenIE 彙整值待審,294,495,1064; 1065,855,名称已對接不等於頻率適用；按分流逐疾病審查。,692,276904,未啟用：尚缺適用頻率／assay DR確認,,,STANDARD_AR,HOLD,,PENDING_VALIDATION,MISSING,,
P0692,USH1G,606943,Usher 症候群第 1G 型,Usher syndrome type 1G,耳部與聽覺疾病,AR,來源基因層級；疾病層級待核實,一般 AR 待審,未逐疾病審查,GenIE 彙整值待審,3461,2146,1066,856,名称已對接不等於頻率適用；按分流逐疾病審查。,693,606943,未啟用：尚缺適用頻率／assay DR確認,,,STANDARD_AR,HOLD,,PENDING_VALIDATION,MISSING,,
P0693,USH2A,276901,Usher 症候群第 2A 型,Usher syndrome type 2A,耳部與聽覺疾病,AR,來源基因層級；疾病層級待核實,一般 AR 待審,未逐疾病審查,GenIE 彙整值待審,60,61,1067; 1068; 1069; 1070,857; 858; 859; 860; 861,名称已對接不等於頻率適用；按分流逐疾病審查。,694,276901,未啟用：尚缺適用頻率／assay DR確認,,,STANDARD_AR,HOLD,,PENDING_VALIDATION,MISSING,,
P0694,VDR,277440,維生素 D 依賴性佝僂症第 2A 型,"Vitamin D-dependent rickets, type 2A",骨骼疾病,AR,來源基因層級；疾病層級待核實,一般 AR 待審,未逐疾病審查,GenIE 彙整值待審,4541,5610,1071,862,名称已對接不等於頻率適用；按分流逐疾病審查。,695,277440,未啟用：尚缺適用頻率／assay DR確認,,,STANDARD_AR,HOLD,,PENDING_VALIDATION,MISSING,,
P0695,VLDLR,224050,小腦運動失調、智能障礙和平衡失調症候群第 1 型,"Cerebellar ataxia, intellectual disability, and dysequilibrium syndrome 1",腦部與神經疾病,AR,來源基因層級；疾病層級待核實,一般 AR 待審,未逐疾病審查,GenIE 彙整值待審,2482,2422,1072,863,名称已對接不等於頻率適用；按分流逐疾病審查。,696,224050,未啟用：尚缺適用頻率／assay DR確認,,,STANDARD_AR,HOLD,,PENDING_VALIDATION,MISSING,,
P0696,VPS11,616683,髓鞘形成不足型白質失養症第 12 型,Hypomyelinating leukodystrophy 12,腦部與神經疾病,AR,來源基因層級；疾病層級待核實,一般 AR 待審,未逐疾病審查,GenIE 彙整值待審,2996,5612,1073,864,名称已對接不等於頻率適用；按分流逐疾病審查。,697,616683,未啟用：尚缺適用頻率／assay DR確認,,,STANDARD_AR,HOLD,,PENDING_VALIDATION,MISSING,,
P0697,VPS13A,200150,舞蹈症-棘紅細胞增多症,Chorea-acanthocytosis,腦部與神經疾病,AR,來源基因層級；疾病層級待核實,一般 AR 待審,未逐疾病審查,GenIE 彙整值待審,437,559,1074,865,名称已對接不等於頻率適用；按分流逐疾病審查。,698,200150,未啟用：尚缺適用頻率／assay DR確認,,,STANDARD_AR,HOLD,,PENDING_VALIDATION,MISSING,,
P0698,VPS13B,216550,科恩氏症候群,Cohen syndrome,多症狀疾病,AR,來源基因層級；疾病層級待核實,一般 AR 待審,未逐疾病審查,GenIE 彙整值待審,291,262,1075,866,名称已對接不等於頻率適用；按分流逐疾病審查。,699,216550,未啟用：尚缺適用頻率／assay DR確認,,,STANDARD_AR,HOLD,,PENDING_VALIDATION,MISSING,,
P0699,VPS45,615285,先天性嗜中性白血球減少症-骨髓纖維化-腎腫大症候群,Congenital neutropenia-myelofibrosis-nephromegaly syndrome,免疫疾病,AR,來源基因層級；疾病層級待核實,一般 AR 待審,未逐疾病審查,GenIE 彙整值待審,2769,1487,1076,867,名称已對接不等於頻率適用；按分流逐疾病審查。,700,615285,未啟用：尚缺適用頻率／assay DR確認,,,STANDARD_AR,HOLD,,PENDING_VALIDATION,MISSING,,
P0700,VPS53,615851,橋腦小腦發育不全第 2E 型,Pontocerebellar hypoplasia type 2E,腦部與神經疾病,AR,來源基因層級；疾病層級待核實,一般 AR 待審,未逐疾病審查,GenIE 彙整值待審,1596,2005,1077; 1078,868,名称已對接不等於頻率適用；按分流逐疾病審查。,701,615851,未啟用：尚缺適用頻率／assay DR確認,,,STANDARD_AR,HOLD,,PENDING_VALIDATION,MISSING,,
P0701,VRK1,607596,橋腦小腦發育不全第 1A 型,Pontocerebellar hypoplasia type 1A,腦部與神經疾病,AR,來源基因層級；疾病層級待核實,一般 AR 待審,未逐疾病審查,GenIE 彙整值待審,1758,3736,1079,869,名称已對接不等於頻率適用；按分流逐疾病審查。,702,607596,未啟用：尚缺適用頻率／assay DR確認,,,STANDARD_AR,HOLD,,PENDING_VALIDATION,MISSING,,
P0702,VSX2,610093,小眼球症第 2 型,"Microphthalmia, isolated 2",眼部與視覺疾病,AR,來源基因層級；疾病層級待核實,一般 AR 待審,未逐疾病審查,GenIE 彙整值待審,3685,2723,1080,870,名称已對接不等於頻率適用；按分流逐疾病審查。,703,610093,未啟用：尚缺適用頻率／assay DR確認,,,STANDARD_AR,HOLD,,PENDING_VALIDATION,MISSING,,
P0703,WAS,301000,Wiskott-Aldrich氏症候群,Wiskott-Aldrich syndrome,免疫疾病,XL,來源基因層級；疾病層級待核實,多疾病／多機制待審,未逐疾病審查,補值來源待審,125000,,1081,871,名称已對接不等於頻率適用；按分流逐疾病審查。,704,301000,未啟用：尚缺適用頻率／assay DR確認,,,STANDARD_XL,HOLD,,PENDING_VALIDATION,MISSING,,
P0704,WAS,313900,血小板缺乏症第 1 型,Thrombocytopenia 1,免疫疾病,XL,來源基因層級；疾病層級待核實,多疾病／多機制待審,未逐疾病審查,補值來源待審,125000,,1081,871,名称已對接不等於頻率適用；按分流逐疾病審查。,705,313900,未啟用：尚缺適用頻率／assay DR確認,,,STANDARD_XL,HOLD,,PENDING_VALIDATION,MISSING,,
P0705,WAS,300299,嚴重先天性嗜中性白血球低下症,Severe congenital neutropenia,免疫疾病,XL,來源基因層級；疾病層級待核實,多疾病／多機制待審,未逐疾病審查,補值來源待審,125000,,1081,871,名称已對接不等於頻率適用；按分流逐疾病審查。,706,300299,未啟用：尚缺適用頻率／assay DR確認,,,STANDARD_XL,HOLD,,PENDING_VALIDATION,MISSING,,
P0706,WDR19,614377,腎消耗病第 13 型,Nephronophthisis 13,腎臟泌尿疾病,AR,來源基因層級；疾病層級待核實,多疾病／多機制待審,未逐疾病審查,GenIE 彙整值待審,524,488,,,名称已對接不等於頻率適用；按分流逐疾病審查。,707,614377,未啟用：尚缺適用頻率／assay DR確認,,,STANDARD_AR,HOLD,,PENDING_VALIDATION,MISSING,,
P0707,WDR19,616307,Senior-Løken症候群第 8 型,Senior-Loken syndrome 8,腎臟泌尿疾病,AR,來源基因層級；疾病層級待核實,多疾病／多機制待審,未逐疾病審查,GenIE 彙整值待審,524,488,,,名称已對接不等於頻率適用；按分流逐疾病審查。,708,616307,未啟用：尚缺適用頻率／assay DR確認,,,STANDARD_AR,HOLD,,PENDING_VALIDATION,MISSING,,
P0708,WDR19,614376,短肋胸廓發育不良第 5 型,Short-rib thoracic dysplasia 5 with or without polydactyly,骨骼疾病,AR,來源基因層級；疾病層級待核實,多疾病／多機制待審,未逐疾病審查,GenIE 彙整值待審,524,488,,,名称已對接不等於頻率適用；按分流逐疾病審查。,709,614376,未啟用：尚缺適用頻率／assay DR確認,,,STANDARD_AR,HOLD,,PENDING_VALIDATION,MISSING,,
P0709,WFS1,222300,Wolfram症候群第1型,Wolfram syndrome 1,內分泌疾病,AR,來源基因層級；疾病層級待核實,一般 AR 待審,未逐疾病審查,GenIE 彙整值待審,259,432,,,名称已對接不等於頻率適用；按分流逐疾病審查。,710,222300,未啟用：尚缺適用頻率／assay DR確認,,,STANDARD_AR,HOLD,,PENDING_VALIDATION,MISSING,,
P0710,WHRN,611383,Usher 症候群第 2D 型,Usher syndrome type 2D,耳部與聽覺疾病,AR,來源基因層級；疾病層級待核實,一般 AR 待審,未逐疾病審查,GenIE 彙整值待審,2446,1716,1082,872,名称已對接不等於頻率適用；按分流逐疾病審查。,711,611383,未啟用：尚缺適用頻率／assay DR確認,,,STANDARD_AR,HOLD,,PENDING_VALIDATION,MISSING,,
P0711,WNT10A,257980,外胚層發育不良症,Odontoonychodermal dysplasia,皮膚與毛髮疾病,AR,來源基因層級；疾病層級待核實,多疾病／多機制待審,未逐疾病審查,GenIE 彙整值待審,263,628,1085,873,名称已對接不等於頻率適用；按分流逐疾病審查。,712,257980,未啟用：尚缺適用頻率／assay DR確認,,,STANDARD_AR,HOLD,,PENDING_VALIDATION,MISSING,,
P0712,WNT10A,224750,Schopf-Schulz-Passarge 症候群,Schopf-Schulz-Passarge syndrome,皮膚與毛髮疾病,AR,來源基因層級；疾病層級待核實,多疾病／多機制待審,未逐疾病審查,GenIE 彙整值待審,263,628,1085,873,名称已對接不等於頻率適用；按分流逐疾病審查。,713,224750,未啟用：尚缺適用頻率／assay DR確認,,,STANDARD_AR,HOLD,,PENDING_VALIDATION,MISSING,,
P0713,WRN,277700,Werner 症候群 (成人型早老症),Werner syndrome,多症狀疾病,AR,來源基因層級；疾病層級待核實,一般 AR 待審,未逐疾病審查,GenIE 彙整值待審,445,178,1086; 1087; 1088,874,名称已對接不等於頻率適用；按分流逐疾病審查。,714,277700,未啟用：尚缺適用頻率／assay DR確認,,,STANDARD_AR,HOLD,,PENDING_VALIDATION,MISSING,,
P0714,XPA,278700,著色性乾皮症 A 型,Xeroderma pigmentosum group A,皮膚與毛髮疾病,AR,來源基因層級；疾病層級待核實,一般 AR 待審,未逐疾病審查,GenIE 彙整值待審,914,422,1089; 1090,875,名称已對接不等於頻率適用；按分流逐疾病審查。,715,278700,未啟用：尚缺適用頻率／assay DR確認,,,STANDARD_AR,HOLD,,PENDING_VALIDATION,MISSING,,
P0715,XPC,278720,著色性乾皮症 C 型,Xeroderma pigmentosum group C,皮膚與毛髮疾病,AR,來源基因層級；疾病層級待核實,一般 AR 待審,未逐疾病審查,GenIE 彙整值待審,1194,1312,1091,876,名称已對接不等於頻率適用；按分流逐疾病審查。,716,278720,未啟用：尚缺適用頻率／assay DR確認,,,STANDARD_AR,HOLD,,PENDING_VALIDATION,MISSING,,
P0716,ZBTB24,614069,免疫缺陷-著絲粒不穩定-臉部異常症候群第 2 型,Immunodeficiency-centromeric instability-facial anomalies syndrome 2,免疫疾病,AR,來源基因層級；疾病層級待核實,一般 AR 待審,未逐疾病審查,GenIE 彙整值待審,2395,4489,1093,877,名称已對接不等於頻率適用；按分流逐疾病審查。,717,614069,未啟用：尚缺適用頻率／assay DR確認,,,STANDARD_AR,HOLD,,PENDING_VALIDATION,MISSING,,
P0717,ZDHHC9,300799,症候群性 X 性聯遺傳智能障礙 Raymond 型,Syndromic X-linked intellectual disability Raymond type,腦部與神經疾病,XL,來源基因層級；疾病層級待核實,XL 待審,未逐疾病審查,補值來源待審,50000,,1094,878,名称已對接不等於頻率適用；按分流逐疾病審查。,718,300799,未啟用：尚缺適用頻率／assay DR確認,,,STANDARD_XL,HOLD,,PENDING_VALIDATION,MISSING,,
P0718,ZFYVE26,270700,遺傳性痙攣性下肢麻痺第 15 型,Hereditary spastic paraplegia 15,腦部與神經疾病,AR,來源基因層級；疾病層級待核實,一般 AR 待審,未逐疾病審查,GenIE 彙整值待審,756,642,1095,879,名称已對接不等於頻率適用；按分流逐疾病審查。,719,270700,未啟用：尚缺適用頻率／assay DR確認,,,STANDARD_AR,HOLD,,PENDING_VALIDATION,MISSING,,
P0719,ZNF469,229200,脆性角膜症候群第 1 型,Brittle cornea syndrome 1,結締組織疾病,AR,來源基因層級；疾病層級待核實,一般 AR 待審,未逐疾病審查,GenIE 彙整值待審,4239,10222,1096,880,名称已對接不等於頻率適用；按分流逐疾病審查。,720,229200,未啟用：尚缺適用頻率／assay DR確認,,,STANDARD_AR,HOLD,,PENDING_VALIDATION,MISSING,,
P0720,ZNF711,300803,X 性聯遺傳智能障礙第 97 型,"Intellectual disability, x-linked 97",腦部與神經疾病,XL,來源基因層級；疾病層級待核實,XL 待審,未逐疾病審查,補值來源待審,50000,,1097,881,名称已對接不等於頻率適用；按分流逐疾病審查。,721,300803,未啟用：尚缺適用頻率／assay DR確認,,,STANDARD_XL,HOLD,,PENDING_VALIDATION,MISSING,,
P0721,SMN1,253300,脊髓性肌肉萎縮症,Spinal muscular atrophy,肌肉疾病,AR,疾病層級已對接；檢測方法需獨立處理,特殊模型待審,第一批初審,顯示用；不得直接作 WES residual-risk 輸入,54,59,963; 964; 965; 966; 967; 968; 969; 970,,SMA 需評估 SMN1 copy number 與 silent-carrier 狀態；保留帶因率供說明，不以本 WES 模型計算風險。,722,253300,未啟用：特殊檢測方法，走 dead page,,,SPECIAL_NGS_CHALLENGE,DEAD_PAGE,FIXED_NO_CALC,DISPLAY_ONLY,NOT_APPLICABLE,,SMN1 exon 7 copy-number／dosage analysis，並依方法評估 silent-carrier marker
