Gene,Condition Name,Inheritance,Ethnicity,Carrier Frequency,Detection Rate,Carrier Probability*,Residual Risk*,Source Page
AAAS,Achalasia-addisonianism-alacrimia syndrome,AR,General Population,<1 in 500,0.99,"1 in 49,901",<1 in 10 million,1
ABCA12,"Congenital ichthyosis, ABCA12-related",AR,General Population,<1 in 500,0.98,"1 in 24,951",<1 in 10 million,1
ABCA3,"Surfactant metabolism dysfunction, pulmonary 3",AR,General Population,1 in 116,0.99,"1 in 11,501","1 in 5,336,464",1
ABCA4,Stargardt disease,AR,General Population,1 in 51,0.98,"1 in 2,501","1 in 510,204",1
ABCB11,Progressive familial intrahepatic cholestasis,AR,General Population,1 in 112,0.98,"1 in 5,551","1 in 2,486,848",1
ABCB4,Progressive familial intrahepatic cholestasis,AR,General Population,<1 in 500,0.99,"1 in 49,901",<1 in 10 million,1
ABCC2,Dubin-Johnson syndrome,AR,General Population,<1 in 500,0.99,"1 in 49,901",<1 in 10 million,1
ABCC8,Familial hyperinsulinism,AR,General Population,1 in 112,0.98,"1 in 5,551","1 in 2,486,848",1
ABCC8,Familial hyperinsulinism,AR,Ashkenazi Jewish Population,1 in 44,0.98,"1 in 2,151","1 in 378,576",1
ABCC8,Familial hyperinsulinism,AR,Finnish Population,1 in 25,0.98,"1 in 1,201","1 in 120,100",1
ABCC8,Familial hyperinsulinism,AR,Middle-Eastern Population,1 in 25,0.98,"1 in 1,201","1 in 120,100",1
ABCD1,"Adrenoleukodystrophy, X-linked",XL,General Population,"1 in 21,000",0.99,"1 in 2,099,901","1 in 8,399,804",1
ABCD4,"Methylmalonic aciduria and homocystinuria, cblJ type",AR,General Population,<1 in 500,0.99,"1 in 49,901",<1 in 10 million,1
ACAD9,Acyl-CoA dehydrogenase-9 (ACAD9) deficiency,AR,General Population,<1 in 500,0.98,"1 in 24,951",<1 in 10 million,1
ACADM,Medium-chain acyl-CoA dehydrogenase (MCAD) deficiency,AR,General Population,1 in 69,0.98,"1 in 3,401","1 in 938,676",1
ACADM,Medium-chain acyl-CoA dehydrogenase (MCAD) deficiency,AR,Caucasian / European Population,1 in 52,0.99,"1 in 5,101","1 in 1,061,008",1
ACADM,Medium-chain acyl-CoA dehydrogenase (MCAD) deficiency,AR,East Asian Population,1 in 198,0.99,"1 in 19,701",<1 in 10 million,1
ACADM,Medium-chain acyl-CoA dehydrogenase (MCAD) deficiency,AR,Native American Population,1 in 43,0.96,"1 in 1,051","1 in 180,772",1
ACADS,Short-chain acyl-coA dehydrogenase (SCAD) deficiency,AR,General Population,1 in 85,0.99,"1 in 8,401","1 in 2,856,340",1
ACADS,Short-chain acyl-coA dehydrogenase (SCAD) deficiency,AR,African/African American Population,1 in 52,0.99,"1 in 5,101","1 in 1,061,008",1
ACADS,Short-chain acyl-coA dehydrogenase (SCAD) deficiency,AR,Caucasian / European Population,1 in 76,0.99,"1 in 7,501","1 in 2,280,304",1
ACADS,Short-chain acyl-coA dehydrogenase (SCAD) deficiency,AR,Middle-Eastern Population,1 in 52,0.99,"1 in 5,101","1 in 1,061,008",1
ACADS,Short-chain acyl-coA dehydrogenase (SCAD) deficiency,AR,South Asian/Indian Population,1 in 51,0.99,"1 in 5,001","1 in 1,020,204",1
ACADSB,Short branched chain acyl-CoA dehydrogenase (SBCAD) deficiency,AR,General Population,1 in 368,0.99,"1 in 36,701",<1 in 10 million,1
ACADSB,Short branched chain acyl-CoA dehydrogenase (SBCAD) deficiency,AR,Hmong Population,1 in 6,0.99,1 in 501,<1 in 10 million,1
ACADVL,Very long-chain acyl-CoA dehydrogenase (VLCAD) deficiency,AR,General Population,1 in 118,0.93,"1 in 1,672","1 in 789,184",1
ACADVL,Very long-chain acyl-CoA dehydrogenase (VLCAD) deficiency,AR,Middle-Eastern Population,1 in 74,0.93,"1 in 1,044","1 in 309,024",1
ACADVL,Very long-chain acyl-CoA dehydrogenase (VLCAD) deficiency,AR,Native American Population,1 in 61,0.93,1 in 858,"1 in 209,352",1
ACADVL,Very long-chain acyl-CoA dehydrogenase (VLCAD) deficiency,AR,South Asian/Indian Population,1 in 73,0.93,"1 in 1,030","1 in 300,760",1
ACAT1,3-ketothiolase deficiency,AR,General Population,<1 in 500,0.98,"1 in 24,951",<1 in 10 million,1
ACOX1,Peroxisomal acyl-CoA oxidase deficiency,AR,General Population,<1 in 500,0.98,"1 in 24,951",<1 in 10 million,1
ACSF3,Combined malonic and methylmalonic aciduria,AR,General Population,<1 in 500,0.98,"1 in 24,951",<1 in 10 million,2
ADA,Adenosine deaminase deficiency,AR,General Population,1 in 224,0.93,"1 in 3,187","1 in 2,855,552",2
ADAMTS2,"Ehlers-Danlos syndrome, dermatosparaxis type",AR,General Population,<1 in 500,0.98,"1 in 24,951",<1 in 10 million,2
ADAMTS2,"Ehlers-Danlos syndrome, dermatosparaxis type",AR,Ashkenazi Jewish Population,1 in 248,0.98,"1 in 12,351",<1 in 10 million,2
ADAMTSL4,Isolated ectopia lentis,AR,General Population,< 1 in 500,0.99,"1 in 49,901",<1 in 10 million,2
ADGRG1,Bilateral frontoparietal polymicrogyria,AR,General Population,<1 in 500,0.98,"1 in 24,951",<1 in 10 million,2
ADGRV1,"Usher syndrome, type IIC",AR,General Population,<1 in 500,0.99,"1 in 49,901",<1 in 10 million,2
ADK,Hypermethioninemia due to adenosine kinase deficiency,AR,General Population,<1 in 500,0.99,"1 in 49,901",<1 in 10 million,2
AFF2,Fragile XE syndrome,XL,General Population,"<1 in 50,000",0.98,"1 in 2,499,951","1 in 9,999,804",2
AGA,Aspartylglucosaminuria,AR,General Population,<1 in 500,0.98,"1 in 24,951",<1 in 10 million,2
AGA,Aspartylglucosaminuria,AR,Finnish Population,1 in 71,0.98,"1 in 3,501","1 in 994,284",2
AGL,Glycogen storage disease type III,AR,General Population,1 in 158,0.95,"1 in 3,141","1 in 1,985,112",2
AGL,Glycogen storage disease type III,AR,Faroese Population,1 in 28,0.95,1 in 541,"1 in 60,592",2
AGL,Glycogen storage disease type III,AR,Inuit Population,1 in 25,0.95,1 in 481,"1 in 48,100",2
AGL,Glycogen storage disease type III,AR,North African Jewish Population,1 in 37,0.95,1 in 721,"1 in 106,708",2
AGPAT2,"Congenital generalized lipodystrophy, type 1",AR,General Population,<1 in 500,0.99,"1 in 49,901",<1 in 10 million,2
AGPS,"Rhizomelic chondrodysplasia punctata, type 3",AR,General Population,<1 in 500,0.98,"1 in 24,951",<1 in 10 million,2
AGXT,Primary hyperoxaluria type 1,AR,General Population,1 in 120,0.99,"1 in 11,901","1 in 5,712,480",2
AGXT,Primary hyperoxaluria type 1,AR,Caucasian / European Population,1 in 173,0.99,"1 in 17,201",<1 in 10 million,2
AHCY,Hypermethioninemia due to deficiency of S-adenosylhomocysteine hydrolase,AR,General Population,<1 in 500,0.99,"1 in 49,901",<1 in 10 million,2
AHI1,"Joubert syndrome, AHI1-related",AR,General Population,1 in 448,0.99,"1 in 44,701",<1 in 10 million,2
AICDA,Immunodeficiency with Hyper IgM syndrome,AR,General Population,<1 in 500,0.99,"1 in 49,901",<1 in 10 million,2
AIMP1,Hypomyelinating leukodystrophy 3,AR,General Population,<1 in 500,0.99,"1 in 49,901",<1 in 10 million,2
AIPL1,"Childhood-onset severe retinal dystrophy, AIPL1-related",AR,General Population,1 in 409,0.99,"1 in 40,801",<1 in 10 million,2
AIRE,Autoimmune polyendocrinopathy syndrome type I,AR,General Population,1 in 150,0.98,"1 in 7,451","1 in 4,470,600",2
AIRE,Autoimmune polyendocrinopathy syndrome type I,AR,Finnish Population,1 in 79,0.98,"1 in 3,901","1 in 1,232,716",2
AK2,Reticular dysgenesis,AR,General Population,<1 in 500,0.99,"1 in 49,901",<1 in 10 million,2
AKR1D1,Congenital Bile Acid Synthesis Defect 2,AR,General Population,<1 in 500,0.99,"1 in 49,901",<1 in 10 million,2
ALDH3A2,Sjogren-Larsson syndrome,AR,General Population,1 in 250,0.98,"1 in 12,451",<1 in 10 million,2
ALDH4A1,Hyperprolinemia type II,AR,General Population,<1 in 500,0.99,"1 in 49,901",<1 in 10 million,2
ALDH7A1,Pyridoxine-dependent epilepsy,AR,General Population,<1 in 500,0.99,"1 in 49,901",<1 in 10 million,2
ALDOB,Hereditary fructose intolerance,AR,General Population,1 in 122,0.99,"1 in 12,101","1 in 5,905,288",2
ALDOB,Hereditary fructose intolerance,AR,African/African American Population,1 in 250,0.99,"1 in 24,901",<1 in 10 million,2
ALDOB,Hereditary fructose intolerance,AR,Caucasian / European Population,1 in 67,0.99,"1 in 6,601","1 in 1,769,068",2
ALDOB,Hereditary fructose intolerance,AR,Middle-Eastern Population,1 in 97,0.99,"1 in 9,601","1 in 3,725,188",2
ALG1,Congenital disorder of glycosylation type Ik,AR,General Population,<1 in 500,0.99,"1 in 49,901",<1 in 10 million,2
ALG3,Congenital disorder of glycosylation type Id,AR,General Population,<1 in 500,0.99,"1 in 49,901",<1 in 10 million,3
ALG6,Congenital disorder of glycosylation type Ic,AR,General Population,<1 in 500,0.98,"1 in 24,951",<1 in 10 million,3
ALG12,Congenital disorder of glycosylation type Ig,AR,General Population,<1 in 500,0.99,"1 in 49,901",<1 in 10 million,3
ALG13,ALG13-related conditions,XL,General Population,"<1 in 50,000",0.99,"1 in 4,999,901",<1 in 10 million,3
ALMS1,Alstrom syndrome,AR,General Population,1 in 500,0.98,"1 in 24,951",<1 in 10 million,3
ALOX12B,"Autosomal recessive, congenital, ichthyosis 2",AR,General Population,<1 in 500,0.99,"1 in 49,901",<1 in 10 million,3
ALOXE3,Congenital ichthyosiform erythroderma,AR,General Population,<1 in 500,0.99,"1 in 49,901",<1 in 10 million,3
ALPL,Hypophosphatasia,AR,General Population,1 in 158,0.95,"1 in 3,141","1 in 1,985,112",3
ALPL,Hypophosphatasia,AR,Caucasian / European Population,1 in 274,0.95,"1 in 5,461","1 in 5,985,256",3
ALPL,Hypophosphatasia,AR,Mennonite Population,1 in 25,0.95,1 in 481,"1 in 48,100",3
AMH,"Persistent mullerian duct syndrome, type I",AR,General Population,<1 in 500,0.98,"1 in 24,951",<1 in 10 million,3
AMHR2,"Persistent mullerian duct syndrome, type II",AR,General Population,<1 in 500,0.98,"1 in 24,951",<1 in 10 million,3
AMN,Megaloblastic anemia 1,AR,General Population,<1 in 500,0.99,"1 in 49,901",<1 in 10 million,3
AMPD2,Pontocerebellar hypoplasia type 9,AR,General Population,<1 in 500,0.99,"1 in 49,901",<1 in 10 million,3
AMT,Glycine encephalopathy,AR,General Population,1 in 373,0.98,"1 in 18,601",<1 in 10 million,3
AMT,Glycine encephalopathy,AR,Finnish Population,1 in 117,0.98,"1 in 5,801","1 in 2,714,868",3
ANO10,Spinocerebellar ataxia 10,AR,General Population,1 in 93,0.99,"1 in 9,201","1 in 3,422,772",3
ANO5,"Limb girdle muscular dystrophy, type 2L",AR,General Population,<1 in 500,0.99,"1 in 49,901",<1 in 10 million,3
ANTXR2,Hyaline fibromatosis syndrome,AR,General Population,<1 in 500,0.99,"1 in 49,901",<1 in 10 million,3
AP1S1,MEDNIK syndrome,AR,General Population,<1 in 500,0.99,"1 in 49,901",<1 in 10 million,3
AP1S2,"X-linked Intellectual disability, AP1S2-related",XL,General Population,"<1 in 50,000",0.99,"1 in 4,999,901",<1 in 10 million,3
AP3B1,Hermansky-Pudlak syndrome 2,AR,General Population,<1 in 500,0.99,"1 in 49,901",<1 in 10 million,3
AP3D1,Hermansky-Pudlak syndrome 10,AR,General Population,<1 in 500,0.99,"1 in 49,901",<1 in 10 million,3
APOPT1,Mitochondrial complex IV deficiency,AR,General Population,<1 in 500,0.99,"1 in 49,901",<1 in 10 million,3
AQP2,Nephrogenic diabetes insipidus,AR,General Population,<1 in 500,0.95,"1 in 9,981",<1 in 10 million,3
AQP2,Nephrogenic diabetes insipidus,AR,Finnish Population,1 in 169,0.95,"1 in 3,361","1 in 2,272,036",3
AR,Androgen insensitivity syndrome,XL,General Population,"1 in 14,286",0.98,"1 in 714,251","1 in 1,428,571",3
ARG1,Arginase deficiency,AR,General Population,1 in 296,0.98,"1 in 14,751",<1 in 10 million,3
ARL13B,"Joubert syndrome, ARL13B-related",AR,General Population,<1 in 500,0.99,"1 in 49,901",<1 in 10 million,3
ARL6,ARL6-related disorders,AR,General Population,<1 in 500,0.99,"1 in 49,901",<1 in 10 million,3
ARSA,Metachromatic leukodystrophy,AR,General Population,1 in 100,0.99,"1 in 9,901","1 in 3,960,400",3
ARSA,Metachromatic leukodystrophy,AR,Caucasian / European Population,1 in 78,0.99,"1 in 7,701","1 in 2,402,712",3
ARSA,Metachromatic leukodystrophy,AR,Yemenite Jewish Population,1 in 75,0.99,"1 in 7,401","1 in 2,220,300",3
ARSB,Mucopolysaccharidosis type VI (Maroteaux-Lamy syndrome),AR,General Population,1 in 250,0.98,"1 in 12,451",<1 in 10 million,3
ARSB,Mucopolysaccharidosis type VI (Maroteaux-Lamy syndrome),AR,Western Australian Population,1 in 283,0.98,"1 in 14,101",<1 in 10 million,3
ARSE,"Chondrodysplasia punctata type 1, X-linked",XL,General Population,"1 in 250,000",0.98,"1 in 12,499,951",<1 in 10 million,3
ARX,"X-linked intellectual disability, ARX-related",XL,General Population,"<1 in 50,000",0.99,"1 in 4,999,901",<1 in 10 million,3
ASL,Argininosuccinate lyase deficiency,AR,General Population,1 in 132,0.9,"1 in 1,311","1 in 692,208",4
ASNS,Asparagine synthetase deficiency,AR,General Population,<1 in 500,0.99,"1 in 49,901",<1 in 10 million,4
ASNS,Asparagine synthetase deficiency,AR,Iranian Jewish Population,1 in 80,0.99,"1 in 7,901","1 in 2,528,320",4
ASPA,Canavan disease,AR,General Population,1 in 300,0.97,"1 in 9,968",<1 in 10 million,4
ASPA,Canavan disease,AR,Ashkenazi Jewish Population,1 in 55,0.96,"1 in 1,351","1 in 297,220",4
ASS1,Citrullinemia,AR,General Population,1 in 119,0.96,"1 in 2,951","1 in 1,404,676",4
ASS1,Citrullinemia,AR,East Asian Population,1 in 132,0.96,"1 in 3,276","1 in 1,729,728",4
ATM,Ataxia-telangiectasia,AR,General Population,1 in 100,0.92,"1 in 1,239","1 in 495,600",4
ATP13A2,Kufor-Rakeb syndrome,AR,General Population,<1 in 500,0.99,"1 in 49,901",<1 in 10 million,4
ATP6V0A2,"Cutis laxa, type IIA",AR,General Population,<1 in 500,0.99,"1 in 49,901",<1 in 10 million,4
ATP6V0A4,Renal tubular acidosis,AR,General Population,<1 in 500,0.99,"1 in 49,901",<1 in 10 million,4
ATP6V1B1,Renal tubular acidosis with deafness,AR,General Population,<1 in 500,0.98,"1 in 24,951",<1 in 10 million,4
ATP6V1E1,"Cutis laxa, type IIC",AR,General Population,<1 in 500,0.99,"1 in 49,901",<1 in 10 million,4
ATP7A,Menkes disease,XL,General Population,"1 in 50,000",0.99,"1 in 4,999,901",<1 in 10 million,4
ATP7B,Wilson disease,AR,General Population,1 in 87,0.98,"1 in 4,301","1 in 1,496,748",4
ATP7B,Wilson disease,AR,Caucasian / European Population,1 in 42,0.98,"1 in 2,051","1 in 344,568",4
ATP7B,Wilson disease,AR,Ashkenazi Jewish Population,1 in 70,0.98,"1 in 3,451","1 in 966,280",4
ATP8B1,Progressive familial intrahepatic cholestasis,AR,General Population,<1 in 500,0.99,"1 in 49,901",<1 in 10 million,4
ATRX,Alpha thalassemia X-linked intellectual disability syndrome,XL,General Population,"<1 in 250,000",0.99,"1 in 24,999,901",<1 in 10 million,4
AVPR2,Nephrogenic diabetes insipidus,XL,General Population,"<1 in 50,000",0.99,"1 in 4,999,901",<1 in 10 million,4
B9D1,Joubert syndrome 27,AR,General Population,<1 in 500,0.99,"1 in 49,901",<1 in 10 million,4
B9D2,Meckel syndrome 10,AR,General Population,<1 in 500,0.99,"1 in 49,901",<1 in 10 million,4
BBS1,Bardet-Biedl syndrome type 1,AR,General Population,1 in 367,0.99,"1 in 36,601",<1 in 10 million,4
BBS10,Bardet-Biedl syndrome type 10,AR,General Population,1 in 395,0.99,"1 in 39,401",<1 in 10 million,4
BBS12,Bardet-Biedl syndrome type 12,AR,General Population,1 in 791,0.99,"1 in 79,001",<1 in 10 million,4
BBS2,BBS2-related ciliopathies,AR,General Population,1 in 621,0.99,"1 in 62,001",<1 in 10 million,4
BBS2,BBS2-related ciliopathies,AR,Ashkenazi Jewish Population,1 in 107,0.99,"1 in 10,601","1 in 4,537,228",4
BBS4,Bardet-Biedl syndrome 4,AR,General Population,<1 in 500,0.99,"1 in 49,901",<1 in 10 million,4
BBS5,Bardet-Biedl syndrome 5,AR,General Population,<1 in 500,0.99,"1 in 49,901",<1 in 10 million,4
BBS7,Bardet-Biedl syndrome 7,AR,General Population,<1 in 500,0.99,"1 in 49,901",<1 in 10 million,4
BBS9,Bardet-Biedl syndrome 9,AR,General Population,<1 in 500,0.99,"1 in 49,901",<1 in 10 million,4
BCHE,Butyrylcholinesterase deficiency,AR,General Population,1 in 28,0.99,"1 in 2,701","1 in 302,512",4
BCKDHA,Maple syrup urine disease type Ia,AR,General Population,1 in 321,0.98,"1 in 16,001",<1 in 10 million,4
BCKDHA,Maple syrup urine disease type Ia,AR,Mennonite Population,1 in 10,0.98,1 in 451,"1 in 18,040",4
BCKDHB,Maple syrup urine disease type Ib,AR,General Population,1 in 364,0.98,"1 in 18,151",<1 in 10 million,4
BCKDHB,Maple syrup urine disease type Ib,AR,Ashkenazi Jewish Population,1 in 97,0.98,"1 in 4,801","1 in 1,862,788",4
BCS1L,Mitochondrial complex III deficiency,AR,General Population,<1 in 500,0.98,"1 in 24,951",<1 in 10 million,4
BLM,Bloom syndrome,AR,General Population,1 in 800,0.87,"1 in 6,147",<1 in 10 million,4
BLM,Bloom syndrome,AR,Ashkenazi Jewish Population,1 in 134,0.99,"1 in 13,301","1 in 7,129,336",4
BLOC1S3,Hermansky-Pudlak syndrome 8,AR,General Population,<1 in 500,0.99,"1 in 49,901",<1 in 10 million,5
BLOC1S6,Hermansky-Pudlak syndrome 9,AR,General Population,<1 in 500,0.99,"1 in 49,901",<1 in 10 million,5
BMP1,"Osteogenesis imperfecta, type XIII",AR,General Population,<1 in 500,0.99,"1 in 49,901",<1 in 10 million,5
BMPER,Diaphanospondylodysostosis,AR,General Population,<1 in 500,0.99,"1 in 49,901",<1 in 10 million,5
BRIP1,Fanconi anemia group J,AR,General Population,<1 in 500,0.98,"1 in 24,951",<1 in 10 million,5
BRWD3,"X-linked intellectual disability, BRWD3-related",XL,General Population,"<1 in 50,000",0.99,"1 in 4,999,901",<1 in 10 million,5
BSND,Bartter syndrome,AR,General Population,1 in 500,0.98,"1 in 24,951",<1 in 10 million,5
BTD,Biotinidase deficiency,AR,General Population,1 in 124,0.99,"1 in 12,301","1 in 6,101,296",5
BTD,Biotinidase deficiency,AR,Caucasian / European Population,1 in 71,0.99,"1 in 7,001","1 in 1,988,284",5
BTD,Biotinidase deficiency,AR,Latino Population,1 in 136,0.99,"1 in 13,501","1 in 7,344,544",5
BTD,Biotinidase deficiency,AR,Middle-Eastern Population,1 in 55,0.99,"1 in 5,401","1 in 1,188,220",5
BTK,X-linked agammaglobulinemia,XL,General Population,"<1 in 50,000",0.99,"1 in 4,999,901",<1 in 10 million,5
C19orf12,Mitochondrial membrane protein- associated neurodegeneration,AR,General Population,<1 in 500,0.99,"1 in 49,901",<1 in 10 million,5
C8orf37,Bardet-Biedl Syndrome 21,AR,General Population,<1 in 500,0.99,"1 in 49,901",<1 in 10 million,5
CAD,Early Infantile Epileptic Encephalopathy 50,AR,General Population,<1 in 500,0.99,"1 in 49,901",<1 in 10 million,5
CANT1,Desbuquois dysplasia 1,AR,General Population,<1 in 500,0.99,"1 in 49,901",<1 in 10 million,5
CAPN3,Limb-girdle muscular dystrophy type 2A,AR,General Population,<1 in 500,0.98,"1 in 24,951",<1 in 10 million,5
CAPN3,Limb-girdle muscular dystrophy type 2A,AR,Caucasian / European Population,1 in 103,0.98,"1 in 5,101","1 in 2,101,612",5
CASP14,Congenital Ichthyosis 12,AR,General Population,<1 in 500,0.99,"1 in 49,901",<1 in 10 million,5
CASQ2,Catecholaminergic polymorphic ventricular tachycardia,AR,General Population,1 in 224,0.99,"1 in 22,301",<1 in 10 million,5
CASR,Neonatal hyperparathyroidism,AR,General Population,<1 in 500,0.99,"1 in 49,901",<1 in 10 million,5
CAVIN1,Congenital Generalized Lipodystrophy 4,AR,General Population,<1 in 500,0.99,"1 in 49,901",<1 in 10 million,5
CBS,Homocystinuria due to cystathionine beta-synthase deficiency,AR,General Population,1 in 224,0.99,"1 in 22,301",<1 in 10 million,5
CBS,Homocystinuria due to cystathionine beta-synthase deficiency,AR,Caucasian / European Population,1 in 86,0.99,"1 in 8,501","1 in 2,924,344",5
CBS,Homocystinuria due to cystathionine beta-synthase deficiency,AR,Middle-Eastern Population,1 in 21,0.99,"1 in 2,001","1 in 168,084",5
CC2D1A,Autosomal recessive intellectual developmental disorder 3,AR,General Population,<1 in 500,0.99,"1 in 49,901",<1 in 10 million,5
CC2D2A,Joubert syndrome 9,AR,General Population,1 in 201,0.99,"1 in 20,001","1 in 16,080,804",5
CCDC103,"Primary ciliary dyskinesia, type 17",AR,General Population,1 in 316,0.98,"1 in 15,751",<1 in 10 million,5
CCDC151,"Primary ciliary dyskinesia, type 30",AR,General Population,1 in 365,0.98,"1 in 18,201",<1 in 10 million,5
CCDC39,"Primary ciliary dyskinesia, type 14",AR,General Population,1 in 211,0.98,"1 in 10,501","1 in 8,862,844",5
CCDC8,3-M Syndrome,AR,General Population,<1 in 500,0.99,"1 in 49,901",<1 in 10 million,5
CCDC88C,Congenital hydrocephalus 1,AR,General Population,1 in 137,0.99,"1 in 13,601","1 in 7,453,348",5
CD247,Severe Combined Immunodeficiency,AR,General Population,<1 in 500,0.99,"1 in 49,901",<1 in 10 million,5
CD3D,Severe Combined Immunodeficiency,AR,General Population,<1 in 500,0.99,"1 in 49,901",<1 in 10 million,5
CD3E,Severe Combined Immunodeficiency,AR,General Population,<1 in 500,0.99,"1 in 49,901",<1 in 10 million,5
CD3G,Severe Combined Immunodeficiency,AR,General Population,<1 in 500,0.99,"1 in 49,901",<1 in 10 million,5
CD40,Immunodeficiency with Hyper IgM syndrome,AR,General Population,<1 in 500,0.99,"1 in 49,901",<1 in 10 million,5
CD40LG,"Hyper IgM syndrome, X-linked",XL,General Population,"1 in 50,000",0.98,"1 in 2,499,951","1 in 9,999,904",5
CD59,CD59 deficiency,AR,General Population,<1 in 500,0.99,"1 in 49,901",<1 in 10 million,5
CD8A,Familial CD8 Deficiency,AR,General Population,<1 in 500,0.99,"1 in 49,901",<1 in 10 million,6
CDAN1,"Dyserythropoietic congenital anemia, type Ia",AR,General Population,<1 in 500,0.99,"1 in 49,901",<1 in 10 million,6
CDCA7,Immunodeficiency-centromeric instability-facial anomalies syndrome 3,AR,General Population,<1 in 500,0.99,"1 in 49,901",<1 in 10 million,6
CDH23,"Usher syndrome, type 1D",AR,General Population,1 in 285,0.9,"1 in 2,841","1 in 11,364",6
CEP104,Joubert syndrome 25,AR,General Population,<1 in 500,0.99,"1 in 49,901",<1 in 10 million,6
CEP152,CEP152-related disorders,AR,General Population,<1 in 500,0.99,"1 in 49,901",<1 in 10 million,6
CEP290,CEP290-related Ciliopathies,AR,General Population,1 in 190,0.98,"1 in 9,451","1 in 7,182,760",6
CERKL,Retinitis pigmentosa 26,AR,General Population,1 in 148,0.98,"1 in 7,351","1 in 4,351,792",6
CERS3,Congenital ichthyosis 9,AR,General Population,<1 in 500,0.99,"1 in 49,901",<1 in 10 million,6
CFTR,Cystic Fibrosis,AR,General Population,1 in 32,0.99,"1 in 3,101","1 in 396,928",6
CFTR,Cystic Fibrosis,AR,African/African American Population,1 in 61,0.99,"1 in 6,001","1 in 1,464,244",6
CFTR,Cystic Fibrosis,AR,Ashkenazi Jewish Population,1 in 24,0.99,"1 in 2,301","1 in 220,896",6
CFTR,Cystic Fibrosis,AR,Caucasian / European Population,1 in 25,0.99,"1 in 2,401","1 in 240,100",6
CFTR,Cystic Fibrosis,AR,East Asian Population,1 in 94,0.99,"1 in 9,301","1 in 3,497,176",6
CFTR,Cystic Fibrosis,AR,Latino Population,1 in 58,0.99,"1 in 5,701","1 in 1,322,632",6
CHAT,Congenital myasthenic syndrome 6,AR,General Population,1 in 197,0.99,"1 in 19,601",<1 in 10 million,6
CHM,Choroideremia,XL,General Population,"1 in 25,000",0.95,"1 in 499,981","1 in 1,999,964",6
CHMP1A,Pontocerebellar hypoplasia type 8,AR,General Population,<1 in 500,0.99,"1 in 49,901",<1 in 10 million,6
CHRNE,Congenital myasthenic syndrome,AR,General Population,1 in 408,0.99,"1 in 40,701",<1 in 10 million,6
CHRNG,Multiple pterygium syndrome,AR,General Population,<1 in 500,0.98,"1 in 24,951",<1 in 10 million,6
CHST6,"Macular corneal dystrophy, CHST6-related",AR,General Population,1 in 79,0.99,"1 in 7,801","1 in 2,465,116",6
CIB2,Nonsyndromic hearing loss 48,AR,General Population,<1 in 500,0.99,"1 in 49,901",<1 in 10 million,6
CIITA,"Bare lymphocyte syndrome, type II",AR,General Population,<1 in 500,0.98,"1 in 24,951",<1 in 10 million,6
CLCF1,Crisponi cold-induced sweating syndrome 2,AR,General Population,<1 in 500,0.99,"1 in 49,901",<1 in 10 million,6
CLCN1,Autosomal recessive congenital myotonia,AR,General Population,1 in 176,0.99,"1 in 17,501","1 in 12,320,704",6
CLCN5,Dent disease,XL,General Population,<1 in 500,0.99,"1 in 49,901",<1 in 10 million,6
CLCNKB,Bartter syndrome,AR,General Population,1 in 500,0.98,"1 in 24,951",<1 in 10 million,6
CLN3,Neuronal ceroid lipofuscinosis,AR,General Population,1 in 230,0.98,"1 in 11,451",<1 in 10 million,6
CLN3,Neuronal ceroid lipofuscinosis,AR,Finnish Population,1 in 72,0.98,"1 in 3,551","1 in 1,022,688",6
CLN5,Neuronal ceroid lipofuscinosis 5,AR,General Population,<1 in 500,0.95,"1 in 9,981",<1 in 10 million,6
CLN5,Neuronal ceroid lipofuscinosis 5,AR,Finnish Population,1 in 115,0.95,"1 in 2,281","1 in 1,049,260",6
CLN6,"Neuronal ceroid lipofuscinosis, CLN6-related",AR,General Population,<1 in 500,0.92,"1 in 6,239",<1 in 10 million,6
CLN8,"Neuronal ceroid lipofuscinosis, CLN8-related",AR,General Population,<1 in 500,0.95,"1 in 9,981",<1 in 10 million,6
CLN8,"Neuronal ceroid lipofuscinosis, CLN8-related",AR,Finnish Population,1 in 135,0.95,"1 in 2,681","1 in 1,447,740",6
CLP1,Pontocerebellar hypoplasia type 10,AR,General Population,<1 in 500,0.99,"1 in 49,901",<1 in 10 million,6
CLRN1,"Usher syndrome, type 3A",AR,General Population,1 in 500,0.98,"1 in 24,951",<1 in 10 million,6
CLRN1,"Usher syndrome, type 3A",AR,Ashkenazi Jewish Population,1 in 120,0.98,"1 in 5,951","1 in 2,856,480",6
CLRN1,"Usher syndrome, type 3A",AR,Finnish Population,1 in 70,0.98,"1 in 3,451","1 in 966,280",6
CNGA3,CNGA3-related retinopathy,AR,General Population,<1 in 500,0.99,"1 in 49,901",<1 in 10 million,7
CNGB1,"Retinitis Pigmentosa, CNGB1-related",AR,General Population,1 in 296,0.99,"1 in 29,501",<1 in 10 million,7
CNGB3,Achromatopsia,AR,General Population,1 in 87,0.99,"1 in 8,601","1 in 2,993,148",7
CNGB3,Achromatopsia,AR,Micronesian Population,1 in 2,0.99,1 in 101,1 in 808,7
CNTNAP2,Cortical dysplasia-focal epilepsy syndrome,AR,General Population,<1 in 500,0.99,"1 in 49,901",<1 in 10 million,7
COASY,Pontocerebellar hypoplasia type 12,AR,General Population,<1 in 500,0.99,"1 in 49,901",<1 in 10 million,7
COL11A2,COL11A2-related disorders,AR,General Population,<1 in 500,0.99,"1 in 49,901",<1 in 10 million,7
COL17A1,Junctional epidermolysis bullosa,AR,General Population,<1 in 500,0.99,"1 in 49,901",<1 in 10 million,7
COL27A1,Steel syndrome,AR,General Population,<1 in 500,0.98,"1 in 24,951",<1 in 10 million,7
COL4A3,"Alport syndrome, COL4A3-related",AR,General Population,1 in 267,0.98,"1 in 13,301",<1 in 10 million,7
COL4A3,"Alport syndrome, COL4A3-related",AR,Ashkenazi Jewish Population,1 in 188,0.98,"1 in 9,351","1 in 7,031,952",7
COL4A4,"Alport syndrome, COL4A4-related",AR,General Population,1 in 267,0.98,"1 in 13,301",<1 in 10 million,7
COL4A5,"Alport syndrome, COL4A5-related",XL,General Population,1 in 139,0.98,"1 in 6,901","1 in 27,604",7
COL6A2,Ullrich congenital muscular dystrophy,AR,General Population,<1 in 500,0.99,"1 in 49,901",<1 in 10 million,7
COL6A2,Ullrich congenital muscular dystrophy,AR,Ashkenazi Jewish Population,1 in 349,0.99,"1 in 34,801",<1 in 10 million,7
COL6A2,Ullrich congenital muscular dystrophy,AR,Syrian Jewish Population,1 in 60,0.99,"1 in 5,901","1 in 1,416,240",7
COL7A1,Dystrophic epidermolysis bullosa,AR,General Population,1 in 196,0.97,"1 in 6,501","1 in 5,096,784",7
COLQ,Congenital myasthenic syndrome 5,AR,General Population,<1 in 500,0.99,"1 in 49,901",<1 in 10 million,7
COQ4,Primary Coenzyme Q10 deficiency 7,AR,General Population,<1 in 500,0.99,"1 in 49,901",<1 in 10 million,7
CORO1A,Immunodeficiency 8,AR,General Population,<1 in 500,0.99,"1 in 49,901",<1 in 10 million,7
COX10,Mitochondrial complex IV deficiency,AR,General Population,<1 in 500,0.99,"1 in 49,901",<1 in 10 million,7
COX15,Mitochondrial complex IV deficiency,AR,General Population,<1 in 500,0.99,"1 in 49,901",<1 in 10 million,7
COX20,Mitochondrial complex IV deficiency,AR,General Population,<1 in 500,0.99,"1 in 49,901",<1 in 10 million,7
COX6B1,Mitochondrial complex IV deficiency,AR,General Population,<1 in 500,0.99,"1 in 49,901",<1 in 10 million,7
CP,Aceruloplasminemia,AR,General Population,<1 in 500,0.99,"1 in 49,901",<1 in 10 million,7
CPLANE1,Joubert syndrome 17,AR,General Population,<1 in 500,0.99,"1 in 49,901",<1 in 10 million,7
CPS1,Carbamoylphosphate synthetase I deficiency,AR,General Population,1 in 570,0.98,"1 in 28,451",<1 in 10 million,7
CPT1A,Carnitine palmitoyltransferase IA deficiency,AR,General Population,1 in 354,0.9,"1 in 3,531","1 in 4,999,896",7
CPT1A,Carnitine palmitoyltransferase IA deficiency,AR,Hutterite Population,1 in 16,0.9,1 in 151,"1 in 9,664",7
CPT2,Carnitine palmitoyltransferase II deficiency,AR,General Population,<1 in 500,0.95,"1 in 9,981",<1 in 10 million,7
CPT2,Carnitine palmitoyltransferase II deficiency,AR,Ashkenazi Jewish Population,1 in 51,0.95,"1 in 1,001","1 in 204,204",7
CRADD,Intellectual developmental disorder with variant lissencephaly,AR,General Population,1 in 500,0.99,"1 in 49,901",<1 in 10 million,7
CRADD,Intellectual developmental disorder with variant lissencephaly,AR,Bukharian Jewish Population,1 in 30,0.99,"1 in 2,901","1 in 348,120",7
CRB1,CRB1-related retinopathy,AR,General Population,1 in 104,0.98,"1 in 5,151","1 in 2,142,816",7
CRLF1,Crisponi cold-induced sweating syndrome 1,AR,General Population,<1 in 500,0.99,"1 in 49,901",<1 in 10 million,7
CRTAP,"Osteogenesis imperfecta, type VII",AR,General Population,<1 in 500,0.99,"1 in 49,901",<1 in 10 million,7
CTC1,Cerebroretinal microangiopathy with calcifications and cysts 1,AR,General Population,<1 in 500,0.99,"1 in 49,901",<1 in 10 million,7
CTNS,Cystinosis,AR,General Population,1 in 158,0.99,"1 in 15,701","1 in 9,923,032",7
CTNS,Cystinosis,AR,British Population,1 in 81,0.99,"1 in 8,001","1 in 2,592,324",7
CTNS,Cystinosis,AR,Moroccan Jewish Population,1 in 100,0.99,"1 in 9,901","1 in 3,960,400",7
CTSA,Galactosialidosis,AR,General Population,<1 in 500,0.99,"1 in 49,901",<1 in 10 million,8
CTSC,Papillon-Lefevre syndrome,AR,General Population,<1 in 500,0.98,"1 in 24,951",<1 in 10 million,8
CTSD,"Neuronal ceroid lipofuscinosis, CTSD-related",AR,General Population,<1 in 500,0.99,"1 in 49,901",<1 in 10 million,8
CTSF,Neuronal ceroid lipofuscinosis 13,AR,General Population,<1 in 500,0.99,"1 in 49,901",<1 in 10 million,8
CTSK,Pycnodysostosis,AR,General Population,<1 in 500,0.98,"1 in 24,951",<1 in 10 million,8
CUL4B,"X-linked intellectual disability, CUL4B-related",XL,General Population,"<1 in 50,000",0.99,"1 in 4,999,901",<1 in 10 million,8
CUL7,Three M syndrome 1,AR,General Population,<1 in 500,0.99,"1 in 49,901",<1 in 10 million,8
CWC27,Retinitis pigmentosa with or without skeletal anomalies,AR,General Population,<1 in 500,0.99,"1 in 49,901",<1 in 10 million,8
CYBA,Chronic granulomatous disease,AR,General Population,1 in 224,0.99,"1 in 22,301",<1 in 10 million,8
CYBB,"Chronic granulomatous disease, X-linked",XL,General Population,"1 in 149,254",0.99,"1 in 14,925,301",<1 in 10 million,8
CYP11A1,Congenital adrenal insufficiency,AR,General Population,1 in 114,0.99,"1 in 11,301","1 in 5,153,256",8
CYP11B1,Congenital adrenal hyperplasia due to 11-beta-hydroxylase deficiency,AR,General Population,1 in 158,0.98,"1 in 7,851","1 in 4,961,832",8
CYP11B1,Congenital adrenal hyperplasia due to 11-beta-hydroxylase deficiency,AR,Morrocan Jewish Population,1 in 35,0.98,"1 in 1,701","1 in 238,140",8
CYP11B2,Corticosterone methyloxidase deficiency,AR,General Population,<1 in 500,0.98,"1 in 24,951",<1 in 10 million,8
CYP17A1,Congenital adrenal hyperplasia due to 17-alpha-hydroxylase deficiency,AR,General Population,1 in 500,0.98,"1 in 24,951",<1 in 10 million,8
CYP19A1,Aromatase deficiency,AR,General Population,<1 in 500,0.98,"1 in 24,951",<1 in 10 million,8
CYP1B1,Primary congenital glaucoma,AR,General Population,1 in 50,0.99,"1 in 4,901","1 in 980,200",8
CYP21A2,Congenital adrenal hyperplasia due to 21-hydroxylase deficiency,AR,General Population,1 in 61,0.99,"1 in 6,001","1 in 1,464,244",8
CYP21A2,Congenital adrenal hyperplasia due to 21-hydroxylase deficiency,AR,Inuit Population,1 in 9,0.99,1 in 801,"1 in 28,836",8
CYP21A2,Congenital adrenal hyperplasia due to 21-hydroxylase deficiency,AR,Middle-Eastern Population,1 in 35,0.99,"1 in 3,401","1 in 476,140",8
CYP27A1,Cerebrotendinous xanthomatosis,AR,General Population,1 in 500,0.98,"1 in 24,951",<1 in 10 million,8
CYP27A1,Cerebrotendinous xanthomatosis,AR,Morrocan Jewish Population,1 in 5,0.98,1 in 201,"1 in 4,020",8
CYP27B1,"Vitamin D-dependent rickets, type 1",AR,General Population,1 in 181,0.99,"1 in 18,001","1 in 13,032,724",8
CYP4F22,Congenital ichthyosis 5,AR,General Population,<1 in 500,0.99,"1 in 49,901",<1 in 10 million,8
CYP7B1,Congenital bile acid synthesis defect 3,AR,General Population,<1 in 500,0.99,"1 in 49,901",<1 in 10 million,8
DBT,"Maple syrup urine disease, type II",AR,General Population,1 in 481,0.98,"1 in 24,001",<1 in 10 million,8
DCAF17,Woodhouse-Sakati syndrome,AR,General Population,<1 in 500,0.99,"1 in 49,901",<1 in 10 million,8
DCLRE1C,Severe combined immunodeficiency with sensitivity to ionizing radiation,AR,General Population,<1 in 500,0.98,"1 in 24,951",<1 in 10 million,8
DCX,"Lissencephaly, X-linked",XL,General Population,"1 in 42,500",0.98,"1 in 2,124,951","1 in 8,499,904",8
DDB2,"Xeroderma pigmentosum, group E",AR,General Population,<1 in 500,0.99,"1 in 49,901",<1 in 10 million,8
DDC,Aromatic l-amino acid decarboxylase deficiency,AR,General Population,<1 in 500,0.99,"1 in 49,901",<1 in 10 million,8
DDR2,Spondylometaepiphyseal dysplasia,AR,General Population,<1 in 500,0.99,"1 in 49,901",<1 in 10 million,8
DDX11,Warsaw breakage syndrome,AR,General Population,<1 in 500,0.99,"1 in 49,901",<1 in 10 million,8
DDX11,Warsaw breakage syndrome,AR,Ashkenazi Jewish Population,1 in 68,0.99,"1 in 6,701","1 in 1,822,672",8
DGUOK,Mitochondrial DNA depletion syndrome 3,AR,General Population,<1 in 500,0.99,"1 in 49,901",<1 in 10 million,8
DGAT1,Congenital chronic diarrhea (DGAT1-related),AR,General Population,<1 in 500,0.99,"1 in 49,901",<1 in 10 million,8
DHCR24,Desmosterolosis,AR,General Population,<1 in 500,0.99,"1 in 49,901",<1 in 10 million,8
DHCR7,Smith-Lemli-Opitz syndrome,AR,General Population,1 in 30,0.96,1 in 726,"1 in 87,120",9
DHCR7,Smith-Lemli-Opitz syndrome,AR,African/African American Population,1 in 138,0.96,"1 in 3,426","1 in 1,891,152",9
DHCR7,Smith-Lemli-Opitz syndrome,AR,Ashkenazi Jewish Population,1 in 36,0.96,1 in 876,"1 in 126,144",9
DHDDS,Retinitis pigmentosa 59,AR,General Population,1 in 296,0.98,"1 in 14,751",<1 in 10 million,9
DHDDS,Retinitis pigmentosa 59,AR,Ashkenazi Jewish Population,1 in 118,0.98,"1 in 5,851","1 in 2,761,672",9
DKC1,X-linked dyskeratosis congenita,XL,General Population,"<1 in 50,000",0.99,"1 in 4,999,901",<1 in 10 million,9
DLAT,Pyruvate dehydrogenase E2 deficiency,AR,General Population,<1 in 500,0.99,"1 in 49,901",<1 in 10 million,9
DLD,Dihydrolipoamide dehydrogenase deficiency,AR,General Population,1 in 500,0.98,"1 in 24,951",<1 in 10 million,9
DLD,Dihydrolipoamide dehydrogenase deficiency,AR,Ashkenazi Jewish Population,1 in 107,0.98,"1 in 5,301","1 in 2,268,828",9
DLG3,"X-linked intellectual disability, DLG3-related",XL,General Population,"<1 in 50,000",0.99,"1 in 4,999,901",<1 in 10 million,9
DLL3,Spondylocostal dysostosis 1,AR,General Population,<1 in 500,0.99,"1 in 49,901",<1 in 10 million,9
DMD,Dystrophinopathies,XL,General Population,"1 in 2,350",0.93,"1 in 33,558","1 in 134,260",9
DNAH5,"Primary ciliary dyskinesia, DNAH5-related",AR,General Population,1 in 142,0.98,"1 in 7,051","1 in 4,004,968",9
DNAH5,"Primary ciliary dyskinesia, DNAH5-related",AR,Ashkenazi Jewish Population,1 in 113,0.99,"1 in 11,201","1 in 5,062,852",9
DNAH11,Primary ciliary dyskinesia (DNAH11-related),AR,General Population,1 in 211,0.99,"1 in 21,001",<1 in 10 million,9
DNAI1,"Primary ciliary dyskinesia, DNAI1-related",AR,General Population,1 in 230,0.98,"1 in 11,451",<1 in 10 million,9
DNAI2,"Primary ciliary dyskinesia, DNAI2-related",AR,General Population,1 in 447,0.98,"1 in 22,301",<1 in 10 million,9
DNAL1,"Primary ciliary dyskinesia, DNAL1-related",AR,General Population,<1 in 500,0.98,"1 in 24,951",<1 in 10 million,9
DNMT3B,ICF Syndrome,AR,General Population,<1 in 500,0.99,"1 in 49,901",<1 in 10 million,9
DOCK8,Hyper-IgE syndrome due to DOCK8 defiency,AR,General Population,<1 in 500,0.99,"1 in 49,901",<1 in 10 million,9
DOK7,"Congenital myasthenic syndrome, DOK7-related",AR,General Population,1 in 472,0.98,"1 in 23,551",<1 in 10 million,9
DOLK,Congenital disorder of glycosylation type Im,AR,General Population,<1 in 500,0.99,"1 in 49,901",<1 in 10 million,9
DPYD,Dihydropyrimidine dehydrogenase deficiency,AR,General Population,<1 in 500,0.98,"1 in 24,951",<1 in 10 million,9
DTNBP1,Hermansky-Pudlak syndrome 7,AR,General Population,<1 in 500,0.99,"1 in 49,901",<1 in 10 million,9
DUOX2,"Congenital hypothyroidism, DUOX2-related",AR,General Population,1 in 56,0.91,1 in 612,"1 in 137,113",9
DUOXA2,"Congenital hypothyroidism, DUOXA2-related",AR,General Population,<1 in 500,0.99,"1 in 49,901",<1 in 10 million,9
DYNC2H1,Short-rib thoracic dysplasia 3 with or without polydactyly,AR,General Population,1 in 68,0.98,"1 in 3,351","1 in 924,876",9
DYSF,Limb-girdle muscular dystrophy type 2B,AR,General Population,<1 in 500,0.95,"1 in 9,981",<1 in 10 million,9
DYSF,Limb-girdle muscular dystrophy type 2B,AR,Japanese Population,1 in 332,0.95,"1 in 6,621","1 in 8,792,688",9
DYSF,Limb-girdle muscular dystrophy type 2B,AR,LIbyan Jewish Population,1 in 18,0.95,1 in 341,"1 in 24,552",9
EDA,Hypohidrotic ectodermal dysplasia,XL,General Population,"1 in 14,167",0.99,"1 in 1,416,601","1 in 5,666,472",9
EFEMP2,"Cutis laxa, type 1B",AR,General Population,<1 in 500,0.99,"1 in 49,901",<1 in 10 million,9
EIF2AK3,Wolcott-Rallison Syndrome,AR,General Population,<1 in 500,0.98,"1 in 24,951",<1 in 10 million,9
EIF2B1,Leukoencephalopathy with vanishing white matter,AR,General Population,<1 in 500,0.99,"1 in 49,901",<1 in 10 million,9
EIF2B2,Leukoencephalopathy with vanishing white matter,AR,General Population,<1 in 500,0.99,"1 in 49,901",<1 in 10 million,10
EIF2B3,Leukoencephalopathy with vanishing white matter,AR,General Population,<1 in 500,0.99,"1 in 49,901",<1 in 10 million,10
EIF2B4,Leukoencephalopathy with vanishing white matter,AR,General Population,<1 in 500,0.99,"1 in 49,901",<1 in 10 million,10
EIF2B5,Leukoencephalopathy with vanishing white matter,AR,General Population,<1 in 500,0.99,"1 in 49,901",<1 in 10 million,10
ELP1,Familial Dysautonomia,AR,General Population,1 in 300,0.99,"1 in 29,901",<1 in 10 million,10
ELP1,Familial Dysautonomia,AR,Ashkenazi Jewish Population,1 in 31,0.99,"1 in 3,001","1 in 372,124",10
EMD,Emery-Dreifuss muscular dystrophy,XL,General Population,"1 in 81,967",0.99,"1 in 8,196,601",<1 in 10 million,10
EPB42,"Spherocytosis, type 5",AR,General Population,<1 in 500,0.99,"1 in 49,901",<1 in 10 million,10
EPG5,Vici syndrome,AR,General Population,<1 in 500,0.99,"1 in 49,901",<1 in 10 million,10
ERBB3,Familial visceral neuropathy type 1,AR,General Population,<1 in 500,0.99,"1 in 49,901",<1 in 10 million,10
ERCC2,ERCC2-related disorders,AR,General Population,1 in 65,0.99,"1 in 6,401","1 in 1,664,260",10
ERCC3,ERCC3-related photosensitivity,AR,General Population,<1 in 500,0.99,"1 in 49,901",<1 in 10 million,10
ERCC4,ERCC4-related disorders,AR,General Population,<1 in 500,0.99,"1 in 49,901",<1 in 10 million,10
ERCC5,"Xeroderma Pigmentosa, group G",AR,General Population,<1 in 500,0.99,"1 in 49,901",<1 in 10 million,10
ERCC6,ERCC6-related disorders,AR,General Population,1 in 500,0.99,"1 in 49,901",<1 in 10 million,10
ERCC6,ERCC6-related disorders,AR,Japanese Population,1 in 74,0.99,"1 in 7,301","1 in 2,161,096",10
ERCC8,Cockayne syndrome type A,AR,General Population,1 in 822,0.98,"1 in 41,051",<1 in 10 million,10
ESCO2,Roberts syndrome,AR,General Population,<1 in 500,0.99,"1 in 49,901",<1 in 10 million,10
ETFA,Glutaric aciduria IIA,AR,General Population,1 in 500,0.98,"1 in 24,951",<1 in 10 million,10
ETFB,Glutaric aciduria IIB,AR,General Population,1 in 500,0.98,"1 in 24,951",<1 in 10 million,10
ETFDH,Glutaric aciduria IIC,AR,General Population,1 in 250,0.98,"1 in 12,451",<1 in 10 million,10
ETFDH,Glutaric aciduria IIC,AR,East Asian Population,1 in 74,0.98,"1 in 3,651","1 in 1,080,696",10
ETHE1,Ethylmalonic encephalopathy,AR,General Population,<1 in 500,0.98,"1 in 24,951",<1 in 10 million,10
EVC,EVC-related bone growth disorders,AR,General Population,1 in 142,0.98,"1 in 7,051","1 in 4,004,968",10
EVC,EVC-related bone growth disorders,AR,Amish Population,1 in 7,0.98,1 in 301,"1 in 8,428",10
EVC2,EVC2-related bone growth disorders,AR,General Population,1 in 240,0.98,"1 in 11,951",<1 in 10 million,10
EVC2,EVC2-related bone growth disorders,AR,Amish Population,1 in 7,0.98,1 in 301,"1 in 8,428",10
EXOSC3,Pontocerebellar hypoplasia type 1B,AR,General Population,<1 in 500,0.98,"1 in 24,951",<1 in 10 million,10
EYS,Retinitis pigmentosa 25,AR,General Population,1 in 66,0.98,"1 in 3,251","1 in 858,264",10
F11,Factor XI deficiency,AR,General Population,1 in 500,0.98,"1 in 24,951",<1 in 10 million,10
F11,Factor XI deficiency,AR,Ashkenazi Jewish Population,1 in 11,0.98,1 in 501,"1 in 22,044",10
F2,Prothrombin-related conditions,AR,General Population,1 in 33,0.99,"1 in 3,201","1 in 422,532",10
F2,Prothrombin-related conditions,AR,Caucasian / European Population,1 in 4,0.99,1 in 301,"1 in 4,816",10
F7,Factor VII deficiency,AR,General Population,<1 in 500,0.99,"1 in 49,901",<1 in 10 million,11
F8,Hemophilia A,XL,General Population,"1 in 3,250",0.48,"1 in 6,249","1 in 25,000",11
F9,Hemophilia B,XL,General Population,"1 in 15,000",0.99,"1 in 1,499,901","1 in 5,999,804",11
FA2H,Spastic paraplegia type 35,AR,General Population,<1 in 500,0.99,"1 in 49,901",<1 in 10 million,11
FAH,"Tyrosinemia, type 1",AR,General Population,1 in 99,0.95,"1 in 1,961","1 in 776,556",11
FAH,"Tyrosinemia, type 1",AR,Ashkenazi Jewish Population,1 in 150,0.95,"1 in 2,981","1 in 1,788,600",11
FAH,"Tyrosinemia, type 1",AR,Finnish Population,1 in 122,0.95,"1 in 2,421","1 in 1,181,448",11
FAH,"Tyrosinemia, type 1",AR,French Canadian Population,1 in 66,0.95,"1 in 1,301","1 in 343,464",11
FAH,"Tyrosinemia, type 1",AR,South Asian/Indian Population,1 in 172,0.95,"1 in 3,421","1 in 2,353,648",11
FAM126A,Hypomyelinating leukodystropy type 5,AR,General Population,<1 in 500,0.99,"1 in 49,901",<1 in 10 million,11
FAM161A,Retinitis pigmentosa 28,AR,General Population,1 in 296,0.98,"1 in 14,751",<1 in 10 million,11
FANCA,Fanconi anemia group A,AR,General Population,1 in 239,0.99,"1 in 23,801",<1 in 10 million,11
FANCA,Fanconi anemia group A,AR,Moroccan Jewish,1 in 100,0.99,"1 in 9,901","1 in 3,960,400",11
FANCA,Fanconi anemia group A,AR,Indian Jewish Population,1 in 27,0.99,"1 in 2,601","1 in 280,908",11
FANCB,Fanconi anemia group B,XL,General Population,"<1 in 50,000",0.99,"1 in 4,999,901",<1 in 10 million,11
FANCC,Fanconi anemia group C,AR,General Population,1 in 535,0.99,"1 in 53,401",<1 in 10 million,11
FANCC,Fanconi anemia group C,AR,Ashkenazi Jewish Population,1 in 99,0.99,"1 in 9,801","1 in 3,881,196",11
FANCD2,"Fanconi anemia, group D2",AR,General Population,<1 in 500,0.99,"1 in 49,901",<1 in 10 million,11
FANCE,"Fanconi anemia, group E",AR,General Population,<1 in 500,0.99,"1 in 49,901",<1 in 10 million,11
FANCF,"Fanconi anemia, group F",AR,General Population,<1 in 500,0.99,"1 in 49,901",<1 in 10 million,11
FANCG,Fanconi anemia group G,AR,General Population,1 in 632,0.9,"1 in 6,311",<1 in 10 million,11
FANCI,"Fanconi anemia, group I",AR,General Population,<1 in 500,0.99,"1 in 49,901",<1 in 10 million,11
FANCL,"Fanconi anemia, group L",AR,General Population,<1 in 500,0.99,"1 in 49,901",<1 in 10 million,11
FBP1,"Fructose-1,6-bisphosphatase deficiency",AR,General Population,<1 in 500,0.99,"1 in 49,901",<1 in 10 million,11
FBXL4,Mitochondrial DNA depletion syndrome 13,AR,General Population,<1 in 500,0.99,"1 in 49,901",<1 in 10 million,11
FBXO7,Parkinson disease 15,AR,General Population,<1 in 500,0.99,"1 in 49,901",<1 in 10 million,11
FGD1,X-linked Aarskog-Scott syndrome,XL,General Population,"<1 in 50,000",0.99,"1 in 4,999,901",<1 in 10 million,11
FH,Fumarase deficiency,AR,General Population,<1 in 500,0.99,"1 in 49,901",<1 in 10 million,11
FH,Fumarase deficiency,AR,Ashkenazi Jewish Population,1 in 99,0.99,"1 in 9,801","1 in 3,881,196",11
FHL1,FHL1-related neuromuscular disorders,XL,General Population,"<1 in 50,000",0.99,"1 in 4,999,901",<1 in 10 million,11
FKBP10,Osteogenesis imperfecta type XI,AR,General Population,<1 in 500,0.99,"1 in 49,901",<1 in 10 million,11
FKRP,FKRP Alpha-dystroglycanopathies,AR,General Population,1 in 158,0.98,"1 in 7,851","1 in 4,961,832",11
FKTN,FKTN Alpha-dystroglycanopathies,AR,General Population,1 in 500,0.99,"1 in 49,901",1 in 10 million,11
FKTN,FKTN Alpha-dystroglycanopathies,AR,Ashkenazi Jewish Population,1 in 150,0.99,"1 in 14,901","1 in 8,940,600",11
FKTN,FKTN Alpha-dystroglycanopathies,AR,Japanese Population,1 in 82,0.99,"1 in 8,101","1 in 2,657,128",11
FMO3,Trimethylaminuria,AR,General Population,1 in 139,0.99,"1 in 13,801","1 in 7,763,356",11
FMR1,Fragile X Syndrome Full Mutation,XL,General Population,"1 in 11,111",0.99,"1 in 1,111,001","1 in 4,444,004",12
FMR1,Fragile X Syndrome Intermediate Allele,XL,General Population,1 in 259,0.99,"1 in 25,801","1 in 103,204",12
FMR1,Fragile X Syndrome Intermediate Allele,XL,Ashkenazi Jewish Population,1 in 115,0.99,"1 in 11,401","1 in 45,604",12
FMR1,Fragile X Syndrome Premutation,XL,General Population,1 in 259,0.99,"1 in 25,801","1 in 103,204",12
FMR1,Fragile X Syndrome Premutation,XL,Ashkenazi Jewish Population,,1 in 115,0.99,"1 in 11,401",12
FOLR1,Cerebral folate deficiency,AR,General Population,<1 in 500,0.99,"1 in 49,901",<1 in 10 million,12
FOXN1,T-cell immunodeficiency with thymic aplasia,AR,General Population,<1 in 500,0.99,"1 in 49,901",<1 in 10 million,12
FOXP3,IPEX syndrome,XL,General Population,"<1 in 50,000",0.99,"1 in 4,999,901",<1 in 10 million,12
FOXRED1,Mitochondrial complex I deficiency,AR,General Population,<1 in 500,0.99,"1 in 49,901",<1 in 10 million,12
FRAS1,Fraser syndrome,AR,General Population,1 in 250,0.99,"1 in 24,901",<1 in 10 million,12
FREM2,Fraser syndrome,AR,General Population,1 in 354,0.99,"1 in 35,301",<1 in 10 million,12
FTCD,Glutamate formiminotransferase deficiency,AR,General Population,<1 in 500,0.99,"1 in 49,901",<1 in 10 million,12
FTSJ1,"X-linked intellectual disability, FTSJ1-related",XL,General Population,"<1 in 50,000",0.99,"1 in 4,999,901",<1 in 10 million,12
FUCA1,Fucosidosis,AR,General Population,<1 in 500,0.99,"1 in 49,901",<1 in 10 million,12
FXN,Friedreich ataxia,AR,General Population,1 in 80,0.04,1 in 83,"1 in 26,653",12
FXN,Friedreich ataxia,AR,Caucasian / European Population,1 in 80,0.98,1 in 3951,"1 in 1,264,320",12
G6PC,"Glycogen storage disease, type 1a",AR,General Population,1 in 177,0.95,"1 in 3,521","1 in 2,492,868",12
G6PC,"Glycogen storage disease, type 1a",AR,Ashkenazi Jewish Population,1 in 64,0.95,"1 in 1,261","1 in 322,816",12
G6PC3,Severe congenital neutropenia 4,AR,General Population,<1 in 500,0.99,"1 in 49,901",<1 in 10 million,12
G6PD,Glucose-6-phosphate dehydrogenase deficiency,XL,General Population,1 in 7,0.98,1 in 301,"1 in 1,204",12
GAA,Pompe disease,AR,General Population,1 in 100,0.98,"1 in 4,951","1 in 1,980,400",12
GAA,Pompe disease,AR,African/African American Population,1 in 60,0.98,"1 in 2,951","1 in 708,240",12
GAA,Pompe disease,AR,East Asian Population,1 in 112,0.98,"1 in 5,551","1 in 2,486,848",12
GAA,Pompe disease,AR,Ashkenazi Jewish Population,1 in 76,0.99,"1 in 7,501","1 in 2,280,304",12
GALC,Krabbe diseas,AR,General Population,1 in 158,0.99,"1 in 15,701","1 in 9,923,032",12
GALC,Krabbe diseas,AR,Israeli Druze Population,1 in 6,0.99,1 in 501,"1 in 12,024",12
GALE,Galactose epimerase deficiency,AR,General Population,<1 in 500,0.99,"1 in 49,901",<1 in 10 million,12
GALK1,Galactokinase deficiency,AR,General Population,1 in 110,0.95,"1 in 2,181","1 in 959,640",12
GALK1,Galactokinase deficiency,AR,Irish Population,1 in 64,0.95,"1 in 1,261","1 in 322,816",12
GALNS,Mucopolysaccharidosis IVA (Morquio syndrome A),AR,General Population,1 in 224,0.97,"1 in 7,434","1 in 6,660,864",12
GALNT3,Familial hyperphosphatemic tumoral calcinosis,AR,General Population,<1 in 500,0.99,"1 in 49,901",<1 in 10 million,12
GALT,Galactosemia,AR,General Population,1 in 110,0.99,"1 in 10,901","1 in 4,796,440",12
GALT,Galactosemia,AR,African/African American Population,1 in 94,0.99,"1 in 9,301","1 in 3,497,176",12
GALT,Galactosemia,AR,Ashkenazi Jewish Population,1 in 127,0.99,"1 in 12,601","1 in 6,401,308",12
GAMT,Guanidinoacetate methyltransferase deficiency,AR,General Population,1 in 371,0.99,"1 in 37,001",<1 in 10 million,12
GATM,Cerebral creatine deficiency syndrome 3,AR,General Population,<1 in 500,0.99,"1 in 49,901",<1 in 10 million,13
GBA,Gaucher disease,AR,General Population,1 in 77,0.99,"1 in 7,601","1 in 2,341,108",13
GBA,Gaucher disease,AR,African/African American Population,1 in 35,0.99,"1 in 3,401","1 in 476,140",13
GBA,Gaucher disease,AR,Ashkenazi Jewish Population,1 in 15,0.99,"1 in 1,401","1 in 84,060",13
GBE1,Glycogen storage disease IV,AR,General Population,1 in 387,0.99,"1 in 38,601",<1 in 10 million,13
GCDH,"Glutaric aciduria, type I",AR,General Population,1 in 87,0.98,"1 in 4,301","1 in 1,496,748",13
GCDH,"Glutaric aciduria, type I",AR,Amish Population,1 in 9,0.98,1 in 401,"1 in 14,436",13
GCH1,GCH1-related conditions,AR,General Population,<1 in 500,<1 in 500,"1 in 49,901",<1 in 10 million,13
GDAP1,"Charcot-Marie-Tooth disease, GDAP1-related",AR,General Population,1 in 152,0.99,"1 in 15,101","1 in 9,181,408",13
GDF5,Du Pan Syndrome,AR,General Population,<1 in 500,0.98,"1 in 24,951",<1 in 10 million,13
GFM1,"Combined oxidative phosphorylation deficiency, GFM1-related",AR,General Population,<1 in 500,0.98,"1 in 24,951",<1 in 10 million,13
GFPT1,Congenital myasthenic syndrome 12,AR,General Population,<1 in 500,0.99,"1 in 49,901",<1 in 10 million,13
GHR,Growth hormone insensitivity syndrome,AR,General Population,<1 in 500,0.99,"1 in 49,901",<1 in 10 million,13
GHRHR,"Isolated growth hormone deficiency, type 1B",AR,General Population,<1 in 500,0.99,"1 in 49,901",<1 in 10 million,13
GJB1,"Charcot-Marie-Tooth disease, X-linked type 1",XL,General Population,1 in 667,0.9,"1 in 6,661","1 in 26,644",13
GJB2,Nonsyndromic hearing loss 1A,AR,General Population,1 in 42,0.99,"1 in 4,101","1 in 688,968",13
GJB2,Nonsyndromic hearing loss 1A,AR,African/African American Population,1 in 25,0.99,"1 in 2,401","1 in 240,100",13
GJB2,Nonsyndromic hearing loss 1A,AR,Ashkenazi Jewish Population,1 in 21,0.99,"1 in 2,001","1 in 168,084",13
GJB2,Nonsyndromic hearing loss 1A,AR,Caucasian / European Population,1 in 33,0.99,"1 in 3,201","1 in 422,532",13
GJB2,Nonsyndromic hearing loss 1A,AR,Latino Population,1 in 100,0.99,"1 in 9,901","1 in 3,960,400",13
GJB2,Nonsyndromic hearing loss 1A,AR,Middle-Eastern Population,1 in 83,0.99,"1 in 8,201","1 in 2,722,732",13
GJB2,Nonsyndromic hearing loss 1A,AR,South Asian/Indian Population,1 in 148,0.99,"1 in 14,701","1 in 8,702,992",13
GJB6,GJB6-CRYL1 related nonsyndromic hearing loss,"AR, Digenic",General Population,1 in 423,0.99,"1 in 42,201",<1 in 10 million,13
GLA,Fabry disease,XL,General Population,"1 in 25,000",0.99,"1 in 2,499,901","1 in 9,999,804",13
GLB1,GLB1-related gangliosidoses,AR,General Population,1 in 134,0.99,"1 in 13,301","1 in 7,129,336",13
GLB1,GLB1-related gangliosidoses,AR,Maltese Population,1 in 30,0.99,"1 in 2,901","1 in 348,120",13
GLB1,GLB1-related gangliosidoses,AR,Roma Population,1 in 50,0.99,"1 in 4,901","1 in 980,200",13
GLDC,"Glycine encephalopathy, GLDC-related",AR,General Population,1 in 193,0.98,"1 in 9,601","1 in 7,411,972",13
GLDC,"Glycine encephalopathy, GLDC-related",AR,British Columbia Canadian Population,1 in 125,0.99,"1 in 12,401","1 in 6,200,500",13
GLDC,"Glycine encephalopathy, GLDC-related",AR,Finnish Population,1 in 117,0.99,"1 in 11,601","1 in 5,429,268",13
GLE1,Lethal congenital contracture syndrome 1,AR,General Population,<1 in 500,0.98,"1 in 24,951",<1 in 10 million,13
GLE1,Lethal congenital contracture syndrome 1,AR,Finnish Population,1 in 80,0.98,"1 in 3,951","1 in 1,264,320",13
GNE,Inclusion body myopathy type 2 (Nonaka myopathy),AR,General Population,<1 in 500,0.99,"1 in 49,901","1 in 99,802,000",13
GNE,Inclusion body myopathy type 2 (Nonaka myopathy),AR,Iranian Jewish Population,1 in 11,0.99,"1 in 1,001","1 in 44,044",13
GNPAT,"Rhizomelic chondrodysplasia punctata, type 2",AR,General Population,<1 in 500,0.99,"1 in 49,901",<1 in 10 million,13
GNPTAB,Mucolipidosis II & III,AR,General Population,<1 in 500,0.95,"1 in 9,981",<1 in 10 million,13
GNPTG,Mucolipidosis III gamma,AR,General Population,<1 in 500,0.95,"1 in 9,981",<1 in 10 million,14
GNRHR,"Hypogonadotropic hypogonadism, GNRHR-related",AR,General Population,1 in 347,0.99,"1 in 34,601",<1 in 10 million,14
GNS,Mucopolysaccharidosis IIID (Sanfilippo syndrome D),AR,General Population,1 in 500,0.98,"1 in 24,951",<1 in 10 million,14
GORAB,Geroderma osteodysplasticum,AR,General Population,<1 in 500,0.99,"1 in 49,901",<1 in 10 million,14
GP1BA,Bernard-Soulier syndrome type A1,AR,General Population,1 in 500,0.98,"1 in 24,951",<1 in 10 million,14
GP9,Bernard-Soulier syndrome type C,AR,General Population,1 in 500,0.98,"1 in 24,951",<1 in 10 million,14
GPHN,Molybdenum cofactor deficiency C,AR,General Population,<1 in 500,0.99,"1 in 49,901",<1 in 10 million,14
GPR143,"X-linked Ocular albinism, GPR143- related",XL,General Population,"1 in 25,000",0.99,"1 in 2,499,901",<1 in 10 million,14
GRHPR,Primary hyperoxaluria type II,AR,General Population,<1 in 500,0.99,"1 in 49,901",<1 in 10 million,14
GRIP1,Fraser syndrome,AR,General Population,1 in 84,0.99,"1 in 8,301","1 in 2,789,136",14
GSS,Glutathione synthetase deficiency,AR,General Population,<1 in 500,0.99,"1 in 49,901",<1 in 10 million,14
GUCY2D,Leber congenital amaurosis 1,AR,General Population,<1 in 500,0.98,"1 in 24,951",<1 in 10 million,14
GUSB,Mucopolysaccharidosis type VII,AR,General Population,1 in 250,0.98,"1 in 12,451",<1 in 10 million,14
GYS2,"Glycogen storage disease, type 0, liver",AR,General Population,<1 in 500,0.99,"1 in 49,901",<1 in 10 million,14
HADH,Familial hyperinsulinemic hypoglycemia 4,AR,General Population,<1 in 500,0.99,"1 in 49,901",<1 in 10 million,14
HADHA,Trifunctional protein deficiency,AR,General Population,<1 in 500,0.98,"1 in 24,951",<1 in 10 million,14
HADHA,Trifunctional protein deficiency,AR,Finnish Population,1 in 124,0.98,"1 in 6,151","1 in 3,050,896",14
HADHB,Trifunctional protein deficiency,AR,General Population,<1 in 500,0.98,"1 in 24,951",<1 in 10 million,14
HADHB,Trifunctional protein deficiency,AR,Finnish Population,1 in 124,0.98,"1 in 6,151","1 in 3,050,896",14
HAMP,"Hemochromatosis, type 2B",AR,General Population,<1 in 500,0.99,"1 in 49,901",<1 in 10 million,14
HAX1,"Severe congenital neutropenia, HAX1-related",AR,General Population,1 in 224,0.98,"1 in 11,151","1 in 9,991,296",14
HBA1,Alpha thalassemia,AR,General Population,1 in 1000,0.98,1 in 860,"1 in 3,440,364",14
HBA1,Alpha thalassemia,AR,General Population†,1 in 18,0.98,1 in 860,"1 in 3,440,364",14
HBA1,Alpha thalassemia,AR,Southeast Asian Population,<1 in 7,0.98,<1 in 305,"<1 in 17,228",14
HBA1,Alpha thalassemia,AR,Southeast Asian Population†,<1 in 14,0.98,<1 in 305,"<1 in 17,228",14
HBA1,Alpha thalassemia,AR,Mediterranean Population,<1 in 6,0.98,<1 in 229,"<1 in 457,556",14
HBA1,Alpha thalassemia,AR,Mediterranean Population†,1 in 500,0.98,<1 in 229,"<1 in 457,556",14
HBA1,Alpha thalassemia,AR,African/African American Population,1 in 30,0.98,"1 in 1,451","1 in 5,804,000",14
HBB,Beta thalassemia,AR,General Population,1 in 158,0.99,"1 in 15,701","1 in 9,923,032",15
HBB,Beta thalassemia,AR,African/African American Population,1 in 10,0.99,1 in 901,"1 in 36,040",15
HBB,Beta thalassemia,AR,East Asian Population,1 in 50,0.99,"1 in 4,901","1 in 980,200",15
HBB,Beta thalassemia,AR,Latino Population,1 in 128,0.99,"1 in 12,701","1 in 6,502,912",15
HBB,Beta thalassemia,AR,Mediterranean Population,1 in 3,0.99,1 in 201,"1 in 2,412",15
HBB,Beta thalassemia,AR,South Asian/Indian Population,1 in 25,0.99,"1 in 2,401","1 in 240,100",15
HBB,Hemoglobin C disease,AR,General Population,1 in 158,0.95,"1 in 3,141","1 in 1,985,112",15
HBB,Hemoglobin C disease,AR,African/African American Population,1 in 10,0.95,1 in 181,"1 in 7,240",15
HBB,Hemoglobin C disease,AR,East Asian Population,1 in 50,0.95,1 in 981,"1 in 196,200",15
HBB,Hemoglobin C disease,AR,Latino Population,1 in 128,0.95,"1 in 2,541","1 in 1,300,992",15
HBB,Hemoglobin C disease,AR,Mediterranean Population,1 in 3,0.95,1 in 41,1 in 492,15
HBB,Hemoglobin C disease,AR,South Asian/Indian Population,1 in 25,0.95,1 in 481,"1 in 48,100",15
HBB,Sickle cell disease,AR,General Population,1 in 158,0.95,"1 in 3,141","1 in 1,985,112",15
HBB,Sickle cell disease,AR,African/African American Population,1 in 10,0.95,1 in 181,"1 in 7,240",15
HBB,Sickle cell disease,AR,East Asian Population,1 in 50,0.95,1 in 981,"1 in 196,200",15
HBB,Sickle cell disease,AR,Latino Population,1 in 128,0.95,"1 in 2,541","1 in 1,300,992",15
HBB,Sickle cell disease,AR,Mediterranean Population,1 in 3,0.95,1 in 41,1 in 492,15
HBB,Sickle cell disease,AR,South Asian/Indian Population,1 in 25,0.95,1 in 481,"1 in 48,100",15
HCFC1,"Methylmalonic acidemia with homocystinuria, type cblX",XL,General Population,"<1 in 50,000",0.99,"1 in 4,999,901",<1 in 10 million,15
HELLS,"Immunodeficiency, Centromeric region instability, Facial anomalies syndrome",AR,General Population,<1 in 500,0.99,"1 in 49,901",<1 in 10 million,15
HEXA,Tay-Sachs disease,AR,General Population,1 in 300,0.99,"1 in 29,901",<1 in 10 million,15
HEXA,Tay-Sachs disease,AR,Ashkenazi Jewish Population,1 in 27,0.99,"1 in 2,601","1 in 280,908",15
HEXA,Tay-Sachs disease,AR,Moroccan Jewish Population,1 in 110,0.99,"1 in 10,901","1 in 4,796,440",15
HEXB,Sandhoff disease,AR,General Population,1 in 600,0.98,"1 in 29,951",<1 in 10 million,15
HFE,Hereditary Hemochromatosis,AR,General Population,1 in 10,0.99,1 in 901,"1 in 36,040",15
HFE,Hereditary Hemochromatosis,AR,African/African American Population,1 in 17,0.99,"1 in 1,601","1 in 108,868",15
HFE,Hereditary Hemochromatosis,AR,Caucasian / European Population,1 in 3,0.99,1 in 201,"1 in 2,412",15
HFE,Hereditary Hemochromatosis,AR,East Asian Population,1 in 12,0.99,"1 in 1,101","1 in 52,848",15
HFE,Hereditary Hemochromatosis,AR,Latino Population,1 in 6,0.99,1 in 501,"1 in 12,024",15
HGD,Alkaptonuria,AR,General Population,1 in 250,0.9,"1 in 2,491","1 in 2,491,000",15
HGSNAT,Mucopolysaccharidosis type IIIC (Sanfilippo syndrome C),AR,General Population,1 in 434,0.98,"1 in 21,651",<1 in 10 million,15
HGSNAT,Mucopolysaccharidosis type IIIC (Sanfilippo syndrome C),AR,Caucasian / European Population,1 in 345,0.98,"1 in 17,201",<1 in 10 million,15
HINT1,Neuromyotonia and axonal neuropathy,AR,General Population,<1 in 500,0.99,"1 in 49,901",<1 in 10 million,15
HJV,"Hemochromatosis, type 2A",AR,General Population,1 in 500,0.99,"1 in 49,901",<1 in 10 million,15
HLCS,Holocarboxylase synthetase deficiency,AR,General Population,1 in 500,0.98,"1 in 24,951",<1 in 10 million,16
HMGCL,3-hydroxy-3-methylglutaryl-CoA lyase deficiency,AR,General Population,<1 in 500,0.98,"1 in 24,951",<1 in 10 million,16
HMGCS2,3-hydroxy-3-methylglutaryl-CoA synthase 2 deficiency,AR,General Population,<1 in 500,0.99,"1 in 49,901",<1 in 10 million,16
HMOX1,Heme oxygenase 1 deficiency,AR,General Population,<1 in 500,0.99,"1 in 49,901",<1 in 10 million,16
HOGA1,Primary hyperoxaluria type III,AR,General Population,1 in 184,0.99,"1 in 18,301",<1 in 10 million,16
HPD,Tyrosinemia type III,AR,General Population,<1 in 500,0.99,"1 in 49,901",<1 in 10 million,16
HPRT1,HPRT1-related conditions,XL,General Population,"<1 in 50,000",0.99,"1 in 4,999,901",<1 in 10 million,16
HPS1,Hermansky-Pudlak syndrome 1,AR,General Population,1 in 354,0.98,"1 in 17,651",<1 in 10 million,16
HPS1,Hermansky-Pudlak syndrome 1,AR,Puerto Rican Population,1 in 21,0.98,"1 in 1,001","1 in 84,084",16
HPS3,Hermansky-Pudlak syndrome 3,AR,General Population,1 in 354,0.98,"1 in 17,651",<1 in 10 million,16
HPS4,Hermansky-Pudlak syndrome 4,AR,General Population,<1 in 500,0.98,"1 in 24,951",<1 in 10 million,16
HPS5,Hermansky-Pudlak syndrome 5,AR,General Population,<1 in 500,0.99,"1 in 49,901",<1 in 10 million,16
HPS6,Hermansky-Pudlak syndrome 6,AR,General Population,<1 in 500,0.99,"1 in 49,901",<1 in 10 million,16
HSD17B10,HSD10 mitochondrial disease,XL,General Population,"<1 in 50,000",0.99,"1 in 4,999,901",<1 in 10 million,16
HSD17B3,17-Beta-Hydroxysteroid Dehydrogenase Deficiency,AR,General Population,1 in 192,0.98,"1 in 9,551","1 in 7,335,168",16
HSD17B3,17-Beta-Hydroxysteroid Dehydrogenase Deficiency,AR,Palestinian Population,1 in 8,0.98,1 in 351,"1 in 11,232",16
HSD17B4,D-bifunctional protein deficiency,AR,General Population,1 in 158,0.98,"1 in 7,851","1 in 4,961,832",16
HSD3B2,Congenital adrenal hyperplasia due to 3-beta-hydroxysteroid dehydrogenase 2 deficiency,AR,General Population,<1 in 500,0.98,"1 in 24,951",<1 in 10 million,16
HSD3B7,Congenital bile acid synthesis defect 1,AR,General Population,<1 in 500,0.99,"1 in 49,901",<1 in 10 million,16
HYAL1,Mucopolysaccharidosis type IX,AR,General Population,<1 in 500,0.98,"1 in 24,951",<1 in 10 million,16
HYLS1,Hydrolethalus syndrome,AR,General Population,<1 in 500,0.98,"1 in 24,951",<1 in 10 million,16
HYLS1,Hydrolethalus syndrome,AR,Finnish Population,1 in 50,0.98,"1 in 2,451","1 in 490,200",16
IDH3B,"Retinitis pigmentosa, IDH3B-related",AR,General Population,1 in 296,0.99,"1 in 29,501",<1 in 10 million,16
IDS,Mucopolysaccharidosis type II (Hunter syndrome),XL,General Population,"1 in 50,000",0.91,"1 in 555,545","1 in 2,222,204",16
IDUA,"Mucopolysaccharidosis, type I (Hurler syndrome)",AR,General Population,<1 in 500,0.95,"1 in 9,981",<1 in 10 million,16
IDUA,"Mucopolysaccharidosis, type I (Hurler syndrome)",AR,Caucasian / European Population,1 in 153,0.95,"1 in 3,041","1 in 1,861,092",16
IFT140,IFT140-related disorders,AR,General Population,<1 in 500,0.99,"1 in 49,901",<1 in 10 million,16
IGHMBP2,IGHMBP2-related neuropathies,AR,General Population,<1 in 500,0.99,"1 in 49,901",<1 in 10 million,16
IGSF1,X-linked central hypothyroidism and testicular enlargement,XL,General Population,"<1 in 50,000",0.99,"1 in 4,999,901",<1 in 10 million,16
IKBKB,Immunodeficiency 15B,AR,General Population,<1 in 500,0.99,"1 in 49,901",<1 in 10 million,16
IL1RAPL1,"X-linked intellectual disability, IL1RAPL1-related",XL,General Population,"<1 in 50,000",0.99,"1 in 4,999,901",<1 in 10 million,16
IL2RA,Immunodeficiency due to CD25 deficiency,AR,General Population,<1 in 500,0.99,"1 in 49,901",<1 in 10 million,16
IL2RG,X-linked severe combined immunodeficiency,XL,General Population,"1 in 25,000",0.99,"1 in 2,499,901","1 in 9,999,804",16
IL7R,Severe Combined Immunodeficiency 104,AR,General Population,<1 in 500,0.99,"1 in 49,901",<1 in 10 million,16
INPP5E,Joubert syndrome 1,AR,General Population,1 in 159,0.99,"1 in 15,801",<1 in 10 million,16
INVS,Nephronophthisis 2,AR,General Population,<1 in 500,0.99,"1 in 49,901",<1 in 10 million,16
ITGA6,Junctional epidermolysis bullosa,AR,General Population,<1 in 500,0.99,"1 in 49,901",<1 in 10 million,17
ITGB3,Glanzmann thrombasthenia,AR,General Population,<1 in 500,0.99,"1 in 49,901",<1 in 10 million,17
ITGB4,Junctional epidermolysis bullosa,AR,General Population,<1 in 500,0.99,"1 in 49,901",<1 in 10 million,17
ITPA,Developmental and epileptic encephalopathy 35,AR,General Population,<1 in 500,0.99,"1 in 49,901",<1 in 10 million,17
IVD,Isovaleric Acidemia,AR,General Population,1 in 167,0.9,"1 in 1,661","1 in 1,109,548",17
IVD,Isovaleric Acidemia,AR,African/African American Population,1 in 100,0.9,1 in 991,"1 in 396,400",17
IVD,Isovaleric Acidemia,AR,Caucasian / European Population,1 in 115,0.9,"1 in 1,141","1 in 524,860",17
IVD,Isovaleric Acidemia,AR,East Asian Population,1 in 407,0.9,"1 in 4,061","1 in 6,611,308",17
IYD,"Thyroid dyshormonogenesis, IYD-related",AR,General Population,<1 in 500,0.99,"1 in 49,901",<1 in 10 million,17
JAK3,"Severe combined immunodeficiency, JAK3-related",AR,General Population,1 in 299,0.99,"1 in 29,801",<1 in 10 million,17
KCNJ1,Bartter syndrome,AR,General Population,1 in 500,0.98,"1 in 24,951",<1 in 10 million,17
KCNJ11,KCNJ11-related hyperinsulinism,AR,General Population,1 in 423,0.99,"1 in 42,201",<1 in 10 million,17
KCNJ11,KCNJ11-related hyperinsulinism,AR,Caucasian / European Population,1 in 232,0.99,"1 in 23,101",<1 in 10 million,17
KCTD7,Progressive myoclonic epilepsy type 3,AR,General Population,<1 in 500,0.99,"1 in 49,901",<1 in 10 million,17
KDM5C,"X-linked intellectual disability, KDM5C-related",XL,General Population,"<1 in 50,000",0.98,"1 in 2,499,951",<1 in 10 million,17
KIF14,Primary Autosomal Recessive Microcephaly 20,AR,General Population,<1 in 500,0.99,"1 in 49,901",<1 in 10 million,17
L1CAM,L1 syndrome,XL,General Population,"1 in 15,000",0.99,"1 in 1,499,901","1 in 5,999,804",17
LAMA2,"Muscular dystrophy, LAMA2-related",AR,General Population,<1 in 500,0.99,"1 in 49,901",<1 in 10 million,17
LAMA2,"Muscular dystrophy, LAMA2-related",AR,Caucasian / European Population,1 in 125,0.99,"1 in 12,401","1 in 6,200,500",17
LAMA3,Junctional epidermolysis bullosa 2,AR,General Population,1 in 781,0.98,"1 in 39,001",<1 in 10 million,17
LAMB3,"Junctional epidermolysis bullosa, LAMB3-related",AR,General Population,1 in 781,0.98,"1 in 39,001",<1 in 10 million,17
LAMC2,"Junctional epidermolysis bullosa, LAMC2-related",AR,General Population,1 in 781,0.98,"1 in 39,001",<1 in 10 million,17
LAMP2,Danon disease,XL,General Population,N/A,0.99,N/A,N/A,17
LARGE1,Muscular dystrophy- dystroglycanopathy (LARGE1-related),AR,General Population,<1 in 500,0.99,"1 in 49,901",<1 in 10 million,17
LARS,Infantile liver failure syndrome 1,AR,General Population,<1 in 500,0.99,"1 in 49,901",<1 in 10 million,17
LCA5,Leber congenital amaurosis 5,AR,General Population,1 in 500,0.98,"1 in 24,951",<1 in 10 million,17
LCK,Immunodeficiency 22,AR,General Population,<1 in 500,0.99,"1 in 49,901",<1 in 10 million,17
LDLR,Familial Hypercholesterolemia,"AD,AR",General Population,1 in 8,0.99,1 in 701,"1 in 22,432",17
LDLR,Familial Hypercholesterolemia,"AD,AR",Amish Population,1 in 2,0.99,1 in 101,1 in 808,17
LDLR,Familial Hypercholesterolemia,"AD,AR",Caucasian / European Population,1 in 7,0.99,1 in 601,"1 in 16,828",17
LDLR,Familial Hypercholesterolemia,"AD,AR",French Canadian Population,1 in 8,0.99,1 in 701,"1 in 22,432",17
LDLRAP1,Familial Hypercholesterolemia,AR,General Population,1 in 8,0.99,1 in 701,"1 in 22,432",17
LDLRAP1,Familial Hypercholesterolemia,AR,Amish Population,1 in 2,0.99,1 in 101,1 in 808,17
LDLRAP1,Familial Hypercholesterolemia,AR,Caucasian / European Population,1 in 7,0.99,1 in 601,"1 in 16,828",17
LDLRAP1,Familial Hypercholesterolemia,AR,French Canadian Population,1 in 8,0.99,1 in 701,"1 in 22,432",17
LHX3,Combined pituitary hormone deficiency 3,AR,General Population,1 in 45,0.98,"1 in 2,201","1 in 396,180",18
LIFR,Stuve-Wiedemann syndrome,AR,General Population,<1 in 500,0.98,"1 in 24,951",<1 in 10 million,18
LIG4,LIG4 syndrome,AR,General Population,<1 in 500,0.99,"1 in 49,901",<1 in 10 million,18
LIPA,Lysosomal acid lipase deficiency,AR,General Population,1 in 211,0.99,"1 in 21,001",<1 in 10 million,18
LIPA,Lysosomal acid lipase deficiency,AR,Caucasian / European Population,1 in 161,0.99,"1 in 16,001","1 in 4,973,248",18
LIPA,Lysosomal acid lipase deficiency,AR,Iranian Jewish Population,1 in 32,0.99,"1 in 3,101","1 in 396,928",18
LIPN,Congenital Ichthyosis 8,AR,General Population,<1 in 500,0.99,"1 in 49,901",<1 in 10 million,18
LMAN1,Combined factor V and VIII deficiency,AR,General Population,<1 in 500,0.99,"1 in 49,901",<1 in 10 million,18
LMBRD1,"Methylmalonic aciduria and homocystinuria, cblF type",AR,General Population,<1 in 500,0.99,"1 in 49,901",<1 in 10 million,18
LOXHD1,Nonsyndromic hearing loss 77,AR,General Population,1 in 500,0.98,"1 in 24,951",<1 in 10 million,18
LOXHD1,Nonsyndromic hearing loss 77,AR,Ashkenazi Jewish Population,1 in 180,0.98,"1 in 8,951","1 in 6,444,720",18
LPAR6,Hypotrichosis 8,AR,General Population,<1 in 500,0.99,"1 in 49,901",<1 in 10 million,18
LPL,Familial lipoprotein lipase deficiency,AR,General Population,1 in 500,0.99,"1 in 49,901",<1 in 10 million,18
LPL,Familial lipoprotein lipase deficiency,AR,French Canadian Population,1 in 46,0.99,"1 in 4,501","1 in 828,184",18
LRAT,Leber congenital amaurosis 14,AR,General Population,<1 in 500,0.99,"1 in 49,901",<1 in 10 million,18
LRP2,Donnai-Barrow syndrome,AR,General Population,1 in 214,0.99,"1 in 10,651","1 in 9,117,256",18
LRPPRC,Leigh syndrome with Complex IV deficiency,AR,General Population,1 in 447,0.98,"1 in 22,301",<1 in 10 million,18
LRPPRC,Leigh syndrome with Complex IV deficiency,AR,Faroese Population,1 in 21,0.98,"1 in 1,001","1 in 84,084",18
LRPPRC,Leigh syndrome with Complex IV deficiency,AR,French Canadian Population,1 in 22,0.98,"1 in 1,051","1 in 92,488",18
LTBP4,"Cutis laxa with severe pulmonary, gastrointestinal, and urinary abnormalities",AR,General Population,<1 in 500,0.99,"1 in 49,901",<1 in 10 million,18
LYST,Chediak-Higashi syndrome,AR,General Population,<1 in 500,0.9,"1 in 4,991","1 in 9,982,000",18
MAK,Retinitis Pigmentosa 62,AR,General Population,<1 in 500,0.99,"1 in 49,901",<1 in 10 million,18
MALT1,Immunodeficiency 12,AR,General Population,<1 in 500,0.99,"1 in 49,901",<1 in 10 million,18
MAN2B1,Alpha-Mannosidosis,AR,General Population,1 in 354,0.99,"1 in 35,301",<1 in 10 million,18
MAN2B1,Alpha-Mannosidosis,AR,Caucasian / European Population,1 in 274,0.99,"1 in 27,301",<1 in 10 million,18
MANBA,Beta-Mannosidosis,AR,General Population,<1 in 500,0.99,"1 in 49,901",<1 in 10 million,18
MAT1A,Methionine adenosyltransferase deficiency,AR,General Population,<1 in 500,0.99,"1 in 49,901",<1 in 10 million,18
MCCC1,3-Methylcrotonyl-CoA carboxylase 1 deficiency (3-MCC deficiency),AR,General Population,1 in 95,0.98,"1 in 4,701","1 in 1,786,380",18
MCCC2,3-Methylcrotonyl-CoA carboxylase 2 deficiency (3-MCC deficiency),AR,General Population,1 in 95,0.98,"1 in 4,701","1 in 1,786,380",18
MCEE,Methylmalonyl-CoA epimerase deficiency,AR,General Population,<1 in 500,0.99,"1 in 49,901",<1 in 10 million,18
MCOLN1,Mucolipidosis IV,AR,General Population,1 in 300,0.99,"1 in 29,901",<1 in 10 million,18
MCOLN1,Mucolipidosis IV,AR,Ashkenazi Jewish Population,1 in 100,0.99,"1 in 9,901","1 in 3,960,400",18
MCPH1,"Primary microcephaly 1, recessive",AR,General Population,1 in 147,0.99,"1 in 14,601","1 in 8,585,388",18
MECP2,MECP2-related conditions,XL,General Population,"<1 in 50,000",0.99,"1 in 4,999,901",<1 in 10 million,18
MECR,Childhood-onset dystonia with optic atrophy and basal ganglia abnormalities,AR,General Population,<1 in 500,0.99,"1 in 49,901",<1 in 10 million,18
MED17,Postnatal Progressive Microcephaly with Seizures and Brain Atrophy,AR,General Population,<1 in 500,0.99,"1 in 49,901",<1 in 10 million,19
MED17,Postnatal Progressive Microcephaly with Seizures and Brain Atrophy,AR,Bukharan/Kurdish Jewish Population,1 in 20,0.99,"1 in 1,901","1 in 152,080",19
MEFV,Familial Mediterranean fever,AR,General Population,1 in 20,0.99,"1 in 1,901","1 in 152,080",19
MEFV,Familial Mediterranean fever,AR,Mediterranean Population,1 in 7,0.9,1 in 61,"1 in 1,708",19
MEGF8,Carpenter syndrome 2,AR,General Population,<1 in 500,0.99,"1 in 49,901",<1 in 10 million,19
MESP2,Spondylocostal dysostosis,AR,General Population,<1 in 500,0.98,"1 in 24,951",<1 in 10 million,19
MFSD8,"Neuronal ceroid lipofuscinosis, MFSD8-related",AR,General Population,<1 in 500,0.95,"1 in 9,981",<1 in 10 million,19
MID1,"Opitz GBBB syndrome, type I",XL,General Population,"<1 in 50,000",0.99,"1 in 4,999,901",<1 in 10 million,19
MKKS,Bardet-Biedl syndrome 6,AR,General Population,<1 in 500,0.99,"1 in 49,901",<1 in 10 million,19
MKS1,MKS1-related ciliopathies,AR,General Population,1 in 260,0.98,"1 in 12,951",<1 in 10 million,19
MKS1,MKS1-related ciliopathies,AR,Finnish Population,1 in 47,0.98,"1 in 2,301","1 in 432,588",19
MLC1,Megalencephalic leukoencephalopathy with subcortical cysts,AR,General Population,<1 in 500,0.99,"1 in 49,901",<1 in 10 million,19
MLC1,Megalencephalic leukoencephalopathy with subcortical cysts,AR,Libyan Jewish Population,1 in 40,0.99,"1 in 3,901","1 in 624,160",19
MLYCD,Malonyl-CoA decarboxylase deficiency,AR,General Population,<1 in 500,0.98,"1 in 24,951",<1 in 10 million,19
MMAA,"Methylmalonic aciduria, cblA type",AR,General Population,1 in 301,0.97,"1 in 10,001",<1 in 10 million,19
MMAB,"Methylmalonic aciduria, cblB type",AR,General Population,1 in 435,0.98,"1 in 21,701",<1 in 10 million,19
MMACHC,"Methylmalonic aciduria and homocystinuria, cblC type",AR,General Population,1 in 134,0.9,"1 in 1,331","1 in 713,416",19
MMADHC,"Methylmalonic aciduria and homocystinuria, cblD type",AR,General Population,<1 in 500,0.98,"1 in 24,951",<1 in 10 million,19
MOCS1,Molybdenum cofactor deficiency A,AR,General Population,<1 in 500,0.99,"1 in 49,901",<1 in 10 million,19
MOCS2,Molybdenum cofactor deficiency B,AR,General Population,<1 in 500,0.99,"1 in 49,901",<1 in 10 million,19
MPI,Congenital disorder of glycosylation type Ib,AR,General Population,<1 in 500,0.98,"1 in 24,951",<1 in 10 million,19
MPL,Congenital amegakaryocytic thrombocytopenia,AR,General Population,1 in 102,0.98,"1 in 5,051","1 in 2,060,808",19
MPL,Congenital amegakaryocytic thrombocytopenia,AR,Ashkenazi Jewish Population,1 in 55,0.98,"1 in 2,701","1 in 594,220",19
MPV17,"Hepatocerebral mitochondrial DNA depletion syndrome, MPV17-related",AR,General Population,<1 in 500,0.96,"1 in 12,476",<1 in 10 million,19
MPV17,"Hepatocerebral mitochondrial DNA depletion syndrome, MPV17-related",AR,Native American Population,1 in 20,0.96,1 in 476,"1 in 38,080",19
MRE11,Ataxia-Telangiectasia-Like Disorder 1,AR,General Population,<1 in 500,0.99,"1 in 49,901",<1 in 10 million,19
MTHFD1,Combined immunodeficiency and megaloblastic anemia,AR,General Population,<1 in 500,0.99,"1 in 49,901",<1 in 10 million,19
MTHFR,"Homocystinuria, MTHFR-related",AR,General Population,1 in 224,0.98,"1 in 11,151","1 in 9,991,296",19
MTM1,"Myotubular myopathy, X-linked",XL,General Population,"1 in 25,000",0.98,"1 in 1,249,951","1 in 4,999,904",19
MTMR2,"Charcot-Marie-Tooth disease, type 4B1",AR,General Population,<1 in 500,0.99,"1 in 49,901",<1 in 10 million,19
MTR,"Methylcobalamin deficiency, type cblG",AR,General Population,<1 in 500,0.99,"1 in 49,901",<1 in 10 million,19
MTRR,"Homocystinuria-megaloblastic anemia, cobalamin E type",AR,General Population,<1 in 500,0.98,"1 in 24,951",<1 in 10 million,19
MTTP,Abetalipoproteinemia,AR,General Population,<1 in 500,0.98,"1 in 24,951",<1 in 10 million,19
MTTP,Abetalipoproteinemia,AR,Ashkenazi Jewish Population,1 in 180,0.98,"1 in 8,951","1 in 6,444,720",19
MUSK,MUSK-related conditions,AR,General Population,1 in 447,0.99,"1 in 44,601",<1 in 10 million,19
MUT,Methylmalonic aciduria- methylmalonyl-CoA mutase deficiency,AR,General Population,1 in 100,0.99,"1 in 9,901","1 in 3,960,400",19
MVK,Mevalonate kinase deficiency,AR,General Population,<1 in 500,0.99,"1 in 49,901",<1 in 10 million,20
MYO15A,"Nonsyndromic hearing loss, MYO15A-related",AR,General Population,1 in 500,0.98,"1 in 24,951",<1 in 10 million,20
MYO15A,"Nonsyndromic hearing loss, MYO15A-related",AR,Balinese Population,1 in 6,0.98,1 in 251,"1 in 6,024",20
MYO15A,"Nonsyndromic hearing loss, MYO15A-related",AR,Pakistani Population,1 in 77,0.98,"1 in 3,801","1 in 1,170,708",20
MYO7A,MYO7A-related disorders,AR,General Population,1 in 206,0.98,"1 in 10,251","1 in 8,446,824",20
MYO7A,MYO7A-related disorders,AR,East Asian Population,1 in 62,0.98,"1 in 3,051","1 in 756,648",20
NAGA,Schindler disease types 1 and 3,AR,General Population,1 in 94,0.99,"1 in 9,301","1 in 3,497,176",20
NAGLU,Mucopolysaccharidosis type IIIB (Sanfilippo syndrome B)),AR,General Population,<1 in 500,0.99,"1 in 49,901",<1 in 10 million,20
NAGLU,Mucopolysaccharidosis type IIIB (Sanfilippo syndrome B)),AR,Caucasian / European Population,1 in 346,0.99,"1 in 34,501",<1 in 10 million,20
NAGLU,Mucopolysaccharidosis type IIIB (Sanfilippo syndrome B)),AR,East Asian Population,1 in 298,0.99,"1 in 29,701",<1 in 10 million,20
NAGS,N-acetylglutamate synthase deficiency,AR,General Population,<1 in 500,0.98,"1 in 24,951",<1 in 10 million,20
NBAS,SOPH syndrome,AR,General Population,<1 in 500,0.99,"1 in 49,901",<1 in 10 million,20
NBEAL2,Gray platelet syndrome,AR,General Population,<1 in 500,0.99,"1 in 49,901",<1 in 10 million,20
NBN,Nijmegen breakage syndrome,AR,General Population,1 in 158,0.99,"1 in 15,701","1 in 9,923,032",20
NCF2,Chronic granulomatous disease 2,AR,General Population,<1 in 500,0.99,"1 in 49,901",<1 in 10 million,20
NCF4,Chronic granulomatous disease 4,AR,General Population,<1 in 500,0.99,"1 in 49,901",<1 in 10 million,20
NDP,Norrie disease,XL,General Population,"<1 in 50,000",0.98,"1 in 2,499,951",<1 in 10 million,20
NDRG1,"Charcot-Marie-Tooth disease, type 4D",AR,General Population,1 in 22,0.98,"1 in 1,051","1 in 92,488",20
NDUFA11,Mitochondrial complex I deficiency,AR,General Population,<1 in 500,0.99,"1 in 49,901",<1 in 10 million,20
NDUFAF2,Mitochondrial complex I deficiency,AR,General Population,<1 in 500,0.99,"1 in 49,901",<1 in 10 million,20
NDUFAF5,Mitochondrial complex I deficiency (Leigh syndrome),AR,General Population,1 in 447,0.98,"1 in 22,301",<1 in 10 million,20
NDUFAF5,Mitochondrial complex I deficiency (Leigh syndrome),AR,Ashkenazi Jewish Population,1 in 290,0.98,"1 in 14,451",<1 in 10 million,20
NDUFS4,Mitochondrial complex I deficiency,AR,General Population,<1 in 500,0.99,"1 in 49,901",<1 in 10 million,20
NDUFS4,Mitochondrial complex I deficiency,AR,Hutterite Population,1 in 27,0.99,"1 in 2,601","1 in 280,908",20
NDUFS6,Mitochondrial complex I deficiency (Leigh syndrome),AR,General Population,<1 in 500,0.99,"1 in 49,901",<1 in 10 million,20
NDUFS6,Mitochondrial complex I deficiency (Leigh syndrome),AR,Bukharan/Kurdish Jewish Population,1 in 24,0.99,"1 in 2,301","1 in 220,896",20
NDUFS7,Mitochondrial complex I deficiency,AR,General Population,<1 in 500,0.99,"1 in 49,901",<1 in 10 million,20
NDUFV1,"Mitochondrial complex I deficiency, nuclear type 4",AR,General Population,<1 in 500,0.99,"1 in 49,901",<1 in 10 million,20
NEB,Nemaline myopathy,AR,General Population,1 in 112,0.98,"1 in 5,551","1 in 2,486,848",20
NEB,Nemaline myopathy,AR,Amish Population,1 in 11,0.98,1 in 501,"1 in 22,044",20
NEB,Nemaline myopathy,AR,Ashkenazi Jewish Population,1 in 108,0.98,"1 in 5,351","1 in 2,311,632",20
NEB,Nemaline myopathy,AR,Finnish Population,1 in 112,0.98,"1 in 5,551","1 in 2,486,848",20
NEU1,"Sialidosis, type I and II",AR,General Population,<1 in 500,0.99,"1 in 49,901",<1 in 10 million,20
NGLY1,Congenital disorder of deglycosylation,AR,General Population,<1 in 500,0.99,"1 in 49,901",<1 in 10 million,20
NHEJ1,"Severe combined immunodeficiency with microcephaly, growth retardation, and sensitivity to ionizing radiation",AR,General Population,<1 in 500,0.99,"1 in 49,901",<1 in 10 million,20
NIPAL4,Autosomal Recessive Congenital Ichthyosis 6,AR,General Population,<1 in 500,0.99,"1 in 49,901",<1 in 10 million,20
NONO,X-linked intellectual disability syndrome 34,XL,General Population,"<1 in 50,000",0.99,"1 in 4,999,901",<1 in 10 million,20
NPC1,"Niemann-Pick disease, type C1",AR,General Population,1 in 194,0.9,"1 in 1,931","1 in 1,498,456",20
NPC2,"Niemann-Pick disease, type C2",AR,General Population,1 in 194,0.99,"1 in 19,301",<1 in 10 million,21
NPHP1,NPHP1-related ciliopathies,AR,General Population,1 in 480,0.98,"1 in 23,951",<1 in 10 million,21
NPHP1,NPHP1-related ciliopathies,AR,Finnish Population,1 in 124,0.98,"1 in 6,151","1 in 3,050,896",21
NPHP3,NPHP3-related ciliopathies,AR,General Population,<1 in 500,0.99,"1 in 49,901",<1 in 10 million,21
NPHS1,"Congenital nephrotic syndrome, type 1",AR,General Population,1 in 289,0.98,"1 in 14,401",<1 in 10 million,21
NPHS1,"Congenital nephrotic syndrome, type 1",AR,Finnish Population,1 in 50,0.98,"1 in 2,451","1 in 490,200",21
NPHS2,"Congenital nephrotic syndrome, type 2",AR,General Population,1 in 289,0.98,"1 in 14,401",<1 in 10 million,21
NPHS2,"Congenital nephrotic syndrome, type 2",AR,Finnish Population,1 in 50,0.98,"1 in 2,451","1 in 490,200",21
NR0B1,"Congenital adrenal hypoplasia, X-linked",XL,General Population,"1 in 6,250",0.99,"1 in 624,901","1 in 2,499,804",21
NR2E3,NR2E3-related retinal dystrophies,AR,General Population,1 in 209,0.98,"1 in 10,401","1 in 8,695,236",21
NSMCE3,NSMCE3 deficiency,AR,General Population,<1 in 500,0.99,"1 in 49,901",<1 in 10 million,21
NTRK1,Congenital insensitivity to pain with anhidrosis,AR,General Population,<1 in 500,0.99,"1 in 49,901",<1 in 10 million,21
OAT,Gyrate atrophy of choroid and retina,AR,General Population,<1 in 500,0.98,"1 in 24,951",<1 in 10 million,21
OBSL1,3M syndrome 2,AR,General Population,<1 in 500,0.99,"1 in 49,901",<1 in 10 million,21
OCA2,Oculocutaneous albinism type II,AR,General Population,1 in 76,0.99,"1 in 7,501","1 in 2,280,304",21
OCRL,OCRL-related disoders,XL,General Population,"1 in 250,000",0.95,"1 in 4,999,981",<1 in 10 million,21
OPA3,Costeff syndrome,AR,General Population,<1 in 500,0.98,"1 in 24,951",<1 in 10 million,21
OPA3,Costeff syndrome,AR,Iraqi Jewish Population,1 in 50,0.98,"1 in 2,451","1 in 490,200",21
OPHN1,X-linked intellectual disability- cerebellar hypoplasia syndrome,XL,General Population,"<1 in 50,000",0.99,"1 in 4,999,901",<1 in 10 million,21
OSTM1,Osteopetrosis 5,AR,General Population,<1 in 500,0.99,"1 in 49,901",<1 in 10 million,21
OTC,Ornithine transcarbamylase deficiency,XL,General Population,"1 in 7,000",0.9,"1 in 69,991","1 in 279,984",21
OTOA,Nonsyndromic deafness (OTOA-related),AR,General Population,<1 in 500,0.88,"1 in 49,901",<1 in 10 million,21
OTOF,"Nonsyndromic hearing loss, OTOF-related",AR,General Population,<1 in 500,0.99,"1 in 49,901",<1 in 10 million,21
OTOF,"Nonsyndromic hearing loss, OTOF-related",AR,Spanish Population,1 in 106,0.99,"1 in 10,501","1 in 4,452,424",21
P3H1,"Osteogenesis imperfecta, type VIII",AR,General Population,<1 in 500,0.99,"1 in 49,901",<1 in 10 million,21
P3H1,"Osteogenesis imperfecta, type VIII",AR,West African Population,1 in 67,0.99,"1 in 6,601","1 in 1,769,068",21
P3H1,"Osteogenesis imperfecta, type VIII",AR,African American Population,1 in 250,0.99,"1 in 24,901","<1 in 10,000,000",21
PAH,Phenylalanine Hydroxylase deficiency (Phenylketonuria),AR,General Population,1 in 93,0.99,"1 in 9,201","1 in 3,422,772",21
PAH,Phenylalanine Hydroxylase deficiency (Phenylketonuria),AR,Caucasian / European Population,1 in 63,0.99,"1 in 6,201","1 in 1,562,652",21
PAH,Phenylalanine Hydroxylase deficiency (Phenylketonuria),AR,Middle-Eastern Population,1 in 74,0.99,"1 in 7,301","1 in 2,161,096",21
PAH,Phenylalanine Hydroxylase deficiency (Phenylketonuria),AR,South East Asian,1 in 59,0.99,"1 in 5,801","1 in 1,369,036",21
PAK3,"X-linked intellectual disability, PAK3-related",XL,General Population,"<1 in 50,000",0.99,"1 in 4,999,901",<1 in 10 million,21
PANK2,Pantothenate kinase-associated neurodegeneration,AR,General Population,1 in 289,0.99,"1 in 28,801",<1 in 10 million,21
PC,Pyruvate carboxylase deficiency,AR,General Population,1 in 250,0.95,"1 in 4,981","1 in 4,981,000",21
PCBD1,"Tetrahydrobiopterin deficiency, PCBD1-related",AR,General Population,<1 in 500,0.99,"1 in 49,901",<1 in 10 million,21
PCCA,"Propionic acidemia, PCCA-related",AR,General Population,1 in 224,0.96,"1 in 5,576","1 in 4,996,096",21
PCCA,"Propionic acidemia, PCCA-related",AR,Native American Population,1 in 85,0.96,"1 in 2,101","1 in 714,340",21
PCCB,"Propionic acidemia, PCCB-related",AR,General Population,1 in 224,0.99,"1 in 22,301",<1 in 10 million,22
PCCB,"Propionic acidemia, PCCB-related",AR,Native American Population,1 in 85,0.99,"1 in 8,401","1 in 2,856,340",22
PCDH15,PCDH15-related sensory loss,AR,General Population,1 in 395,0.98,"1 in 19,701","1 in 78,804",22
PCDH15,PCDH15-related sensory loss,AR,Ashkenazi Jewish Population,1 in 72,0.98,"1 in 3,551","1 in 14,204",22
PCNT,"Microcephalic osteodysplastic primordial dwarfism, type II",AR,General Population,<1 in 500,0.98,"1 in 24,951",<1 in 10 million,22
PDE6A,"Retinitis pigmentosa, PDE6A-related",AR,General Population,1 in 133,0.99,"1 in 13,201","1 in 7,022,932",22
PDHA1,Pyruvate dehydrogenase E1-alpha deficiency,XL,General Population,"<1 in 250,000",0.98,"1 in 12,499,951",<1 in 10 million,22
PDHB,Pyruvate dehydrogenase E1-beta deficiency,AR,General Population,<1 in 500,0.98,"1 in 24,951",<1 in 10 million,22
PDHX,Pyruvate dehydrogenase E3-binding protein deficiency,AR,General Population,<1 in 500,0.99,"1 in 49,901",<1 in 10 million,22
PDP1,Pyruvate dehydrogenase phosphatase deficiency,AR,General Population,<1 in 500,0.99,"1 in 49,901",<1 in 10 million,22
PEPD,Prolidase deficiency,AR,General Population,<1 in 500,0.99,"1 in 49,901",<1 in 10 million,22
PET100,Mitochondrial complex IV deficiency,AR,General Population,<1 in 500,0.99,"1 in 49,901",<1 in 10 million,22
PEX1,"Zellweger syndrome, PEX1-related",AR,General Population,1 in 147,0.95,"1 in 2,921","1 in 1,717,548",22
PEX10,"Zellweger syndrome, PEX10-related",AR,General Population,1 in 500,0.95,"1 in 9,981",<1 in 10 million,22
PEX10,"Zellweger syndrome, PEX10-related",AR,Japanese Population,1 in 354,0.95,"1 in 7,061","1 in 9,998,376",22
PEX11B,Zellweger spectrum disorder,AR,General Population,<1 in 500,0.99,"1 in 49,901",<1 in 10 million,22
PEX12,"Zellweger syndrome, PEX12-related",AR,General Population,1 in 373,0.95,"1 in 7,441",<1 in 10 million,22
PEX13,Zellweger spectrum disorder,AR,General Population,<1 in 500,0.99,"1 in 49,901",<1 in 10 million,22
PEX14,Zellweger spectrum disorder,AR,General Population,<1 in 500,0.99,"1 in 49,901",<1 in 10 million,22
PEX16,Zellweger spectrum disorder,AR,General Population,<1 in 500,0.99,"1 in 49,901",<1 in 10 million,22
PEX19,Zellweger spectrum disorder,AR,General Population,<1 in 500,0.99,"1 in 49,901",<1 in 10 million,22
PEX2,"Zellweger syndrome, PEX2-related",AR,General Population,1 in 500,0.95,"1 in 9,981",<1 in 10 million,22
PEX2,"Zellweger syndrome, PEX2-related",AR,Ashkenazi Jewish Population,1 in 123,0.95,"1 in 2,441","1 in 1,200,972",22
PEX26,Zellweger syndrome,AR,General Population,<1 in 500,0.99,"1 in 49,901",<1 in 10 million,22
PEX3,Zellweger spectrum disorder,AR,General Population,<1 in 500,0.99,"1 in 49,901",<1 in 10 million,22
PEX5,Zellweger spectrum disorder,AR,General Population,<1 in 500,0.99,"1 in 49,901",<1 in 10 million,22
PEX6,"Zellweger syndrome, PEX6-related",AR,General Population,1 in 280,0.99,"1 in 27,901",<1 in 10 million,22
PEX6,"Zellweger syndrome, PEX6-related",AR,Yemenite Jewish Population,1 in 18,0.99,"1 in 1,701","1 in 122,472",22
PEX7,"Rhizomelic chondrodysplasia punctata, type 1",AR,General Population,1 in 158,0.99,"1 in 15,701","1 in 9,923,032",22
PFKM,Glycogen storage disease VII,AR,General Population,<1 in 500,0.99,"1 in 49,901",<1 in 10 million,22
PFKM,Glycogen storage disease VII,AR,Ashkenazi Jewish Population,1 in 120,0.99,"1 in 11,901","1 in 5,712,480",22
PGK1,Phosphoglycerate kinase 1 deficiency,XL,General Population,"<1 in 50,000",0.99,"1 in 4,999,901",<1 in 10 million,22
PGM3,Immunodeficiency 23,AR,General Population,<1 in 500,0.99,"1 in 49,901",<1 in 10 million,22
PHF8,"X-linked intellectual disability, Siderius type",XL,General Population,"<1 in 50,000",0.99,"1 in 4,999,901",<1 in 10 million,22
PHGDH,Phosphoglycerate dehydrogenase deficiency,AR,General Population,<1 in 500,0.98,"1 in 24,951",<1 in 10 million,22
PHGDH,Phosphoglycerate dehydrogenase deficiency,AR,Ashkenazi Jewish Population,1 in 280,0.98,"1 in 13,951",<1 in 10 million,22
PHKA1,Glycogen storage disease type IXd,XL,General Population,"<1 in 50,000",0.99,"1 in 4,999,901",<1 in 10 million,22
PHKA2,Glycogen storage disease type IXa,XL,General Population,"<1 in 50,000",0.99,"1 in 4,999,901",<1 in 10 million,23
PHKB,Glycogen storage disease type IXb,AR,General Population,<1 in 500,0.99,"1 in 49,901",<1 in 10 million,23
PHKG2,Glycogen storage disease type IXc,AR,General Population,<1 in 500,0.99,"1 in 49,901",<1 in 10 million,23
PHYH,Refsum disease,AR,General Population,<1 in 500,0.99,"1 in 49,901",<1 in 10 million,23
PIGN,Multiple congenital anomalies hypotonia seizures syndrome 1,AR,General Population,<1 in 500,0.99,"1 in 49,901",<1 in 10 million,23
PIP5K1C,Lethal congenital contractural syndrome 3,AR,General Population,<1 in 500,0.99,"1 in 49,901",<1 in 10 million,23
PJVK,Nonsyndromic hearing loss 59,AR,General Population,<1 in 500,0.99,"1 in 49,901",<1 in 10 million,23
PKHD1,"Polycystic kidney disease, PKHD1-related",AR,General Population,1 in 70,0.98,"1 in 3,451","1 in 966,280",23
PKHD1,"Polycystic kidney disease, PKHD1-related",AR,Ashkenazi Jewish Population,1 in 107,0.98,"1 in 5,301","1 in 2,268,828",23
PLA2G6,Infantile neuroaxonal dystrophy,AR,General Population,1 in 500,0.97,"1 in 16,634",<1 in 10 million,23
PLEKHG5,PLEKHG5-related motor neuropathies,AR,General Population,<1 in 500,0.99,"1 in 49,901",<1 in 10 million,23
PLOD1,"Ehlers-Danlos syndrome with kyphoscoliosis, PLOD1-related",AR,General Population,1 in 159,0.99,"1 in 15,801",<1 in 10 million,23
PLOD2,Bruck syndrome 2,AR,General Population,<1 in 500,0.99,"1 in 49,901",<1 in 10 million,23
PLP1,PLP1-related disorders,XL,General Population,"<1 in 50,000",0.99,"1 in 4,999,901",<1 in 10 million,23
PMM2,Congenital disorder of glycosylation type 1a,AR,General Population,1 in 63,0.99,"1 in 6,201","1 in 1,562,652",23
PMM2,Congenital disorder of glycosylation type 1a,AR,Ashkenazi Jewish Population,1 in 57,0.99,"1 in 5,601","1 in 1,277,028",23
PMM2,Congenital disorder of glycosylation type 1a,AR,Caucasian / European Population,1 in 71,0.99,"1 in 7,001","1 in 1,988,284",23
PNP,Purine nucleoside phosphorylase deficiency,AR,General Population,<1 in 500,0.99,"1 in 49,901",<1 in 10 million,23
PNPLA1,Autosomal recessive congenital ichthyosis 10,AR,General Population,<1 in 500,0.99,"1 in 49,901",<1 in 10 million,23
PNPO,Pyridoxamine 5’-phosphate oxidase deficiency,AR,General Population,<1 in 500,0.99,"1 in 49,901",<1 in 10 million,23
POC1A,"Short stature, onychodysplasia, facial dysmorphism, and hypotrichosis syndrome",AR,General Population,<1 in 500,0.99,"1 in 49,901",<1 in 10 million,23
POLG,POLG-related disorders,AR,General Population,1 in 113,0.99,"1 in 11,201","1 in 5,062,852",23
POLH,Xeroderma pigmentosum,AR,General Population,<1 in 500,0.99,"1 in 49,901",<1 in 10 million,23
POLR1C,POLR1C-related disorders,AR,General Population,<1 in 500,0.99,"1 in 49,901",<1 in 10 million,23
POMGNT1,POMGNT1 Alpha- dystroglycanopathies,AR,General Population,1 in 462,0.98,"1 in 23,051",<1 in 10 million,23
POMGNT1,POMGNT1 Alpha- dystroglycanopathies,AR,Finnish Population,1 in 111,0.98,"1 in 5,501","1 in 2,442,444",23
POMGNT2,POMGNT2 Alpha- dystroglycanopathies,AR,General Population,1 in 500,0.99,"1 in 49,901",1 in 10 million,23
POMT1,POMT1 Alpha-dystroglycanopathies,AR,General Population,1 in 290,0.99,"1 in 28,901",<1 in 10 million,23
POMT2,POMT2 Alpha-dystroglycanopathies,AR,General Population,1 in 371,0.99,"1 in 37,001",<1 in 10 million,23
POR,Antley-Bixler syndrome,AR,General Population,1 in 159,0.98,"1 in 7,901","1 in 5,025,036",23
POU1F1,Combined pituitary hormone deficiency,AR,General Population,<1 in 500,0.99,"1 in 49,901",<1 in 10 million,23
POU3F4,"X-linked hearing loss, POU3F4-related",XL,General Population,"<1 in 50,000",0.99,"1 in 4,999,901",<1 in 10 million,23
PPIB,"Osteogenesis imperfecta, type IX",AR,General Population,<1 in 500,0.99,"1 in 49,901",<1 in 10 million,23
PPT1,"Neuronal ceroid lipofuscinosis, PPT1-related",AR,General Population,1 in 368,0.98,"1 in 18,351",<1 in 10 million,23
PPT1,"Neuronal ceroid lipofuscinosis, PPT1-related",AR,Caucasian / European Population,1 in 488,0.98,"1 in 24,351",<1 in 10 million,23
PPT1,"Neuronal ceroid lipofuscinosis, PPT1-related",AR,Finnish Population,1 in 75,0.98,"1 in 3,701","1 in 1,110,300",23
PQBP1,Renpenning syndrome,XL,General Population,<1 in 500,0.99,"1 in 49,901",<1 in 10 million,24
PRCD,Retinitis pigmentosa 36,AR,General Population,<1 in 500,0.99,"1 in 49,901",<1 in 10 million,24
PRDM5,Brittle cornea syndrome 2,AR,General Population,<1 in 500,0.99,"1 in 49,901",<1 in 10 million,24
PRF1,"Hemophagocytic lymphohistiocytosis, familial, 2",AR,General Population,1 in 149,0.99,"1 in 14,801","1 in 8,821,396",24
PRICKLE1,"Progressive myoclonic epilepsy, type 1B",AR,General Population,<1 in 500,0.99,"1 in 49,901",<1 in 10 million,24
PRKDC,PRKDC-related immunodeficiency,AR,General Population,<1 in 500,0.99,"1 in 49,901",<1 in 10 million,24
PROP1,Combined pituitary hormone deficiency 2,AR,General Population,1 in 45,0.98,"1 in 2,201","1 in 396,180",24
PRPS1,PRPS1-related disorders,XL,General Population,"<1 in 250,000",0.98,"1 in 12,499,951",<1 in 10 million,24
PSAP,Metachromatic leukodystrophy due to saposin-b deficiency,AR,General Population,<1 in 500,0.98,"1 in 24,951",<1 in 10 million,24
PTPRC,PTPRC related-severe combined immunodeficiency,AR,General Population,<1 in 500,0.99,"1 in 49,901",<1 in 10 million,24
PTS,Tetrahydrobiopterin deficiency,AR,General Population,1 in 354,0.96,"1 in 8,826",<1 in 10 million,24
PUS1,Mitochondrial myopathy and sideroblastic anemia 1,AR,General Population,<1 in 500,0.98,"1 in 24,951",<1 in 10 million,24
PYCR1,Cutis laxa type IIB and type IIIB,AR,General Population,<1 in 500,0.99,"1 in 49,901",<1 in 10 million,24
PYGL,Glycogen storage disease VI,AR,General Population,<1 in 500,0.99,"1 in 49,901",<1 in 10 million,24
PYGM,Glycogen storage disease type V,AR,General Population,<1 in 500,0.99,"1 in 49,901",<1 in 10 million,24
PYGM,Glycogen storage disease type V,AR,Caucasian / European Population,1 in 206,0.99,"1 in 20,501",<1 in 10 million,24
QDPR,"Tetrahydrobiopterin deficiency, QDPR-related",AR,General Population,<1 in 500,0.99,"1 in 49,901",<1 in 10 million,24
RAB23,Carpenter syndrome,AR,General Population,<1 in 500,0.98,"1 in 24,951",<1 in 10 million,24
RAG1,"Omenn syndrome, RAG1-related",AR,General Population,1 in 290,0.98,"1 in 14,451","1 in 16,763,160",24
RAG2,"Omenn syndrome, RAG2-related",AR,General Population,1 in 137,0.98,"1 in 6,801","1 in 3,726,948",24
RAPSN,RAPSN-associated acetylcholine receptor deficiency,AR,General Population,<1 in 500,0.99,"1 in 49,901",<1 in 10 million,24
RARS2,Pontocerebellar hypoplasia type 6,AR,General Population,<1 in 500,0.98,"1 in 24,951",<1 in 10 million,24
RAX,"Microphthalmia, isolated 3",AR,General Population,1 in 289,0.99,"1 in 28,801",<1 in 10 million,24
RD3,Leber congenital amaurosis 12,AR,General Population,<1 in 500,0.99,"1 in 49,901",<1 in 10 million,24
RDH12,Leber congenital amaurosis type 13,AR,General Population,<1 in 500,0.98,"1 in 24,951",<1 in 10 million,24
RDH12,Leber congenital amaurosis type 13,AR,Caucasian / European Population,1 in 456,0.98,"1 in 22,751",<1 in 10 million,24
RDH5,Fundus albipunctatus,AR,General Population,<1 in 500,0.99,"1 in 49,901",<1 in 10 million,24
RFX5,Bare lymphocyte syndrome type II,AR,General Population,<1 in 500,0.99,"1 in 49,901",<1 in 10 million,24
RFXANK,MHC class II deficiency,AR,General Population,<1 in 500,0.99,"1 in 49,901",<1 in 10 million,24
RFXAP,Bare lymphocyte syndrome type II,AR,General Population,<1 in 500,0.99,"1 in 49,901",<1 in 10 million,24
RHAG,Rh Deficiency syndrome,AR,General Population,<1 in 500,0.99,"1 in 49,901",<1 in 10 million,24
RLBP1,"Retinal dystrophy, RLBP1-related",AR,General Population,1 in 296,0.98,"1 in 14,751",<1 in 10 million,24
RLBP1,"Retinal dystrophy, RLBP1-related",AR,Caucasian / European Population,1 in 84,0.98,"1 in 4,151","1 in 1,394,736",24
RMRP,Cartilage-Hair Hypoplasia Anauxetic Dysplasia Spectrum Disorder,AR,General Population,<1 in 500,0.99,"1 in 49,901",<1 in 10 million,24
RMRP,Cartilage-Hair Hypoplasia Anauxetic Dysplasia Spectrum Disorder,AR,Amish Population,1 in 16,0.99,"1 in 1,501","1 in 96,064",24
RMRP,Cartilage-Hair Hypoplasia Anauxetic Dysplasia Spectrum Disorder,AR,Finnish Population,1 in 76,0.99,"1 in 7,501","1 in 2,280,304",24
RNASEH2A,Aicardi-Goutieres syndrome 4,AR,General Population,<1 in 500,0.99,"1 in 49,901",<1 in 10 million,24
RNASEH2B,Aicardi Goutieres syndrome 2,AR,General Population,1 in 217,0.99,"1 in 21,601","1 in 18,749,668",24
RNASEH2C,Aicardi-Goutieres syndrome 3,AR,General Population,<1 in 500,0.99,"1 in 49,901",<1 in 10 million,24
ROGDI,Kohlschutter-Tonz syndrome,AR,General Population,<1 in 500,0.99,"1 in 49,901",<1 in 10 million,25
RP2,"X-linked Retinitis pigmentosa, RP2-related",XL,General Population,"1 in 4,000",0.99,"1 in 399,901","1 in 1,600,000",25
RPE65,RPE65-related retinopathy,AR,General Population,1 in 228,0.98,"1 in 11,351",<1 in 10 million,25
RPGR,"X-linked Retinitis pigmentosa, RPGR-related",XL,General Population,"1 in 3,000",0.75,"1 in 11,997","1 in 48,000",25
RPGRIP1,Leber congenital amaurosis and Cone-rod dystrophy,AR,General Population,<1 in 500,0.99,"1 in 49,901",<1 in 10 million,25
RPGRIP1L,RPGRIP1L-related ciliopathies,AR,General Population,1 in 259,0.98,"1 in 12,901",<1 in 10 million,25
RPS6KA3,Coffin-Lowry syndrome,XL,General Population,N/A,0.99,N/A,N/A,25
RS1,"Juvenile retinoschisis, X-linked",XL,General Population,"1 in 2,500",0.96,"1 in 62,476","1 in 249,956",25
RSPH9,Primary ciliary dyskinesia 12,AR,General Population,<1 in 500,0.99,"1 in 49,901",<1 in 10 million,25
RTEL1,Dyskeratosis congenita type 5,AR,General Population,1 in 500,0.99,"1 in 49,901",<1 in 10 million,25
RTEL1,Dyskeratosis congenita type 5,AR,Ashkenazi Jewish Population,1 in 203,0.99,"1 in 20,201",<1 in 10 million,25
RXYLT1,Muscular dystrophy- dystroglycanopathy (RXYLT1-related),AR,General Population,<1 in 500,0.99,"1 in 49,901",<1 in 10 million,25
RYR1,RYR1-related conditions,AR,General Population,<1 in 500,0.99,"1 in 49,901",<1 in 10 million,25
SACS,Autosomal recessive spastic ataxia of Charlevoix-Saguenay,AR,General Population,<1 in 500,0.95,"1 in 9,981",<1 in 10 million,25
SACS,Autosomal recessive spastic ataxia of Charlevoix-Saguenay,AR,French Canadian Population,1 in 19,0.95,1 in 361,"1 in 27,436",25
SAG,Retinitis pigmentosa 47,AR,General Population,1 in 228,0.98,"1 in 11,351",<1 in 10 million,25
SAMD9,Normophosphatemic Familial Tumoral Calcinosis,AR,General Population,<1 in 500,0.99,"1 in 49,901",<1 in 10 million,25
SAMD9,Normophosphatemic Familial Tumoral Calcinosis,AR,Yemeni Jewish Population,1 in 25,0.99,"1 in 2,401","1 in 240,100",25
SAMHD1,Aicardi-Goutieres syndrome,AR,General Population,<1 in 500,0.95,"1 in 9,981",<1 in 10 million,25
SARS2,"Hyperuricemia, pulmonary hypertension, renal failure, and alkalosis syndrome",AR,General Population,<1 in 500,0.99,"1 in 49,901",<1 in 10 million,25
SBDS,Shwachman-Diamond syndrome,AR,General Population,<1 in 500,0.99,"1 in 49,901",<1 in 10 million,25
SCO1,Mitochondrial complex IV deficiency,AR,General Population,<1 in 500,0.99,"1 in 49,901",<1 in 10 million,25
SCO2,Mitochondrial complex IV deficiency,AR,General Population,1 in 150,0.99,"1 in 14,901","1 in 8,940,600",25
SDCCAG8,Bardet-Biedl syndrome and Senior-Loken syndrome,AR,General Population,<1 in 500,0.99,"1 in 49,901",<1 in 10 million,25
SDR9C7,Autosomal recessive congenital ichthyosis,AR,General Population,<1 in 500,0.99,"1 in 49,901",<1 in 10 million,25
SEC23B,"Congenital dyserythropoietic anemia, type II",AR,General Population,<1 in 500,0.99,"1 in 49,901",<1 in 10 million,25
SELENON,Rigid spine muscular dystrophy,AR,General Population,<1 in 500,0.99,"1 in 49,901",<1 in 10 million,25
SEPSECS,Pontocerebellar hypoplasia type 2D,AR,General Population,<1 in 500,0.99,"1 in 49,901",<1 in 10 million,25
SEPSECS,Pontocerebellar hypoplasia type 2D,AR,Moroccan/Iraqi Jewish Population,1 in 44,0.99,"1 in 4,301","1 in 756,976",25
SERPINA1,Alpha-1 antitrypsin deficiency,AR,General Population,1 in 33,0.95,1 in 641,"1 in 84,612",25
SERPINA1,Alpha-1 antitrypsin deficiency,AR,Caucasian / European Population,1 in 19,0.95,1 in 361,"1 in 27,436",25
SERPINF1,"Osteogenesis imperfecta, type VI",AR,General Population,<1 in 500,0.99,"1 in 49,901",<1 in 10 million,25
SGCA,"Limb-girdle muscular dystrophy, type 2D",AR,General Population,<1 in 500,0.98,"1 in 24,951",<1 in 10 million,25
SGCA,"Limb-girdle muscular dystrophy, type 2D",AR,Caucasian / European Population,1 in 288,0.98,"1 in 14,351",<1 in 10 million,25
SGCA,"Limb-girdle muscular dystrophy, type 2D",AR,Finnish Population,1 in 150,0.98,"1 in 7,451","1 in 4,470,600",25
SGCD,"Limb-girdle muscular dystrophy, type 2F",AR,General Population,<1 in 500,0.98,"1 in 24,951",<1 in 10 million,26
SGCG,"Limb-girdle muscular dystrophy, type 2C",AR,General Population,1 in 381,0.98,"1 in 19,001",<1 in 10 million,26
SGCG,"Limb-girdle muscular dystrophy, type 2C",AR,Moroccan Population,1 in 250,0.98,"1 in 12,451",<1 in 10 million,26
SGCG,"Limb-girdle muscular dystrophy, type 2C",AR,Roma / Gypsy Population,1 in 96,0.98,"1 in 4,751","1 in 1,824,384",26
SGSH,Mucopolysaccharidosis IIIA (Sanfilippo syndrome A),AR,General Population,1 in 454,0.98,"1 in 22,651",<1 in 10 million,26
SGSH,Mucopolysaccharidosis IIIA (Sanfilippo syndrome A),AR,Caucasian / European Population,1 in 253,0.98,"1 in 12,601",<1 in 10 million,26
SH3TC2,"Charcot-Marie-Tooth disease, SH3TC2-related",AR,General Population,1 in 69,0.99,"1 in 6,801","1 in 1,877,076",26
SKIV2L,Trichohepatoenteric syndrome 2,AR,General Population,<1 in 500,0.99,"1 in 49,901",<1 in 10 million,26
SLC12A1,Bartter syndrome,AR,General Population,1 in 500,0.98,"1 in 24,951",<1 in 10 million,26
SLC12A3,Gitelman syndrome,AR,General Population,1 in 100,0.98,"1 in 4,951","1 in 1,980,400",26
SLC12A6,Andermann syndrome,AR,General Population,<1 in 500,0.98,"1 in 24,951",<1 in 10 million,26
SLC12A6,Andermann syndrome,AR,French Canadian Population,1 in 23,0.99,"1 in 2,201","1 in 202,492",26
SLC16A2,Allan-Herndon-Dudley syndrome,XL,General Population,<1 in 500,0.99,"1 in 49,901",<1 in 10 million,26
SLC17A5,Sialic acid storage disorder,AR,General Population,<1 in 500,0.91,"1 in 5,545",<1 in 10 million,26
SLC17A5,Sialic acid storage disorder,AR,Finnish Population,1 in 100,0.91,"1 in 1,101","1 in 440,400",26
SLC19A2,Thiamine-responsive megaloblastic anemia syndrome,AR,General Population,<1 in 500,0.99,"1 in 49,901",<1 in 10 million,26
SLC19A3,Biotin-responsive basal ganglia disease,AR,General Population,1 in 109,0.99,"1 in 5,401","1 in 2,354,836",26
SLC1A4,"Spastic tetraplegia, thin corpus callosum, and progressive microcephaly syndrome",AR,General Population,<1 in 500,0.99,"1 in 49,901",<1 in 10 million,26
SLC1A4,"Spastic tetraplegia, thin corpus callosum, and progressive microcephaly syndrome",AR,Ashkenazi Jewish Population,1 in 106,0.99,"1 in 10,501","1 in 4,452,424",26
SLC22A5,Systemic primary carnitine deficiency,AR,General Population,1 in 129,0.99,"1 in 12,801","1 in 6,605,316",26
SLC22A5,Systemic primary carnitine deficiency,AR,African/African American Population,1 in 86,0.99,"1 in 8,501","1 in 2,924,344",26
SLC22A5,Systemic primary carnitine deficiency,AR,East Asian Population,1 in 77,0.99,"1 in 7,601","1 in 2,341,108",26
SLC22A5,Systemic primary carnitine deficiency,AR,Faroese Population,1 in 9,0.99,1 in 801,"1 in 28,836",26
SLC22A5,Systemic primary carnitine deficiency,AR,Pacific Islander Population,1 in 37,0.99,"1 in 3,601","1 in 532,948",26
SLC22A5,Systemic primary carnitine deficiency,AR,South Asian/Indian Population,1 in 51,0.99,"1 in 5,001","1 in 1,020,204",26
SLC25A13,Citrin deficiency,AR,General Population,<1 in 500,0.95,"1 in 9,981",<1 in 10 million,26
SLC25A13,Citrin deficiency,AR,East Asian Population,1 in 65,0.95,"1 in 1,281","1 in 333,060",26
SLC25A15,Hyperornithinemia- hyperammonemia-homocitrullinemia syndrome (Triple H syndrome),AR,General Population,<1 in 500,0.99,"1 in 49,901",<1 in 10 million,26
SLC25A15,Hyperornithinemia- hyperammonemia-homocitrullinemia syndrome (Triple H syndrome),AR,French Canadian Population,1 in 37,0.99,"1 in 3,601","1 in 532,948",26
SLC25A20,Carnitine-acylcarnitine translocase deficiency,AR,General Population,<1 in 500,0.98,"1 in 24,951",<1 in 10 million,26
SLC26A2,SLC26A2-related disorders,AR,General Population,1 in 158,0.9,"1 in 1,571","1 in 992,872",26
SLC26A2,SLC26A2-related disorders,AR,Finnish Population,1 in 50,0.9,1 in 491,"1 in 98,200",26
SLC26A3,Congenital secretory chloride diarrhea,AR,General Population,<1 in 500,0.98,"1 in 24,951",<1 in 10 million,26
SLC26A3,Congenital secretory chloride diarrhea,AR,Middle-Eastern Population,1 in 57,0.98,"1 in 2,801","1 in 638,628",26
SLC26A4,Pendred syndrome,AR,General Population,1 in 80,0.98,"1 in 3,951","1 in 1,264,320",27
SLC26A4,Pendred syndrome,AR,African/African American Population,1 in 76,0.98,"1 in 3,751","1 in 1,140,304",27
SLC26A4,Pendred syndrome,AR,Caucasian / European Population,1 in 88,0.98,"1 in 4,351","1 in 1,531,552",27
SLC26A4,Pendred syndrome,AR,East Asian Population,1 in 74,0.98,"1 in 3,651","1 in 1,080,696",27
SLC27A4,Ichthyosis prematurity syndrome,AR,General Population,<1 in 500,0.99,"1 in 49,901",<1 in 10 million,27
SLC2A10,Arterial tortuosity syndrome,AR,General Population,1 in 300,0.99,"1 in 29,901",<1 in 10 million,27
SLC2A2,Fanconi-Bickel syndrome,AR,General Population,<1 in 500,0.99,"1 in 49,901",<1 in 10 million,27
SLC34A3,Hereditary hypophosphatemic rickets with hypercalciuria,AR,General Population,<1 in 500,0.99,"1 in 49,901",<1 in 10 million,27
SLC35A3,"Arthrogryposis, intellectual disability, and seizures",AR,General Population,<1 in 500,0.98,"1 in 24,951",<1 in 10 million,27
SLC35A3,"Arthrogryposis, intellectual disability, and seizures",AR,Ashkenazi Jewish Population,1 in 453,0.98,"1 in 22,601",<1 in 10 million,27
SLC37A4,"Glycogen storage disease, type Ib",AR,General Population,1 in 158,0.95,"1 in 3,141","1 in 1,985,112",27
SLC37A4,"Glycogen storage disease, type Ib",AR,Ashkenazi Jewish Population,1 in 71,0.95,"1 in 1,401","1 in 397,884",27
SLC38A8,Foveal hypoplasia (SLC38A8-related),AR,General Population,<1 in 500,0.99,"1 in 49,901",<1 in 10 million,27
SLC39A4,Acrodermatitis enteropathica,AR,General Population,<1 in 500,0.98,"1 in 24,951",<1 in 10 million,27
SLC3A1,"Cystinuria, type I",AR,General Population,1 in 50,0.98,"1 in 2,451","1 in 490,200",27
SLC3A1,"Cystinuria, type I",AR,Caucasian / European Population,1 in 42,0.98,"1 in 2,051","1 in 344,568",27
SLC45A2,"Oculocutaneous albinism, type IV",AR,General Population,1 in 159,0.98,"1 in 7,901","1 in 5,025,036",27
SLC45A2,"Oculocutaneous albinism, type IV",AR,Japanese Population,1 in 146,0.98,"1 in 7,251","1 in 4,234,584",27
SLC46A1,Hereditary folate malabsorption,AR,General Population,<1 in 500,0.99,"1 in 49,901",<1 in 10 million,27
SLC46A1,Hereditary folate malabsorption,AR,Puerto Rican Population,1 in 500,0.99,"1 in 49,901",<1 in 10 million,27
SLC4A1,Distal Renal Tubular Acidosis,AR,General Population,<1 in 500,0.99,"1 in 49,901",<1 in 10 million,27
SLC4A11,Corneal endothelial dystrophy,AR,General Population,<1 in 500,0.98,"1 in 24,951",<1 in 10 million,27
SLC5A5,"Thyroid dyshormonogenesis, SLC5A5-related",AR,General Population,<1 in 500,0.99,"1 in 49,901",<1 in 10 million,27
SLC6A19,Hartnup disorder,AR,General Population,1 in 87,0.99,"1 in 8,601","1 in 2,993,148",27
SLC6A8,Creatine deficiency syndrome,XL,General Population,"1 in 3,434",0.98,"1 in 171,651","1 in 686,716",27
SLC7A7,Lysinuric protein intolerance,AR,General Population,<1 in 500,0.95,"1 in 9,981",<1 in 10 million,27
SLC7A7,Lysinuric protein intolerance,AR,Finnish Population,1 in 122,0.95,"1 in 2,421","1 in 1,181,448",27
SLC7A7,Lysinuric protein intolerance,AR,Japanese Population,1 in 119,0.95,"1 in 2,361","1 in 1,123,836",27
SLC7A9,"Cystinuria, non-type I",AR,General Population,1 in 42,0.98,"1 in 2,051","1 in 344,568",27
SMARCAL1,Schimke immunoosseous dysplasia,AR,General Population,1 in 500,0.9,"1 in 4,991","1 in 9,982,000",27
SMN1,Spinal muscular atrophy,AR,General Population,1 in 54,0.91,1 in 590,"1 in 127,440",27
SMN1,Spinal muscular atrophy,AR,African/African American Population,1 in 72,0.71,1 in 246,"1 in 70,848",27
SMN1,Spinal muscular atrophy,AR,Ashkenazi Jewish Population,1 in 67,0.91,1 in 734,"1 in 196,712",27
SMN1,Spinal muscular atrophy,AR,Caucasian / European Population,1 in 47,0.95,1 in 921,"1 in 173,148",27
SMN1,Spinal muscular atrophy,AR,East Asian Population,1 in 59,0.93,1 in 830,"1 in 195,880",27
SMN1,Spinal muscular atrophy,AR,Latino Population,1 in 68,0.9,1 in 671,"1 in 182,512",27
SMN1,Spinal muscular atrophy,AR,Sephardic Jewish Population,1 in 34,0.96,1 in 826,"1 in 112,336",27
SMN1,Spinal muscular atrophy silent carrier,AR,General Population,1 in 54,0.91,1 in 590,"1 in 127,440",27
SMPD1,"Niemann-Pick disease, type A/B",AR,General Population,1 in 250,0.95,"1 in 4,981","1 in 4,981,000",28
SMPD1,"Niemann-Pick disease, type A/B",AR,Ashkenazi Jewish Population,1 in 115,0.95,"1 in 2,281","1 in 1,049,260",28
SMPD1,"Niemann-Pick disease, type A/B",AR,Latino Population,1 in 106,0.95,"1 in 2,101","1 in 890,824",28
SNAP29,"Cerebral dysgenesis, neuropathy, ichthyosis, and palmoplantar keratoderma syndrome",AR,General Population,<1 in 500,0.99,"1 in 49,901",<1 in 10 million,28
SNX10,Osteopetrosis 8,AR,General Population,<1 in 500,0.99,"1 in 49,901",<1 in 10 million,28
SP110,Hepatic venoocclusive disease with immunodeficiency,AR,General Population,<1 in 500,0.99,"1 in 49,901",<1 in 10 million,28
SPATA7,Leber congenital amaurosis (LCA) and juvenile retinitis pigmentosa (RP),AR,General Population,<1 in 500,0.99,"1 in 49,901",<1 in 10 million,28
SPG11,SPG11-related Neuromuscular Disorders,AR,General Population,1 in 159,0.99,"1 in 15,801",<1 in 10 million,28
SPG21,Mast syndrome,AR,General Population,<1 in 500,0.99,"1 in 49,901",<1 in 10 million,28
SPG7,Spastic paraplegia type 7,AR,General Population,1 in 159,0.99,"1 in 15,801",<1 in 10 million,28
SPINK5,Netherton syndrome,AR,General Population,1 in 224,0.99,"1 in 23,301",<1 in 10 million,28
SPR,Sepiapterin Reductase Deficiency,AR,General Population,<1 in 500,0.99,"1 in 49,901",<1 in 10 million,28
SRD5A2,5-alpha reductase deficiency,AR,General Population,<1 in 500,0.98,"1 in 24,951",<1 in 10 million,28
ST3GAL5,Salt and pepper developmental regression syndrome,AR,General Population,<1 in 500,0.99,"1 in 49,901",<1 in 10 million,28
STAR,Lipoid congenital adrenal hyperplasia,AR,General Population,<1 in 500,0.98,"1 in 24,951",<1 in 10 million,28
STK4,Combined immunodeficiency due to STK4 deficiency,AR,General Population,<1 in 500,0.99,"1 in 49,901",<1 in 10 million,28
STX11,Familial hemophagocytic lymphohistiocytosis,AR,General Population,1 in 112,0.99,"1 in 11,101","1 in 4,973,248",28
STXBP2,Familial hemophagocytic lymphohistiocytosis,AR,General Population,1 in 112,0.99,"1 in 11,101","1 in 4,973,248",28
SUCLA2,Mitochondrial DNA depletion syndrome 5,AR,General Population,<1 in 500,0.99,"1 in 49,901",<1 in 10 million,28
SUMF1,Multiple sulfatase deficiency,AR,General Population,1 in 500,0.98,"1 in 24,951",<1 in 10 million,28
SUMF1,Multiple sulfatase deficiency,AR,Ashkenazi Jewish Population,1 in 320,0.98,"1 in 15,951",<1 in 10 million,28
SUOX,Sulfite oxidase deficiency,AR,General Population,1 in 300,0.99,"1 in 29,901","1 in 13,395,648",28
SURF1,"Leigh syndrome, SURF1-related",AR,General Population,<1 in 500,0.99,"1 in 49,901",<1 in 10 million,28
SYN1,X-linked epilepsy with variable learning disabilities,XL,General Population,"<1 in 50,000",0.99,"1 in 4,999,901",<1 in 10 million,28
SYNE4,Autosomal recessive deafness 76,AR,General Population,<1 in 500,0.99,"1 in 49,901",<1 in 10 million,28
TANGO2,"Metabolic crises with rhabdomyolysis, cardiac arrhythmias and neurodegeneration",AR,General Population,<1 in 500,0.99,"1 in 49,901",<1 in 10 million,28
TAT,"Tyrosinemia, type II",AR,General Population,1 in 250,0.98,"1 in 12,451",<1 in 10 million,28
TAZ,Barth syndrome,XL,General Population,"<1 in 50,000",0.99,"1 in 4,999,901",<1 in 10 million,28
TBCD,Progressive early-onset encepahlopathy with brain atrophy and thin corpus callosum (PEBAT),AR,General Population,<1 in 500,0.99,"1 in 49,901",<1 in 10 million,28
TBCE,Hypoparathyroidism-retardation- dysmorphism syndrome,AR,General Population,<1 in 500,0.99,"1 in 49,901",<1 in 10 million,28
TBX19,Adrenocorticotropic hormone deficiency,AR,General Population,<1 in 500,0.99,"1 in 49,901",<1 in 10 million,28
TCIRG1,Osteopetrosis 1,AR,General Population,1 in 250,0.98,"1 in 12,451",<1 in 10 million,28
TCN2,Transcobalamin II deficiency,AR,General Population,<1 in 500,0.99,"1 in 49,901",<1 in 10 million,28
TCTN2,TCTN2-related ciliopathies,AR,General Population,<1 in 500,0.99,"1 in 49,901",<1 in 10 million,29
TCTN2,TCTN2-related ciliopathies,AR,Ethiopian Jewish Population,1 in 42,0.99,"1 in 4,101","1 in 688,968",29
TCTN2,TCTN2-related ciliopathies,AR,Yemenite Jewish Population,1 in 78,0.99,"1 in 7,701","1 in 2,402,712",29
TCTN3,Joubert syndrome 18,AR,General Population,<1 in 500,0.99,"1 in 49,901",<1 in 10 million,29
TECPR2,Spastic paraplegia 49,AR,General Population,<1 in 500,0.98,"1 in 24,951",<1 in 10 million,29
TERT,Dyskeratosis congenita type 4,AR,General Population,<1 in 500,0.99,"1 in 49,901",<1 in 10 million,29
TF,Atransferrinemia,AR,General Population,1 in 116,0.99,"1 in 11,501","1 in 5,336,464",29
TFR2,"Hemochromatosis, type 3",AR,General Population,<1 in 500,0.98,"1 in 24,951",<1 in 10 million,29
TG,"Thyroid dyshormonogenesis, TG-related",AR,General Population,1 in 241,0.99,"1 in 24,001",<1 in 10 million,29
TGM1,Congenital ichthyosis,AR,General Population,1 in 224,0.95,"1 in 4,461","1 in 3,997,056",29
TH,Segawa syndrome,AR,General Population,1 in 224,0.98,"1 in 11,151","1 in 9,991,296",29
THOC2,"X-linked Intellectual disability, THOC2-related",XL,General Population,"<1 in 50,000",0.99,"1 in 4,999,901",<1 in 10 million,29
TK2,Mitochondrial DNA depletion syndrome 2,AR,General Population,<1 in 500,0.99,"1 in 49,901",<1 in 10 million,29
TMC1,Nonsyndromic hearing loss 7,AR,General Population,<1 in 500,0.99,"1 in 49,901",<1 in 10 million,29
TMEM138,Joubert syndrome 16,AR,General Population,<1 in 500,0.99,"1 in 49,901",<1 in 10 million,29
TMEM216,TMEM216-related ciliopathies,AR,General Population,1 in 141,0.98,"1 in 7,001","1 in 3,948,564",29
TMEM216,TMEM216-related ciliopathies,AR,Ashkenazi Jewish Population,1 in 92,0.98,"1 in 4,551","1 in 1,674,768",29
TMEM231,Joubert syndrome 20,AR,General Population,<1 in 500,0.99,"1 in 49,901",<1 in 10 million,29
TMEM237,Joubert syndrome 14,AR,General Population,<1 in 500,0.99,"1 in 49,901",<1 in 10 million,29
TMEM38B,"Osteogenesis imperfecta, type XIV",AR,General Population,<1 in 500,0.99,"1 in 49,901",<1 in 10 million,29
TMEM67,COACH syndrome,AR,General Population,<1 in 500,0.99,"1 in 49,901",<1 in 10 million,29
TMEM70,Mitochondrial complex V deficiency type 2,AR,General Population,<1 in 500,0.99,"1 in 49,901",<1 in 10 million,29
TMPRSS3,"Nonsyndromic hearing loss, TMPRSS3-related",AR,General Population,1 in 500,0.98,"1 in 24,951",<1 in 10 million,29
TNFSF11,Osteopetrosis 2,AR,General Population,1 in 250,0.98,"1 in 12,451",<1 in 10 million,29
TNXB,Ehlers-Danlos-like syndrome due to tenascin-X deficiency,AR,General Population,<1 in 500,0.85,"1 in 3,328","1 in 6,655,333",29
TPO,"Thyroid dyshormonogenesis, TPO-related",AR,General Population,1 in 373,0.99,"1 in 37,201",<1 in 10 million,29
TPP1,"Neuronal ceroid lipofuscinosis, TPP1-related",AR,General Population,1 in 252,0.97,"1 in 8,368","1 in 8,434,944",29
TPP1,"Neuronal ceroid lipofuscinosis, TPP1-related",AR,French Canadian Population,1 in 53,0.97,"1 in 1,734","1 in 367,608",29
TRAPPC11,Limb-girdle muscular dystrophy 18,AR,General Population,<1 in 500,0.99,"1 in 49,901",<1 in 10 million,29
TRDN,Catecholaminergic polymorphic ventricular tachycardia,AR,General Population,1 in 354,0.98,"1 in 17,651",<1 in 10 million,29
TREX1,Aicardi-Goutieres syndrome 1,AR,General Population,<1 in 500,0.99,"1 in 49,901",<1 in 10 million,29
TRHR,Generalized thyrotropin-releasing hormone resistance,AR,General Population,<1 in 500,0.99,"1 in 49,901",<1 in 10 million,29
TRIM32,TRIM32-related disorders,AR,General Population,<1 in 500,0.98,"1 in 24,951",<1 in 10 million,29
TRIM32,TRIM32-related disorders,AR,Hutterite Population,1 in 12,0.98,1 in 551,"1 in 26,448",29
TRIM37,Mulibrey nanism,AR,General Population,<1 in 500,0.99,"1 in 49,901",<1 in 10 million,29
TRMU,"Liver failure, acute infantile",AR,General Population,<1 in 500,0.98,"1 in 24,951",<1 in 10 million,29
TRMU,"Liver failure, acute infantile",AR,Yemeni Jewish Population,1 in 34,0.98,"1 in 1,651","1 in 224,536",29
TRPM6,Hypomagnesemia 1,AR,General Population,<1 in 500,0.99,"1 in 49,901",<1 in 10 million,29
TSEN2,Pontocerebellar hypoplasia type 2B,AR,General Population,<1 in 500,0.99,"1 in 49,901",<1 in 10 million,30
TSEN34,Pontocerebellar hypoplasia type 2C,AR,General Population,<1 in 500,0.99,"1 in 49,901",<1 in 10 million,30
TSEN54,Pontocerebellar hypoplasia type 2A,AR,General Population,1 in 250,0.98,"1 in 12,451",<1 in 10 million,30
TSFM,"Combined oxidative phosphorylation deficiency, TSFM-related",AR,General Population,<1 in 500,0.98,"1 in 24,951",<1 in 10 million,30
TSFM,"Combined oxidative phosphorylation deficiency, TSFM-related",AR,Finnish Population,1 in 80,0.98,"1 in 3,951","1 in 1,264,320",30
TSHB,"Congenital hypothyroidism, TSHB-related",AR,General Population,1 in 500,0.99,"1 in 49,901",<1 in 10 million,30
TSHR,"Congenital hypothyroidism, TSHR-related",AR,General Population,1 in 500,0.99,"1 in 49,901",<1 in 10 million,30
TTC37,Trichohepatoenteric syndrome,AR,General Population,1 in 500,0.98,"1 in 24,951",<1 in 10 million,30
TTC7A,Gastrointestinal defects and immunodeficiency syndrome,AR,General Population,<1 in 500,0.99,"1 in 49,901",<1 in 10 million,30
TTC8,Bardet-Biedl syndrome 8,AR,General Population,<1 in 500,0.99,"1 in 49,901",<1 in 10 million,30
TTPA,Ataxia with isolated vitamin E deficiency,AR,General Population,<1 in 500,0.98,"1 in 24,951",<1 in 10 million,30
TTPA,Ataxia with isolated vitamin E deficiency,AR,Caucasian / European Population,1 in 267,0.9,"1 in 2,661","1 in 2,841,948",30
TULP1,TULP1-related retinal disorders,AR,General Population,<1 in 500,0.99,"1 in 49,901",<1 in 10 million,30
TYMP,Mitochondrial neurogastrointestinal encephalopathy (MNGIE) disease,AR,General Population,<1 in 500,0.98,"1 in 24,951",<1 in 10 million,30
TYR,Oculocutaneous albinism types 1A and 1B,AR,General Population,1 in 20,0.99,"1 in 1,901","1 in 152,080",30
TYRP1,"Oculocutaneous albinism, type III",AR,General Population,<1 in 500,0.98,"1 in 24,951",<1 in 10 million,30
TYRP1,"Oculocutaneous albinism, type III",AR,African Population,1 in 47,0.98,"1 in 2,301","1 in 432,588",30
UBR1,Johanson-Blizzard syndrome,AR,General Population,1 in 250,0.99,"1 in 24,901",<1 in 10 million,30
UGT1A1,Crigler-Najjar syndrome,AR,General Population,<1 in 500,0.98,"1 in 24,951",<1 in 10 million,30
UNC13D,Familial hemophagocytic lymphohistiocytosis type 3,AR,General Population,1 in 149,0.99,"1 in 14,801","1 in 8,821,396",30
UNG,Immunodeficiency with Hyper IgM syndrome,AR,General Population,<1 in 500,0.99,"1 in 49,901",<1 in 10 million,30
UPF3B,"Lujan-Fryns syndrome, UPF3B-related",XL,General Population,"<1 in 50,000",0.99,"1 in 4,999,901",<1 in 10 million,30
USH1C,USH1C-related disorders,AR,General Population,1 in 353,0.9,"1 in 3,521","1 in 4,971,652",30
USH1C,USH1C-related disorders,AR,French Canadian Population,1 in 227,0.9,"1 in 2,261","1 in 2,052,988",30
USH1G,Usher syndrome type IG,AR,General Population,1 in 434,0.99,"1 in 43,301",<1 in 10 million,30
USH2A,"Usher syndrome, type 2A",AR,General Population,1 in 126,0.96,"1 in 3,126","1 in 1,575,504",30
USH2A,"Usher syndrome, type 2A",AR,Caucasian / European Population,1 in 73,0.96,"1 in 1,801","1 in 525,892",30
USH2A,"Usher syndrome, type 2A",AR,Ashkenazi Jewish Population,1 in 35,0.99,"1 in 3,401","1 in 476,140",30
USH2A,"Usher syndrome, type 2A",AR,Iranian Jewish Population,1 in 60,0.99,"1 in 5,901","1 in 1,416,240",30
VDR,"Vitamin D-dependent rickets, type 2A",AR,General Population,<1 in 500,0.99,"1 in 49,901",<1 in 10 million,30
VLDLR,"Cerebellar ataxia, mental retardation, and dysequilibrium syndrome 1",AR,General Population,<1 in 500,0.99,"1 in 49,901",<1 in 10 million,30
VPS11,Hypomyelinating leukodystrophy-12,AR,General Population,<1 in 500,0.99,"1 in 49,901",<1 in 10 million,30
VPS13A,Choreoacanthocytosis,AR,General Population,<1 in 500,0.98,"1 in 24,951",<1 in 10 million,30
VPS13B,Cohen syndrome,AR,General Population,<1 in 500,0.98,"1 in 24,951",<1 in 10 million,30
VPS45,"Severe congenital neutropenia, VPS45-related",AR,General Population,1 in 224,0.98,"1 in 11,151","1 in 9,991,296",30
VPS53,Pontocerebellar hypoplasia type 2E,AR,General Population,<1 in 500,0.98,"1 in 24,951",<1 in 10 million,30
VPS53,Pontocerebellar hypoplasia type 2E,AR,Moroccan Jewish Population,1 in 37,0.98,"1 in 1,801","1 in 266,548",30
VRK1,Pontocerebellar hypoplasia type 1A,AR,General Population,<1 in 500,0.98,"1 in 24,951",<1 in 10 million,31
VSX2,Microphthalmia with or without coloboma,AR,General Population,1 in 91,0.98,"1 in 4,501","1 in 1,638,364",31
WAS,WAS-related hematopoietic disorder,XL,General Population,"1 in 125,000",0.99,"1 in 12,499,901",<1 in 10 million,31
WHRN,Usher syndrome type 2D,AR,General Population,1 in 282,0.99,"1 in 28,101",<1 in 10 million,31
WISP3,Progressive pseudorheumatoid dysplasia,AR,General Population,<1 in 500,0.99,"1 in 49,901",<1 in 10 million,31
WNT1,Osteogenesis imperfecta type 15,AR,General Population,<1 in 500,0.99,"1 in 49,901",<1 in 10 million,31
WNT10A,WNT10A-related ectodermal dysplasias,AR,General Population,<1 in 500,0.99,"1 in 49,901",<1 in 10 million,31
WRN,Werner syndrome,AR,General Population,1 in 308,0.98,"1 in 15,351",<1 in 10 million,31
WRN,Werner syndrome,AR,Caucasian / European Population,1 in 112,0.98,"1 in 5,551","1 in 2,486,848",31
WRN,Werner syndrome,AR,Japanese Population,1 in 71,0.98,"1 in 3,501","1 in 994,284",31
XPA,"Xeroderma pigmentosum, group A",AR,General Population,1 in 500,0.99,"1 in 49,901",<1 in 10 million,31
XPA,"Xeroderma pigmentosum, group A",AR,Japanese Population,1 in 74,0.99,"1 in 7,301","1 in 2,161,096",31
XPC,"Xeroderma pigmentosum, group C",AR,General Population,1 in 500,0.99,"1 in 49,901",<1 in 10 million,31
ZAP70,ZAP70-related Immunodeficiency,AR,General Population,<1 in 500,0.99,"1 in 49,901",<1 in 10 million,31
ZBTB24,Immunodeficiency-centromeric instability-facial anomalies syndrome 2,AR,General Population,<1 in 500,0.99,"1 in 49,901",<1 in 10 million,31
ZDHHC9,"X-linked intellectual disability, ZDHHC9-related",XL,General Population,"<1 in 50,000",0.99,"1 in 4,999,901",<1 in 10 million,31
ZFYVE26,Spastic paraplegia 15,AR,General Population,<1 in 500,0.98,"1 in 24,951",<1 in 10 million,31
ZNF469,Brittle cornea syndrome 1,AR,General Population,<1 in 500,0.99,"1 in 49,901",<1 in 10 million,31
ZNF711,"X-linked intellectual disability, ZNF711-related",XL,General Population,"<1 in 50,000",0.93,"1 in 714,272","1 in 2,857,143",31
